#VRML V2.0 utf8
# 3D model generated by easyeda2kicad.py (https://github.com/uPesy/easyeda2kicad.py)

Shape{
    appearance Appearance {
        material  Material 	{
            diffuseColor 0.7529411764705882 0.7529411764705882 0.7529411764705882
            specularColor 0.3764705882352941 0.3764705882352941 0.3764705882352941
            ambientIntensity 0.7529
            transparency 0.0
            shininess 0.5
        }
    }
    geometry IndexedFaceSet {
        ccw TRUE
        solid FALSE
        coord DEF co Coordinate {
            point [
                -0.2854 0.6024 0.4055, -0.286 0.6024 0.4051, -0.286 0.6024 0.5805, -0.6693 0.6024 0.3543, -0.6693 0.6024 0.2835, -0.858 0.6024 0.2835, -1.2499 0.6024 0.3535, -1.2559 0.6024 0.3522, -1.2559 0.6024 0.5805, -0.1278 0.6024 0.618, -0.1238 0.6024 0.6175, -0.1472 0.6024 0.6175, -0.2269 0.6024 0.7117, -0.2565 0.6024 0.7117, -0.2565 0.6024 0.7383, 0.1378 0.6024 0.1181, 0.07 0.6024 0.1181, 0.07 0.6024 0.5805, 0.5318 0.6024 0.7314, 0.5304 0.6024 0.7383, 1.2559 0.6024 0.7383, 0.2395 0.6024 0.8704, 0.2252 0.6024 0.8607, 0.07 0.6024 0.8607, 0.151 0.6024 0.787, 0.133 0.6024 0.7718, 0.07 0.6024 0.7657, 0.2099 0.6024 0.8504, 0.2066 0.6024 0.8474, 0.1857 0.6024 0.8216, 0.1741 0.6024 0.798, 0.1707 0.6024 0.7969, 0.3639 0.6024 0.869, 0.3332 0.6024 0.8809, 1.2559 0.6024 2.2244, 0.07 0.6024 2.2244, 0.3002 0.6024 0.885, 0.2729 0.6024 0.8821, 0.5008 0.6024 0.7993, 0.4951 0.6024 0.8046, 1.2559 0.6024 0.8607, 0.3773 0.6024 0.8607, 0.3799 0.6024 0.8591, 0.4738 0.6024 0.8192, 0.449 0.6024 0.8283, 0.4244 0.6024 0.8312, 0.3956 0.6024 0.8457, 0.4168 0.6024 0.8308, 0.4092 0.6024 0.8298, 1.2559 0.6024 0.7657, 0.5269 0.6024 0.7563, 0.5226 0.6024 0.7657, 0.516 0.6024 0.7801, 0.485 0.6024 0.6346, 0.5041 0.6024 0.6512, 1.2559 0.6024 0.6175, 0.4613 0.6024 0.6225, 0.5201 0.6024 0.6743, 0.5292 0.6024 0.6991, 0.532 0.6024 0.7236, 0.451 0.6024 0.6193, 0.4502 0.6024 0.6175, 0.4444 0.6024 0.6051, 0.4345 0.6024 0.5929, 0.6255 0.6024 0.4114, 0.6102 0.6024 0.4134, 0.4154 0.6024 0.5805, 1.0728 0.6024 0.3464, 1.0606 0.6024 0.337, 0.6673 0.6024 0.3696, 1.0433 0.6024 0.2835, 0.6693 0.6024 0.2835, 1.0433 0.6024 0.2953, 0.6693 0.6024 0.3543, 1.0453 0.6024 0.3106, 1.0512 0.6024 0.3248, 0.6398 0.6024 0.4055, 1.2559 0.6024 0.5805, 0.652 0.6024 0.3961, 0.6614 0.6024 0.3839, 0.4215 0.6024 0.5831, 1.0871 0.6024 0.3523, 0.2406 0.6024 0.4114, 0.2559 0.6024 0.4134, 0.3604 0.6024 0.5805, 0.2712 0.6024 0.4114, 0.2264 0.6024 0.4055, 0.2141 0.6024 0.3961, 0.2048 0.6024 0.3839, 1.2559 0.6024 0.3522, 1.2499 0.6024 0.3535, 1.24 0.6024 0.3543, 0.5512 0.6024 0.3543, 0.315 0.6024 0.3543, 0.5532 0.6024 0.3696, 0.3129 0.6024 0.3696, 0.3071 0.6024 0.3839, 0.2854 0.6024 0.4055, 0.3719 0.6024 0.5761, 0.3879 0.6024 0.5741, 0.1989 0.6024 0.3696, 0.1969 0.6024 0.3543, 1.1416 0.6024 0.3543, 1.1024 0.6024 0.3543, 0.2977 0.6024 0.3961, 0.5591 0.6024 0.3839, 0.5685 0.6024 0.3961, 0.595 0.6024 0.4114, 0.5807 0.6024 0.4055, 0.4062 0.6024 0.5766, 0.3905 0.6024 0.5742, 0.1673 0.6024 0.126, 0.1948 0.6024 0.1619, 0.1796 0.6024 0.1354, 0.1889 0.6024 0.1476, 0.1969 0.6024 0.1772, 0.1531 0.6024 0.1201, 0.07 0.6024 0.6175, 0.3257 0.6024 0.6175, 0.3257 0.6024 0.6173, 0.3336 0.6024 0.6025, 0.3438 0.6024 0.591, 0.357 0.6024 0.5818, 0.1113 0.6024 0.7326, 0.1083 0.6024 0.711, 0.07 0.6024 0.7383, 0.2409 0.6024 0.6567, 0.2363 0.6024 0.6585, 0.2285 0.6024 0.6964, 0.1329 0.6024 0.6479, 0.151 0.6024 0.6326, 0.3381 0.6024 0.6851, 0.2491 0.6024 0.7316, 0.3497 0.6024 0.6956, 0.3638 0.6024 0.7032, 0.2449 0.6024 0.6538, 0.1197 0.6024 0.6662, 0.1498 0.6024 0.7161, 0.1529 0.6024 0.7288, 0.158 0.6024 0.7383, 0.4885 0.6024 0.7383, 0.1114 0.6024 0.6872, 0.2312 0.6024 0.6592, 0.2305 0.6024 0.6591, 0.2285 0.6024 0.6587, 0.4847 0.6024 0.6985, 0.4767 0.6024 0.6849, 0.443 0.6024 0.6781, 0.4648 0.6024 0.6727, 0.4503 0.6024 0.6638, 0.4184 0.6024 0.7001, 0.432 0.6024 0.6907, 0.4902 0.6024 0.7249, 0.4894 0.6024 0.7147, 0.4037 0.6024 0.7057, 0.3879 0.6024 0.7076, 0.3798 0.6024 0.7072, 0.2518 0.6024 0.6386, 0.2516 0.6024 0.6411, 0.3215 0.6024 0.6472, 0.2503 0.6024 0.6462, 0.2477 0.6024 0.6507, 0.1629 0.6024 0.6752, 0.1556 0.6024 0.6855, 0.1511 0.6024 0.6974, 0.1495 0.6024 0.7103, 0.2362 0.6024 0.6186, 0.2406 0.6024 0.6203, 0.2449 0.6024 0.6234, 0.2465 0.6024 0.6249, 0.2494 0.6024 0.6291, 0.2511 0.6024 0.6336, 0.3218 0.6024 0.6337, 0.3215 0.6024 0.6406, 0.1712 0.6024 0.6226, 0.1933 0.6024 0.618, 0.2325 0.6024 0.618, 0.2272 0.6024 0.6585, 0.1973 0.6024 0.6585, 0.1854 0.6024 0.6608, 0.1737 0.6024 0.6662, 0.1639 0.6024 0.6742, 0.2066 0.6024 0.7621, 0.4825 0.6024 0.7558, 0.4882 0.6024 0.741, 0.2013 0.6024 0.7621, 0.1591 0.6024 0.7403, 0.1668 0.6024 0.7489, 0.1771 0.6024 0.7561, 0.1887 0.6024 0.7606, 0.2358 0.6024 0.8198, 0.2376 0.6024 0.8214, 0.3886 0.6024 0.7814, 0.2209 0.6024 0.8019, 0.4756 0.6024 0.7657, 0.3934 0.6024 0.784, 0.2074 0.6024 0.7657, 0.2106 0.6024 0.7805, 0.4083 0.6024 0.7894, 0.4238 0.6024 0.7913, 0.4306 0.6024 0.791, 0.2563 0.6024 0.8344, 0.2771 0.6024 0.8424, 0.3785 0.6024 0.8023, 0.3636 0.6024 0.8201, 0.3456 0.6024 0.8332, 0.2996 0.6024 0.8451, 0.3239 0.6024 0.842, 0.447 0.6024 0.7871, 0.4618 0.6024 0.7793, 0.4733 0.6024 0.769, 0.1286 0.6024 0.7657, 0.1194 0.6024 0.7529, 0.1136 0.6024 0.7383, -0.2772 0.6024 0.629, -0.2772 0.6024 0.6183, -0.286 0.6024 0.6175, -0.286 0.6024 0.7383, -0.275 0.6024 0.7117, -0.275 0.6024 0.701, -0.239 0.6024 0.6604, -0.239 0.6024 0.629, -0.2565 0.6024 0.6604, -0.2565 0.6024 0.629, -0.2724 0.6024 0.6604, -0.2724 0.6024 0.6711, -0.239 0.6024 0.701, -0.239 0.6024 0.6711, -0.2565 0.6024 0.701, -0.2565 0.6024 0.6711, -0.2565 0.6024 0.6175, -0.2565 0.6024 0.6183, -0.2269 0.6024 0.6183, -0.1808 0.6024 0.6349, -0.1822 0.6024 0.6294, -0.1825 0.6024 0.6294, -0.2143 0.6024 0.685, -0.169 0.6024 0.7383, -0.2022 0.6024 0.685, -0.169 0.6024 0.6688, -0.184 0.6024 0.6348, -0.1831 0.6024 0.6317, -0.0992 0.6024 0.667, -0.0996 0.6024 0.6712, -0.0872 0.6024 0.7383, -0.101 0.6024 0.6589, -0.0997 0.6024 0.6625, -0.0991 0.6024 0.6327, -0.1043 0.6024 0.6296, -0.1045 0.6024 0.6295, -0.1045 0.6024 0.6544, -0.1025 0.6024 0.6565, -0.1044 0.6024 0.6545, -0.1096 0.6024 0.6175, -0.1073 0.6024 0.6178, -0.1045 0.6024 0.6175, -0.1045 0.6024 0.6187, -0.0872 0.6024 0.6175, -0.0991 0.6024 0.6206, -0.141 0.6024 0.6836, -0.141 0.6024 0.6722, -0.1067 0.6024 0.6812, -0.1096 0.6024 0.683, -0.1045 0.6024 0.7383, -0.101 0.6024 0.6749, -0.1032 0.6024 0.6781, -0.1045 0.6024 0.6793, -0.1436 0.6024 0.6318, -0.1422 0.6024 0.6281, -0.14 0.6024 0.625, -0.1158 0.6024 0.6854, -0.1252 0.6024 0.6866, -0.1472 0.6024 0.7383, -0.1334 0.6024 0.6858, -0.1403 0.6024 0.6475, -0.1424 0.6024 0.6443, -0.1437 0.6024 0.6408, -0.1442 0.6024 0.6365, -0.1366 0.6024 0.622, -0.1339 0.6024 0.6204, -0.124 0.6024 0.677, -0.1206 0.6024 0.6768, -0.1112 0.6024 0.6681, -0.1174 0.6024 0.676, -0.1148 0.6024 0.6746, -0.1113 0.6024 0.6665, -0.1118 0.6024 0.6647, -0.1127 0.6024 0.6631, -0.1138 0.6024 0.6619, -0.1179 0.6024 0.6593, -0.1309 0.6024 0.6763, -0.1252 0.6024 0.6561, -0.1376 0.6024 0.6741, -0.1297 0.6024 0.6543, -0.1375 0.6024 0.65, -0.113 0.6024 0.673, -0.112 0.6024 0.6715, -0.1115 0.6024 0.6699, -0.1117 0.6024 0.627, -0.1169 0.6024 0.6476, -0.1099 0.6024 0.6508, -0.1184 0.6024 0.6263, -0.1189 0.6024 0.6263, -0.1246 0.6024 0.6444, -0.1249 0.6024 0.627, -0.1322 0.6024 0.6353, -0.132 0.6024 0.6368, -0.1279 0.6024 0.6281, -0.129 0.6024 0.6287, -0.1303 0.6024 0.6299, -0.1313 0.6024 0.6314, -0.1319 0.6024 0.6331, -0.1315 0.6024 0.6386, -0.1306 0.6024 0.6401, -0.1292 0.6024 0.6417, -0.3734 0.6024 0.7657, -0.3431 0.6024 0.7665, -0.3298 0.6024 0.7665, -0.3203 0.6024 0.792, -0.286 0.6024 0.792, -0.286 0.6024 0.7657, -0.3075 0.6024 0.8599, -0.3734 0.6024 0.8607, -0.286 0.6024 0.8607, -0.2814 0.6024 0.792, -0.2724 0.6024 0.7665, -0.2565 0.6024 0.7657, -0.2591 0.6024 0.7665, -0.2565 0.6024 0.8607, -0.286 0.6024 0.8372, -0.2946 0.6024 0.8599, -0.158 0.6024 0.8599, -0.169 0.6024 0.8607, -0.1472 0.6024 0.8607, -0.122 0.6024 0.8086, -0.122 0.6024 0.7771, -0.1472 0.6024 0.8086, -0.1472 0.6024 0.7771, -0.1554 0.6024 0.8086, -0.1602 0.6024 0.7771, -0.1554 0.6024 0.8193, -0.158 0.6024 0.8492, -0.1472 0.6024 0.8193, -0.1472 0.6024 0.8492, -0.122 0.6024 0.8193, -0.122 0.6024 0.8492, -0.1099 0.6024 0.7665, -0.1045 0.6024 0.7657, -0.1472 0.6024 0.7657, -0.169 0.6024 0.7657, -0.1602 0.6024 0.7665, -0.1472 0.6024 0.7665, -0.1045 0.6024 0.8607, -0.1099 0.6024 0.8599, -0.1472 0.6024 0.8599, -1.0453 0.6024 0.3106, -1.0512 0.6024 0.3248, -0.858 0.6024 0.5805, -1.0433 0.6024 0.2953, -1.0433 0.6024 0.2835, -1.0606 0.6024 0.337, -1.0728 0.6024 0.3464, -1.0871 0.6024 0.3523, -1.1024 0.6024 0.3543, -1.1416 0.6024 0.3543, -1.24 0.6024 0.3543, -0.6255 0.6024 0.4114, -0.6398 0.6024 0.4055, -0.6673 0.6024 0.3696, -0.3734 0.6024 0.3543, -0.5512 0.6024 0.3543, -0.5532 0.6024 0.3696, -0.5685 0.6024 0.3961, -0.5807 0.6024 0.4055, -0.3734 0.6024 0.5805, -0.595 0.6024 0.4114, -0.6102 0.6024 0.4134, -0.652 0.6024 0.3961, -0.6614 0.6024 0.3839, -0.5591 0.6024 0.3839, -0.2977 0.6024 0.3961, -0.307 0.6024 0.3839, -0.3129 0.6024 0.3696, -0.315 0.6024 0.3543, -0.2565 0.6024 0.5805, -0.2565 0.6024 0.4133, -0.2712 0.6024 0.4114, -0.1969 0.6024 0.3543, -0.1989 0.6024 0.3696, -0.169 0.6024 0.5805, -0.2048 0.6024 0.3839, -0.2141 0.6024 0.3961, -0.2264 0.6024 0.4055, -0.2406 0.6024 0.4114, -0.2559 0.6024 0.4134, -0.1969 0.6024 0.1772, -0.169 0.6024 0.1273, -0.1948 0.6024 0.1619, -0.1796 0.6024 0.1354, -0.1889 0.6024 0.1476, -0.1673 0.6024 0.126, -0.1472 0.6024 0.5805, -0.1531 0.6024 0.1201, -0.1045 0.6024 0.5805, -0.1378 0.6024 0.1181, -0.1472 0.6024 0.1194, -0.0715 0.6024 0.7758, -0.0821 0.6024 0.7778, -0.0872 0.6024 0.8467, -0.0872 0.6024 0.7801, -0.0902 0.6024 0.8456, -0.0912 0.6024 0.7819, -0.0912 0.6024 0.8451, -0.0807 0.6024 0.8492, -0.0342 0.6024 0.8072, -0.0359 0.6024 0.7982, -0.0391 0.6024 0.7908, -0.0438 0.6024 0.8402, -0.0386 0.6024 0.8331, -0.0501 0.6024 0.8455, -0.0575 0.6024 0.8489, -0.0692 0.6024 0.8506, -0.0656 0.6024 0.8505, -0.0339 0.6024 0.8122, -0.0355 0.6024 0.8251, -0.0431 0.6024 0.7855, -0.045 0.6024 0.7837, -0.0511 0.6024 0.7794, -0.0577 0.6024 0.7768, -0.0671 0.6024 0.7757, -0.0791 0.6024 0.8607, -0.0814 0.6024 0.8605, -0.0872 0.6024 0.8607, -0.0872 0.6024 0.8588, -0.0912 0.6024 0.8577, -0.0692 0.6024 0.8615, -0.0872 0.6024 2.2244, -0.0691 0.6024 0.8615, -0.0255 0.6024 2.2244, -0.0626 0.6024 0.8607, -0.0255 0.6024 0.8607, -0.028 0.6024 0.8389, -0.0348 0.6024 0.8477, -0.037 0.6024 0.8499, -0.0458 0.6024 0.856, -0.0555 0.6024 0.8598, -0.0199 0.6024 0.8607, -0.0236 0.6024 0.8285, -0.0255 0.6024 0.8329, -0.0255 0.6024 0.7902, -0.0232 0.6024 0.7962, -0.0199 0.6024 0.7657, -0.0213 0.6024 0.8114, -0.0215 0.6024 0.8163, -0.0496 0.6024 0.7673, -0.0408 0.6024 0.7714, -0.0255 0.6024 0.7657, -0.0333 0.6024 0.7777, -0.027 0.6024 0.7864, -0.0572 0.6024 0.7657, -0.0255 0.6024 0.7383, -0.0597 0.6024 0.7652, -0.0654 0.6024 0.7649, -0.0736 0.6024 0.7657, -0.0912 0.6024 0.7704, -0.0896 0.6024 0.7696, -0.0872 0.6024 0.7657, -0.0872 0.6024 0.7688, -0.0796 0.6024 0.7663, -0.034 0.6024 0.6497, -0.0362 0.6024 0.669, -0.0316 0.6024 0.6459, -0.0302 0.6024 0.6416, -0.0833 0.6024 0.6183, -0.0716 0.6024 0.6183, -0.062 0.6024 0.6766, -0.058 0.6024 0.677, -0.0518 0.6024 0.6579, -0.0821 0.6024 0.6711, -0.0833 0.6024 0.6612, -0.0374 0.6024 0.6528, -0.0421 0.6024 0.6554, -0.0442 0.6024 0.6741, -0.0516 0.6024 0.6764, -0.0255 0.6024 0.6175, -0.0393 0.6024 0.6192, -0.0354 0.6024 0.622, -0.0362 0.6024 0.6803, -0.0296 0.6024 0.6362, -0.0303 0.6024 0.6304, -0.0716 0.6024 0.6286, -0.0712 0.6024 0.6286, -0.0692 0.6024 0.6255, -0.0654 0.6024 0.6216, -0.0343 0.6024 0.623, -0.0318 0.6024 0.6265, -0.0716 0.6024 0.6607, -0.0712 0.6024 0.6659, -0.0699 0.6024 0.67, -0.0686 0.6024 0.6724, -0.0386 0.6024 0.6817, -0.0472 0.6024 0.6851, -0.0591 0.6024 0.6866, -0.0672 0.6024 0.6857, -0.0719 0.6024 0.6841, -0.0756 0.6024 0.6817, -0.0777 0.6024 0.6797, -0.0802 0.6024 0.6761, -0.0668 0.6024 0.6743, -0.0647 0.6024 0.6757, -0.0572 0.6024 0.6175, -0.057 0.6024 0.6174, -0.0872 0.6024 0.5805, -0.0255 0.6024 0.5805, -0.0508 0.6024 0.6167, -0.044 0.6024 0.6175, -0.0438 0.6024 0.6175, -0.169 0.6024 0.6175, -0.169 0.6024 0.6374, -0.1503 0.6024 0.685, -0.1633 0.6024 0.685, -0.1764 0.6024 0.6184, -0.176 0.6024 0.6175, -0.1713 0.6024 0.6063, -0.1527 0.6024 0.5878, -0.1527 0.6024 0.5982, -0.1668 0.6024 0.5996, -0.1689 0.6024 0.602, -0.169 0.6024 0.6021, -0.1172 0.6024 0.6167, -0.1551 0.6024 0.5975, -0.1593 0.6024 0.5969, -0.169 0.6024 0.589, -0.1649 0.6024 0.5874, -0.1602 0.6024 0.5869, -0.1576 0.6024 0.587, -0.1624 0.6024 0.5973, -0.1649 0.6024 0.5983, -0.184 0.6024 0.6082, -0.1787 0.6024 0.5979, -0.1877 0.6024 0.6175, -0.1744 0.6024 0.5928, -0.1736 0.6024 0.592, -0.1696 0.6024 0.5892, -0.0255 0.6024 0.1181, -0.0872 0.6024 0.1181, -0.1045 0.6024 0.1181, -0.0617 0.6024 0.6192, -0.858 0.6024 0.6175, -0.3734 0.6024 0.6175, -0.0163 0.6024 0.7117, -0.0163 0.6024 0.701, -0.0199 0.6024 0.7383, -0.0184 0.6024 0.629, -0.0199 0.6024 0.6175, -0.0184 0.6024 0.6183, 0.0318 0.6024 0.6183, 0.0318 0.6024 0.7117, -0.0199 0.6024 0.5805, -0.0199 0.6024 0.1181, 0.0197 0.6024 0.6604, 0.0197 0.6024 0.629, -0.0137 0.6024 0.6604, -0.0137 0.6024 0.6711, 0.0197 0.6024 0.6711, 0.0197 0.6024 0.701, -0.2948 0.6024 0.6183, -0.3683 0.6024 0.6493, -0.3637 0.6024 0.6397, -0.3568 0.6024 0.6314, -0.3471 0.6024 0.6244, -0.3364 0.6024 0.6203, -0.3205 0.6024 0.6183, -0.2948 0.6024 0.7117, -0.3214 0.6024 0.7117, -0.3734 0.6024 0.7383, -0.3357 0.6024 0.7101, -0.347 0.6024 0.706, -0.3568 0.6024 0.6993, -0.36 0.6024 0.6962, -0.3658 0.6024 0.688, -0.3693 0.6024 0.6791, -0.3709 0.6024 0.6662, -0.3706 0.6024 0.6603, -0.3894 0.6024 0.6183, -0.376 0.6024 0.6183, -0.4468 0.6024 0.6183, -0.4372 0.6024 0.6439, -0.3983 0.6024 0.6439, -0.4116 0.6024 0.7117, -0.4245 0.6024 0.7117, 0.0197 0.6024 0.8599, 0.0197 0.6024 0.7771, -0.0175 0.6024 0.7771, 0.0318 0.6024 0.8599, -0.0175 0.6024 0.7665, 0.0318 0.6024 0.7665, -0.2513 0.6024 0.7975, -0.2467 0.6024 0.7879, -0.2398 0.6024 0.7796, -0.2301 0.6024 0.7726, -0.2045 0.6024 0.8599, -0.2187 0.6024 0.8583, -0.23 0.6024 0.8542, -0.2194 0.6024 0.7684, -0.2035 0.6024 0.7665, -0.1778 0.6024 0.7665, -0.1778 0.6024 0.8599, -0.2398 0.6024 0.8475, -0.243 0.6024 0.8444, -0.2488 0.6024 0.8362, -0.2523 0.6024 0.8273, -0.2539 0.6024 0.8144, -0.2536 0.6024 0.8085, -0.4601 0.6024 0.6183, -0.858 0.6024 0.7383, -0.858 0.6024 0.7657, -0.858 0.6024 0.8607, -1.2559 0.6024 0.6175, -1.2559 0.6024 0.7383, -1.2559 0.6024 0.7657, -1.2559 0.6024 0.8607, -0.0199 0.6024 2.2244, -1.2559 0.6024 2.2244, -0.858 0.6024 2.2244, -0.3734 0.6024 2.2244, -0.286 0.6024 2.2244, -0.2565 0.6024 2.2244, -0.169 0.6024 2.2244, -0.1472 0.6024 2.2244, -0.1045 0.6024 2.2244
            ]
        }
        coordIndex [
            0,1,2,-1,3,4,5,-1,6,7,8,-1,9,10,11,-1,12,13,14,-1,15,16,17,-1,18,19,20,-1,21,22,23,-1,24,25,23,-1,23,25,26,-1,22,27,23,-1,23,27,28,-1,23,28,29,-1,29,30,23,-1,23,30,31,-1,23,31,24,-1,32,33,34,-1,34,33,35,-1,35,33,36,-1,35,36,37,-1,38,39,40,-1,32,34,41,-1,41,34,40,-1,41,40,42,-1,39,43,40,-1,40,43,44,-1,40,44,42,-1,42,44,45,-1,42,45,46,-1,46,45,47,-1,46,47,48,-1,20,19,49,-1,19,50,49,-1,49,50,51,-1,49,51,40,-1,40,51,52,-1,40,52,38,-1,53,54,55,-1,53,55,56,-1,54,57,55,-1,55,57,58,-1,55,58,20,-1,20,58,59,-1,20,59,18,-1,60,56,61,-1,61,56,55,-1,61,55,62,-1,62,55,63,-1,64,65,66,-1,67,68,69,-1,70,71,72,-1,72,71,73,-1,72,73,74,-1,74,73,69,-1,74,69,75,-1,75,69,68,-1,76,77,78,-1,78,77,79,-1,76,64,77,-1,77,64,66,-1,77,66,55,-1,55,66,80,-1,55,80,63,-1,79,77,69,-1,69,77,81,-1,69,81,67,-1,82,17,83,-1,83,17,84,-1,83,84,85,-1,82,86,17,-1,17,86,87,-1,17,87,88,-1,89,90,77,-1,77,90,91,-1,92,93,94,-1,94,93,95,-1,94,95,96,-1,85,84,97,-1,97,84,98,-1,97,98,99,-1,88,100,17,-1,17,100,101,-1,17,101,15,-1,91,102,77,-1,77,102,103,-1,77,103,81,-1,96,104,94,-1,94,104,97,-1,94,97,105,-1,105,97,99,-1,105,99,106,-1,65,107,66,-1,66,107,108,-1,66,108,109,-1,109,108,106,-1,109,106,110,-1,110,106,99,-1,111,112,113,-1,113,112,114,-1,101,115,15,-1,15,115,112,-1,15,112,116,-1,116,112,111,-1,117,118,17,-1,17,118,119,-1,17,119,120,-1,120,121,17,-1,17,121,122,-1,17,122,84,-1,123,124,125,-1,126,127,128,-1,129,130,117,-1,131,132,133,-1,133,132,134,-1,126,128,135,-1,129,117,136,-1,137,138,132,-1,132,138,139,-1,132,139,140,-1,125,124,117,-1,117,124,141,-1,117,141,136,-1,127,142,128,-1,128,142,143,-1,128,143,144,-1,145,146,147,-1,147,146,148,-1,147,148,149,-1,150,140,151,-1,151,140,152,-1,151,152,147,-1,147,152,153,-1,147,153,145,-1,150,154,140,-1,140,154,155,-1,140,155,132,-1,132,155,156,-1,132,156,134,-1,157,158,159,-1,159,158,160,-1,159,160,128,-1,128,160,161,-1,128,161,135,-1,162,163,128,-1,128,163,164,-1,128,164,132,-1,132,164,165,-1,132,165,137,-1,166,167,118,-1,118,167,168,-1,118,168,169,-1,169,170,118,-1,118,170,171,-1,118,171,172,-1,172,171,157,-1,172,157,173,-1,173,157,159,-1,130,174,117,-1,117,174,175,-1,117,175,118,-1,118,175,176,-1,118,176,166,-1,144,177,128,-1,128,177,178,-1,128,178,179,-1,179,180,128,-1,128,180,181,-1,128,181,162,-1,182,183,184,-1,184,140,182,-1,182,140,139,-1,182,139,185,-1,185,139,186,-1,186,187,185,-1,185,187,188,-1,185,188,189,-1,190,191,192,-1,190,192,193,-1,194,192,195,-1,183,182,194,-1,194,182,196,-1,194,196,192,-1,192,196,197,-1,192,197,193,-1,195,198,194,-1,194,198,199,-1,194,199,200,-1,191,201,192,-1,192,201,202,-1,192,202,203,-1,203,202,204,-1,204,202,205,-1,205,202,206,-1,205,206,207,-1,208,209,200,-1,200,209,210,-1,200,210,194,-1,25,211,26,-1,26,211,212,-1,26,212,125,-1,125,212,213,-1,125,213,123,-1,214,215,216,-1,14,13,217,-1,217,13,218,-1,217,218,219,-1,220,221,222,-1,222,221,223,-1,222,223,224,-1,224,223,214,-1,224,214,225,-1,226,227,228,-1,228,227,229,-1,228,229,219,-1,216,215,230,-1,230,215,231,-1,230,231,232,-1,233,234,235,-1,236,237,238,-1,238,237,239,-1,238,239,240,-1,240,239,233,-1,240,233,241,-1,241,233,235,-1,242,243,244,-1,245,246,247,-1,248,249,250,-1,245,247,251,-1,248,250,247,-1,247,250,252,-1,247,252,251,-1,253,254,255,-1,255,254,256,-1,255,256,257,-1,257,256,258,-1,257,258,247,-1,259,260,11,-1,261,262,263,-1,243,264,244,-1,244,264,265,-1,244,265,263,-1,263,265,266,-1,263,266,261,-1,267,268,11,-1,11,268,269,-1,262,270,263,-1,263,270,271,-1,263,271,272,-1,272,271,273,-1,272,273,259,-1,274,275,260,-1,260,275,276,-1,260,276,11,-1,11,276,277,-1,11,277,267,-1,269,278,11,-1,11,278,279,-1,11,279,9,-1,280,281,282,-1,282,281,283,-1,282,283,284,-1,282,285,280,-1,280,285,286,-1,280,286,287,-1,287,288,280,-1,280,288,289,-1,280,289,290,-1,290,289,291,-1,290,291,292,-1,292,291,293,-1,292,293,260,-1,260,293,294,-1,260,294,274,-1,295,296,284,-1,284,296,297,-1,284,297,282,-1,298,299,249,-1,249,299,300,-1,249,300,250,-1,298,301,299,-1,299,301,302,-1,299,302,303,-1,303,302,304,-1,303,305,306,-1,304,307,303,-1,303,307,308,-1,303,308,309,-1,309,310,303,-1,303,310,311,-1,303,311,305,-1,306,312,303,-1,303,312,313,-1,303,313,314,-1,315,316,317,-1,318,319,317,-1,317,319,320,-1,317,320,315,-1,316,315,321,-1,321,315,322,-1,321,322,323,-1,319,324,320,-1,320,324,325,-1,320,325,326,-1,326,325,327,-1,326,327,328,-1,328,327,329,-1,328,329,323,-1,323,329,330,-1,323,330,321,-1,331,332,333,-1,334,335,336,-1,336,335,337,-1,336,337,338,-1,338,337,339,-1,338,339,340,-1,340,339,341,-1,340,341,342,-1,342,341,343,-1,342,343,344,-1,344,343,345,-1,346,347,348,-1,331,341,332,-1,332,341,339,-1,332,339,349,-1,349,339,350,-1,349,350,348,-1,348,350,351,-1,348,351,346,-1,352,353,333,-1,333,353,354,-1,333,354,331,-1,355,356,357,-1,355,5,358,-1,358,5,359,-1,356,360,357,-1,357,360,361,-1,357,361,362,-1,362,363,8,-1,363,364,8,-1,8,364,365,-1,8,365,6,-1,366,367,357,-1,355,357,5,-1,5,357,368,-1,5,368,3,-1,369,370,371,-1,372,373,374,-1,374,373,375,-1,374,375,376,-1,366,357,376,-1,367,377,357,-1,357,377,378,-1,357,378,368,-1,369,371,374,-1,374,371,379,-1,374,379,372,-1,1,380,374,-1,374,380,381,-1,374,381,369,-1,369,381,382,-1,369,382,383,-1,384,385,2,-1,2,385,386,-1,2,386,0,-1,387,388,389,-1,389,388,390,-1,389,390,391,-1,391,392,389,-1,389,392,393,-1,389,393,384,-1,384,393,394,-1,384,394,385,-1,395,396,397,-1,397,396,398,-1,397,398,399,-1,395,387,396,-1,396,387,389,-1,396,389,400,-1,400,389,401,-1,400,401,402,-1,403,404,401,-1,401,404,405,-1,401,405,402,-1,406,407,408,-1,408,407,409,-1,408,409,410,-1,410,409,411,-1,410,411,412,-1,412,411,347,-1,412,347,352,-1,352,347,346,-1,352,346,353,-1,413,414,408,-1,408,414,415,-1,408,415,416,-1,417,418,419,-1,419,418,420,-1,413,421,414,-1,414,421,422,-1,414,422,423,-1,423,422,420,-1,423,420,424,-1,424,420,418,-1,416,425,408,-1,408,425,426,-1,408,426,427,-1,427,428,408,-1,408,428,429,-1,408,429,406,-1,430,431,432,-1,432,431,433,-1,432,433,352,-1,352,433,434,-1,352,434,412,-1,435,436,437,-1,437,436,438,-1,437,438,439,-1,440,441,442,-1,442,443,440,-1,440,443,444,-1,440,444,445,-1,446,447,440,-1,440,447,448,-1,440,448,441,-1,449,450,451,-1,451,450,452,-1,451,452,446,-1,446,452,453,-1,446,453,447,-1,454,455,456,-1,455,457,456,-1,456,457,458,-1,456,458,449,-1,454,456,459,-1,459,456,460,-1,459,460,461,-1,461,460,462,-1,462,460,244,-1,462,244,463,-1,411,464,347,-1,347,464,465,-1,347,465,466,-1,466,465,467,-1,466,467,468,-1,469,470,471,-1,471,470,472,-1,257,473,474,-1,475,476,477,-1,244,478,479,-1,469,480,470,-1,470,480,481,-1,470,481,482,-1,482,481,477,-1,482,477,483,-1,483,477,476,-1,246,242,247,-1,247,242,244,-1,247,244,257,-1,257,244,479,-1,257,479,473,-1,484,485,486,-1,470,487,472,-1,472,487,460,-1,472,460,488,-1,488,460,484,-1,488,484,489,-1,490,491,474,-1,474,491,492,-1,474,492,493,-1,486,494,484,-1,484,494,495,-1,484,495,489,-1,496,497,477,-1,477,497,498,-1,477,498,499,-1,487,500,460,-1,460,500,501,-1,460,501,244,-1,244,501,502,-1,502,503,244,-1,244,503,504,-1,244,504,505,-1,505,506,244,-1,244,506,507,-1,244,507,478,-1,499,508,477,-1,477,508,509,-1,477,509,475,-1,510,511,512,-1,512,511,513,-1,511,514,513,-1,513,514,515,-1,513,515,484,-1,484,515,516,-1,484,516,485,-1,517,518,11,-1,11,518,519,-1,259,11,272,-1,272,11,519,-1,272,519,237,-1,237,519,520,-1,237,520,239,-1,521,518,522,-1,522,518,517,-1,522,517,523,-1,401,524,525,-1,526,527,517,-1,517,527,528,-1,517,528,523,-1,529,403,10,-1,10,403,401,-1,10,401,11,-1,11,401,525,-1,11,525,517,-1,517,525,530,-1,517,530,531,-1,532,533,389,-1,389,533,534,-1,389,534,401,-1,401,534,535,-1,401,535,524,-1,531,536,517,-1,517,536,537,-1,517,537,526,-1,538,539,384,-1,538,384,540,-1,539,541,384,-1,384,541,542,-1,384,542,389,-1,389,542,543,-1,389,543,532,-1,513,544,512,-1,512,544,545,-1,512,545,403,-1,403,545,546,-1,403,546,404,-1,529,253,403,-1,403,253,255,-1,403,255,512,-1,512,255,257,-1,512,257,510,-1,510,257,474,-1,510,474,547,-1,547,474,493,-1,2,216,384,-1,384,216,230,-1,384,230,540,-1,540,230,232,-1,540,232,236,-1,236,232,12,-1,236,12,237,-1,237,12,14,-1,376,357,374,-1,374,357,548,-1,374,548,549,-1,550,551,552,-1,552,551,553,-1,552,553,554,-1,554,553,555,-1,554,555,556,-1,557,125,556,-1,556,125,117,-1,556,117,554,-1,554,117,17,-1,554,17,558,-1,558,17,16,-1,558,16,559,-1,560,561,562,-1,562,561,553,-1,562,553,563,-1,563,553,551,-1,563,551,564,-1,564,551,565,-1,229,225,219,-1,219,225,214,-1,219,214,217,-1,217,214,216,-1,217,216,566,-1,567,568,549,-1,549,568,569,-1,569,570,549,-1,549,570,571,-1,549,571,572,-1,1,374,2,-1,2,374,549,-1,2,549,216,-1,216,549,572,-1,216,572,566,-1,566,573,217,-1,217,573,574,-1,217,574,575,-1,575,574,576,-1,575,576,577,-1,577,578,575,-1,575,578,579,-1,575,579,580,-1,580,581,575,-1,575,581,582,-1,575,582,549,-1,549,582,583,-1,549,583,567,-1,584,585,549,-1,586,587,588,-1,549,585,575,-1,575,585,589,-1,575,589,590,-1,449,451,456,-1,456,451,552,-1,456,552,460,-1,460,552,554,-1,460,554,484,-1,484,554,558,-1,484,558,513,-1,513,558,559,-1,513,559,544,-1,575,315,217,-1,217,315,320,-1,217,320,14,-1,14,320,326,-1,14,326,237,-1,237,326,349,-1,237,349,272,-1,272,349,348,-1,272,348,263,-1,263,348,347,-1,263,347,244,-1,244,347,466,-1,244,466,463,-1,463,466,468,-1,591,592,593,-1,23,594,591,-1,23,591,446,-1,446,591,593,-1,446,593,451,-1,451,593,595,-1,451,595,596,-1,594,23,596,-1,596,23,26,-1,596,26,451,-1,451,26,125,-1,451,125,552,-1,552,125,557,-1,552,557,550,-1,597,598,326,-1,326,598,599,-1,326,599,600,-1,332,601,328,-1,328,601,602,-1,328,602,603,-1,600,604,326,-1,326,604,605,-1,326,605,349,-1,349,605,606,-1,349,606,332,-1,332,606,607,-1,332,607,601,-1,603,608,328,-1,328,608,609,-1,328,609,610,-1,610,611,328,-1,328,611,612,-1,328,612,326,-1,326,612,613,-1,326,613,597,-1,588,584,586,-1,586,584,549,-1,586,549,614,-1,614,549,548,-1,614,548,590,-1,590,548,615,-1,590,615,575,-1,575,615,616,-1,575,616,315,-1,315,616,617,-1,315,617,322,-1,362,8,357,-1,357,8,618,-1,357,618,548,-1,548,618,619,-1,548,619,615,-1,615,619,620,-1,615,620,616,-1,616,620,621,-1,616,621,617,-1,445,439,440,-1,440,439,438,-1,440,438,446,-1,446,438,622,-1,446,622,23,-1,23,622,35,-1,23,35,21,-1,21,35,37,-1,621,623,617,-1,617,623,624,-1,617,624,322,-1,322,624,625,-1,322,625,323,-1,323,625,626,-1,323,626,328,-1,328,626,627,-1,328,627,332,-1,332,627,628,-1,332,628,333,-1,333,628,629,-1,333,629,352,-1,352,629,630,-1,352,630,432,-1,432,630,436,-1,432,436,430,-1,430,436,435,-1,
        ]
    }
}
Shape{
    appearance Appearance {
        material  Material 	{
            diffuseColor 0.25098039215686274 0.25098039215686274 0.25098039215686274
            specularColor 0.12549019607843137 0.12549019607843137 0.12549019607843137
            ambientIntensity 0.251
            transparency 0.0
            shininess 0.5
        }
    }
    geometry IndexedFaceSet {
        ccw TRUE
        solid FALSE
        coord DEF co Coordinate {
            point [
                0.0512 0.1329 1.2402, 0.0 0.1378 1.2402, 0.0 0.128 1.2402, -0.0512 0.1329 1.2402, -0.1487 0.1336 1.2402, -1.1594 0.2362 1.1417, -0.248 0.1329 1.2402, -0.3425 0.1378 1.2402, -1.3035 0.1422 1.2357, -1.3054 0.1378 1.2402, -1.1378 0.1378 1.2402, 1.1594 0.2362 1.1417, 1.2085 0.2286 1.1494, 1.1859 0.234 1.1439, 1.1378 0.1378 1.2402, -1.0276 0.1378 1.2402, -0.9449 0.1378 1.2402, -0.7303 0.1378 1.2402, -0.5472 0.1378 1.2402, 0.1457 0.1378 1.2402, 0.248 0.1378 1.2402, 0.3425 0.1378 1.2402, 0.437 0.1378 1.2402, 0.5472 0.1378 1.2402, 0.6004 0.1378 1.2402, -0.437 0.1378 1.2402, -0.3504 0.1378 1.2402, 1.3054 0.1378 1.2402, 1.3032 0.1421 1.2359, 1.2924 0.1633 1.2147, 1.2833 0.1752 1.2028, 1.2755 0.1854 1.1926, 1.2562 0.2029 1.1751, 1.2552 0.2038 1.1742, 1.0107 0.1378 1.2402, 1.0276 0.1378 1.2402, 1.1603 0.2362 1.1417, 1.1849 0.2343 1.1437, -1.1841 0.2344 1.1436, -1.0433 0.1378 1.2402, 1.2323 0.2185 1.1595, 1.2229 0.2225 1.1555, -1.1858 0.234 1.144, -1.2054 0.2295 1.1485, -1.2229 0.2226 1.1554, -1.2836 0.1753 1.2026, -1.2701 0.191 1.1869, -1.256 0.2026 1.1753, -1.228 0.2206 1.1574, -1.25 0.2076 1.1703, -1.2871 0.1713 1.2067, -1.3009 0.1481 1.2298
            ]
        }
        coordIndex [
            0,1,2,-1,2,1,3,-1,4,5,6,-1,6,5,7,-1,8,9,10,-1,0,11,1,-1,1,11,5,-1,1,5,3,-1,3,5,4,-1,12,13,14,-1,15,16,5,-1,5,16,17,-1,5,17,18,-1,0,19,11,-1,11,19,20,-1,11,20,21,-1,21,22,11,-1,11,22,23,-1,11,23,24,-1,18,25,5,-1,5,25,26,-1,5,26,7,-1,27,28,14,-1,14,28,29,-1,14,29,30,-1,30,31,14,-1,14,31,32,-1,14,32,33,-1,24,34,11,-1,11,34,35,-1,11,35,36,-1,36,35,14,-1,36,14,37,-1,37,14,13,-1,38,10,5,-1,5,10,39,-1,5,39,15,-1,33,40,14,-1,14,40,41,-1,14,41,12,-1,38,42,10,-1,10,42,43,-1,10,43,44,-1,45,10,46,-1,46,10,47,-1,44,48,10,-1,10,48,49,-1,10,49,47,-1,45,50,10,-1,10,50,51,-1,10,51,8,-1,
        ]
    }
}
Shape{
    appearance Appearance {
        material  Material 	{
            diffuseColor 1.0 1.0 0.0
            specularColor 1.0 1.0 0.0
            ambientIntensity 0.886
            transparency 0.0
            shininess 0.5
        }
    }
    geometry IndexedFaceSet {
        ccw TRUE
        solid FALSE
        coord DEF co Coordinate {
            point [
                -1.1378 0.1378 1.2402, -1.1378 0.1378 2.0866, -1.0433 0.1378 1.2402, -1.0276 0.1378 2.0866, -1.0276 0.1378 1.2402
            ]
        }
        coordIndex [
            0,1,2,-1,2,1,3,-1,2,3,4,-1,
        ]
    }
}
Shape{
    appearance Appearance {
        material  Material 	{
            diffuseColor 0.25098039215686274 0.25098039215686274 0.25098039215686274
            specularColor 0.12549019607843137 0.12549019607843137 0.12549019607843137
            ambientIntensity 0.251
            transparency 0.0
            shininess 0.5
        }
    }
    geometry IndexedFaceSet {
        ccw TRUE
        solid FALSE
        coord DEF co Coordinate {
            point [
                -1.0276 0.1378 1.2402, -1.0276 0.128 1.2402, -0.9449 0.1378 1.2402, -0.9449 0.128 1.2402
            ]
        }
        coordIndex [
            0,1,2,-1,2,1,3,-1,
        ]
    }
}
Shape{
    appearance Appearance {
        material  Material 	{
            diffuseColor 1.0 1.0 0.0
            specularColor 1.0 1.0 0.0
            ambientIntensity 0.886
            transparency 0.0
            shininess 0.5
        }
    }
    geometry IndexedFaceSet {
        ccw TRUE
        solid FALSE
        coord DEF co Coordinate {
            point [
                -0.0512 0.1378 1.8898, -0.0512 0.1329 1.2402, -0.1457 0.1378 1.8898, -0.1487 0.1336 1.2402, 0.0512 0.1331 1.9164, 0.0512 0.1368 1.9023, 0.0512 0.128 1.9279, 0.0512 0.1378 1.8898, 0.0512 0.1329 1.2402, -0.0512 0.1368 1.9023, -0.0512 0.1331 1.9164, -0.0512 0.128 1.9279, -0.1457 0.128 1.9279, -0.1457 0.1326 1.9162, -0.1457 0.1353 1.9096, -0.1457 0.1363 1.9022, -0.1457 0.1378 1.8908, -0.248 0.1368 1.9023, -0.248 0.1331 1.9164, -0.248 0.1378 1.8898, -0.248 0.128 1.9279, -0.248 0.1329 1.2402
            ]
        }
        coordIndex [
            0,1,2,-1,2,1,3,-1,4,5,6,-1,6,5,7,-1,6,7,8,-1,9,10,0,-1,0,10,11,-1,0,11,1,-1,2,3,12,-1,13,14,15,-1,13,15,12,-1,12,15,16,-1,12,16,2,-1,17,18,19,-1,19,18,20,-1,19,20,21,-1,
        ]
    }
}
Shape{
    appearance Appearance {
        material  Material 	{
            diffuseColor 0.25098039215686274 0.25098039215686274 0.25098039215686274
            specularColor 0.12549019607843137 0.12549019607843137 0.12549019607843137
            ambientIntensity 0.251
            transparency 0.0
            shininess 0.5
        }
    }
    geometry IndexedFaceSet {
        ccw TRUE
        solid FALSE
        coord DEF co Coordinate {
            point [
                0.0 0.128 1.2402, -0.0512 0.1329 1.2402, -0.0512 0.128 1.9279, -1.0276 0.128 2.1247, -1.1378 0.128 2.1247, -1.2185 0.128 2.2736, 0.437 0.128 1.2402, 0.3425 0.128 1.2402, 0.437 0.128 2.1247, 0.3425 0.128 1.9279, 0.248 0.128 1.9279, 0.248 0.128 1.2402, 0.1457 0.128 1.2402, 0.1457 0.128 1.9279, 0.0512 0.128 1.9279, 1.1614 0.128 1.2402, 1.1378 0.128 1.2402, 1.1614 0.128 1.8622, 1.1378 0.128 2.1247, -0.9449 0.128 1.2402, -1.0276 0.128 1.2402, -1.1378 0.128 1.2402, -1.1614 0.128 1.8622, -1.1614 0.128 1.2402, 1.0276 0.128 1.2402, 0.5472 0.128 1.2402, 1.0276 0.128 2.1247, 0.5472 0.128 2.1247, -0.1984 0.128 1.2402, -0.248 0.1329 1.2402, -0.248 0.128 1.9279, -0.5472 0.128 1.2402, -0.7303 0.128 1.2402, -0.5472 0.128 2.1247, -0.3425 0.128 1.2402, -0.437 0.128 1.2402, -0.3425 0.128 1.9279, -0.437 0.128 2.1247, -1.3106 0.128 1.8799, -1.3135 0.128 1.8857, -1.3146 0.128 1.8879, -1.3163 0.128 1.895, 0.0512 0.1329 1.2402, -0.1457 0.128 1.9279, -1.3169 0.128 2.0276, -1.3169 0.128 1.9016, -1.3167 0.128 1.8968, 1.3072 0.128 1.8756, 1.3016 0.128 1.8707, 1.2992 0.128 1.8686, 1.2934 0.128 1.8656, 1.2912 0.128 1.8645, 1.2841 0.128 1.8629, 1.2823 0.128 1.8625, 1.2776 0.128 1.8622, -0.1487 0.1336 1.2402, -1.2776 0.128 1.8622, -1.2841 0.128 1.863, -1.2876 0.128 1.8634, 1.2185 0.128 2.2736, 1.3169 0.128 2.0276, 1.3169 0.128 1.9016, 1.3161 0.128 1.895, 1.3157 0.128 1.8915, 1.3135 0.128 1.8857, 1.3126 0.128 1.8834, 1.3085 0.128 1.8775, -1.2934 0.128 1.8657, -1.2957 0.128 1.8666, -1.3016 0.128 1.8707, -1.3035 0.128 1.872, -1.3084 0.128 1.8775, -0.7303 0.1378 1.2402, -0.9449 0.1378 1.2402, -0.5472 0.1378 1.2402
            ]
        }
        coordIndex [
            0,1,2,-1,3,4,5,-1,6,7,8,-1,8,7,9,-1,8,9,10,-1,11,12,10,-1,10,12,13,-1,10,13,8,-1,8,13,14,-1,15,16,17,-1,17,16,18,-1,19,20,3,-1,4,21,22,-1,22,21,23,-1,24,25,26,-1,26,25,27,-1,28,29,30,-1,31,32,33,-1,33,32,19,-1,34,35,36,-1,36,35,37,-1,36,37,30,-1,38,39,4,-1,4,39,40,-1,4,40,41,-1,42,0,14,-1,14,0,2,-1,14,2,8,-1,8,2,43,-1,27,8,5,-1,44,5,45,-1,45,5,4,-1,45,4,46,-1,46,4,41,-1,47,48,18,-1,18,48,49,-1,49,50,18,-1,18,50,51,-1,18,51,52,-1,52,53,18,-1,18,53,54,-1,18,54,17,-1,28,30,55,-1,19,3,33,-1,33,3,5,-1,33,5,37,-1,37,5,8,-1,37,8,30,-1,30,8,43,-1,30,43,55,-1,22,56,4,-1,4,56,57,-1,4,57,58,-1,27,5,26,-1,26,5,59,-1,26,59,18,-1,18,59,60,-1,18,60,61,-1,61,62,18,-1,18,62,63,-1,18,63,64,-1,64,65,18,-1,18,65,66,-1,18,66,47,-1,58,67,4,-1,4,67,68,-1,4,68,69,-1,69,70,4,-1,4,70,71,-1,4,71,38,-1,72,73,32,-1,32,73,19,-1,31,74,32,-1,32,74,72,-1,
        ]
    }
}
Shape{
    appearance Appearance {
        material  Material 	{
            diffuseColor 1.0 1.0 0.0
            specularColor 1.0 1.0 0.0
            ambientIntensity 0.886
            transparency 0.0
            shininess 0.5
        }
    }
    geometry IndexedFaceSet {
        ccw TRUE
        solid FALSE
        coord DEF co Coordinate {
            point [
                -0.437 0.1378 2.0866, -0.437 0.1378 1.2402, -0.5472 0.1378 2.0866, -0.5472 0.1378 1.2402
            ]
        }
        coordIndex [
            0,1,2,-1,2,1,3,-1,
        ]
    }
}
Shape{
    appearance Appearance {
        material  Material 	{
            diffuseColor 0.25098039215686274 0.25098039215686274 0.25098039215686274
            specularColor 0.12549019607843137 0.12549019607843137 0.12549019607843137
            ambientIntensity 0.251
            transparency 0.0
            shininess 0.5
        }
    }
    geometry IndexedFaceSet {
        ccw TRUE
        solid FALSE
        coord DEF co Coordinate {
            point [
                -0.437 0.1378 1.2402, -0.437 0.128 1.2402, -0.3504 0.1378 1.2402, -0.3425 0.128 1.2402, -0.3425 0.1378 1.2402
            ]
        }
        coordIndex [
            0,1,2,-1,2,1,3,-1,2,3,4,-1,
        ]
    }
}
Shape{
    appearance Appearance {
        material  Material 	{
            diffuseColor 1.0 1.0 0.0
            specularColor 1.0 1.0 0.0
            ambientIntensity 0.886
            transparency 0.0
            shininess 0.5
        }
    }
    geometry IndexedFaceSet {
        ccw TRUE
        solid FALSE
        coord DEF co Coordinate {
            point [
                -0.248 0.1378 1.8898, -0.248 0.1329 1.2402, -0.3425 0.1378 1.8898, -0.3425 0.1378 1.2402, 0.1457 0.1378 1.8898, 0.1457 0.1378 1.2402, 0.0512 0.1378 1.8898, 0.0512 0.1329 1.2402
            ]
        }
        coordIndex [
            0,1,2,-1,2,1,3,-1,4,5,6,-1,6,5,7,-1,
        ]
    }
}
Shape{
    appearance Appearance {
        material  Material 	{
            diffuseColor 0.25098039215686274 0.25098039215686274 0.25098039215686274
            specularColor 0.12549019607843137 0.12549019607843137 0.12549019607843137
            ambientIntensity 0.251
            transparency 0.0
            shininess 0.5
        }
    }
    geometry IndexedFaceSet {
        ccw TRUE
        solid FALSE
        coord DEF co Coordinate {
            point [
                0.1457 0.1378 1.2402, 0.1457 0.128 1.2402, 0.248 0.1378 1.2402, 0.248 0.128 1.2402
            ]
        }
        coordIndex [
            0,1,2,-1,2,1,3,-1,
        ]
    }
}
Shape{
    appearance Appearance {
        material  Material 	{
            diffuseColor 1.0 1.0 0.0
            specularColor 1.0 1.0 0.0
            ambientIntensity 0.886
            transparency 0.0
            shininess 0.5
        }
    }
    geometry IndexedFaceSet {
        ccw TRUE
        solid FALSE
        coord DEF co Coordinate {
            point [
                0.3425 0.1378 1.8898, 0.3425 0.1378 1.2402, 0.248 0.1378 1.8898, 0.248 0.1378 1.2402
            ]
        }
        coordIndex [
            0,1,2,-1,2,1,3,-1,
        ]
    }
}
Shape{
    appearance Appearance {
        material  Material 	{
            diffuseColor 0.25098039215686274 0.25098039215686274 0.25098039215686274
            specularColor 0.12549019607843137 0.12549019607843137 0.12549019607843137
            ambientIntensity 0.251
            transparency 0.0
            shininess 0.5
        }
    }
    geometry IndexedFaceSet {
        ccw TRUE
        solid FALSE
        coord DEF co Coordinate {
            point [
                0.3425 0.1378 1.2402, 0.3425 0.128 1.2402, 0.437 0.1378 1.2402, 0.437 0.128 1.2402
            ]
        }
        coordIndex [
            0,1,2,-1,2,1,3,-1,
        ]
    }
}
Shape{
    appearance Appearance {
        material  Material 	{
            diffuseColor 1.0 1.0 0.0
            specularColor 1.0 1.0 0.0
            ambientIntensity 0.886
            transparency 0.0
            shininess 0.5
        }
    }
    geometry IndexedFaceSet {
        ccw TRUE
        solid FALSE
        coord DEF co Coordinate {
            point [
                0.5472 0.1378 1.2402, 0.437 0.1378 1.2402, 0.5472 0.1378 2.0866, 0.437 0.1378 2.0866
            ]
        }
        coordIndex [
            0,1,2,-1,2,1,3,-1,
        ]
    }
}
Shape{
    appearance Appearance {
        material  Material 	{
            diffuseColor 0.25098039215686274 0.25098039215686274 0.25098039215686274
            specularColor 0.12549019607843137 0.12549019607843137 0.12549019607843137
            ambientIntensity 0.251
            transparency 0.0
            shininess 0.5
        }
    }
    geometry IndexedFaceSet {
        ccw TRUE
        solid FALSE
        coord DEF co Coordinate {
            point [
                1.0276 0.1378 1.2402, 1.0107 0.1378 1.2402, 1.0276 0.128 1.2402, 0.6004 0.1378 1.2402, 0.5472 0.128 1.2402, 0.5472 0.1378 1.2402
            ]
        }
        coordIndex [
            0,1,2,-1,2,1,3,-1,2,3,4,-1,4,3,5,-1,
        ]
    }
}
Shape{
    appearance Appearance {
        material  Material 	{
            diffuseColor 1.0 1.0 0.0
            specularColor 1.0 1.0 0.0
            ambientIntensity 0.886
            transparency 0.0
            shininess 0.5
        }
    }
    geometry IndexedFaceSet {
        ccw TRUE
        solid FALSE
        coord DEF co Coordinate {
            point [
                1.1378 0.1378 2.0866, 1.1378 0.1378 1.2402, 1.0276 0.1378 2.0866, 1.0276 0.1378 1.2402
            ]
        }
        coordIndex [
            0,1,2,-1,2,1,3,-1,
        ]
    }
}
Shape{
    appearance Appearance {
        material  Material 	{
            diffuseColor 0.25098039215686274 0.25098039215686274 0.25098039215686274
            specularColor 0.12549019607843137 0.12549019607843137 0.12549019607843137
            ambientIntensity 0.251
            transparency 0.0
            shininess 0.5
        }
    }
    geometry IndexedFaceSet {
        ccw TRUE
        solid FALSE
        coord DEF co Coordinate {
            point [
                1.3054 0.1378 1.2402, 1.1735 0.1238 1.2402, 1.1769 0.1204 1.2402, 1.1794 -0.1162 1.2402, 1.1769 -0.1204 1.2402, 1.3054 -0.1378 1.2402, 1.1735 -0.1238 1.2402, 1.1694 -0.1263 1.2402, 1.1647 -0.1277 1.2402, 1.1378 -0.1378 1.2402, 1.1614 -0.128 1.2402, 1.1378 -0.128 1.2402, 1.1378 0.128 1.2402, 1.1614 0.128 1.2402, 1.1378 0.1378 1.2402, 1.1647 0.1277 1.2402, 1.1694 0.1263 1.2402, 1.3147 -0.1051 1.2402, 1.1811 -0.1083 1.2402, 1.1808 -0.1116 1.2402, 1.1794 0.1162 1.2402, 1.1808 0.1116 1.2402, 1.3147 0.1051 1.2402, 1.1811 0.1083 1.2402, 1.3169 0.0787 1.2402, 1.3169 -0.0787 1.2402, 1.1849 0.2343 1.1437, 1.1859 0.234 1.1439, 1.1858 0.234 0.6299, 1.2552 0.2038 1.1742, 1.2562 0.2029 1.1751, 1.2562 0.203 0.6299, 1.3147 0.1051 0.6299, 1.3036 0.1423 0.6299, 1.3032 0.1421 1.2359, 1.3169 0.0787 0.6299, 1.2837 0.1755 0.6299, 1.2755 0.1854 1.1926, 1.2833 0.1752 1.2028, 1.2924 0.1633 1.2147, 1.223 0.2228 0.6299, 1.2085 0.2286 1.1494, 1.2229 0.2225 1.1555, 1.2323 0.2185 1.1595, 1.1594 0.2362 0.6299, 1.1594 0.2362 1.1417, 1.1603 0.2362 1.1417, -1.1594 0.2362 0.6299, -1.1594 0.2362 1.1417, -1.223 0.2228 0.6299, -1.2054 0.2295 1.1485, -1.1858 0.234 0.6299, -1.1858 0.234 1.144, -1.1841 0.2344 1.1436, -1.256 0.2026 1.1753, -1.25 0.2076 1.1703, -1.2562 0.203 0.6299, -1.228 0.2206 1.1574, -1.2229 0.2226 1.1554, -1.2701 0.191 1.1869, -1.2837 0.1755 0.6299, -1.2836 0.1753 1.2026, -1.2871 0.1713 1.2067, -1.3036 0.1423 0.6299, -1.3009 0.1481 1.2298, -1.3147 0.1051 0.6299, -1.3054 0.1378 1.2402, -1.3035 0.1422 1.2357, -1.3169 0.0787 0.6299, -1.3169 0.0787 1.2402, -1.3147 0.1051 1.2402, -1.1769 0.1204 1.2402, -1.1735 0.1238 1.2402, -1.1735 -0.1238 1.2402, -1.1769 -0.1204 1.2402, -1.3054 -0.1378 1.2402, -1.1794 0.1162 1.2402, -1.1694 0.1263 1.2402, -1.1647 0.1277 1.2402, -1.1378 0.1378 1.2402, -1.1614 0.128 1.2402, -1.1378 0.128 1.2402, -1.1378 -0.128 1.2402, -1.1614 -0.128 1.2402, -1.1378 -0.1378 1.2402, -1.1647 -0.1277 1.2402, -1.1694 -0.1263 1.2402, -1.1811 0.1083 1.2402, -1.1808 0.1116 1.2402, -1.1794 -0.1162 1.2402, -1.1808 -0.1116 1.2402, -1.3147 -0.1051 1.2402, -1.1811 -0.1083 1.2402, -1.3169 -0.0787 1.2402
            ]
        }
        coordIndex [
            0,1,2,-1,3,4,5,-1,5,4,6,-1,6,7,5,-1,5,7,8,-1,5,8,9,-1,9,8,10,-1,9,10,11,-1,12,13,14,-1,14,13,15,-1,14,15,0,-1,0,15,16,-1,0,16,1,-1,17,18,5,-1,5,18,19,-1,5,19,3,-1,2,20,0,-1,0,20,21,-1,0,21,22,-1,22,21,23,-1,22,23,24,-1,24,23,18,-1,24,18,25,-1,25,18,17,-1,26,27,28,-1,29,30,31,-1,32,33,34,-1,24,35,22,-1,22,35,32,-1,22,32,0,-1,0,32,34,-1,31,30,36,-1,30,37,36,-1,36,37,38,-1,36,38,33,-1,33,38,39,-1,33,39,34,-1,28,27,40,-1,27,41,40,-1,40,41,42,-1,40,42,31,-1,31,42,43,-1,31,43,29,-1,44,45,28,-1,28,45,46,-1,28,46,26,-1,47,48,44,-1,44,48,45,-1,49,50,51,-1,51,50,52,-1,51,52,47,-1,47,52,53,-1,47,53,48,-1,54,55,56,-1,56,55,57,-1,56,57,49,-1,49,57,58,-1,49,58,50,-1,54,56,59,-1,59,56,60,-1,59,60,61,-1,61,60,62,-1,62,60,63,-1,62,63,64,-1,65,66,63,-1,63,66,67,-1,63,67,64,-1,68,69,65,-1,65,69,70,-1,65,70,66,-1,71,72,66,-1,73,74,75,-1,71,66,76,-1,72,77,66,-1,66,77,78,-1,66,78,79,-1,79,78,80,-1,79,80,81,-1,82,83,84,-1,84,83,85,-1,84,85,75,-1,75,85,86,-1,75,86,73,-1,70,87,66,-1,66,87,88,-1,66,88,76,-1,74,89,75,-1,75,89,90,-1,75,90,91,-1,91,90,92,-1,91,92,93,-1,93,92,87,-1,93,87,69,-1,69,87,70,-1,
        ]
    }
}
Shape{
    appearance Appearance {
        material  Material 	{
            diffuseColor 1.0 1.0 0.0
            specularColor 1.0 1.0 0.0
            ambientIntensity 0.886
            transparency 0.0
            shininess 0.5
        }
    }
    geometry IndexedFaceSet {
        ccw TRUE
        solid FALSE
        coord DEF co Coordinate {
            point [
                -0.437 0.128 1.2402, -0.437 0.1378 1.2402, -0.437 0.1378 2.0866, -0.437 0.1368 2.0992, -0.437 0.1331 2.1133, -0.437 0.128 2.1247, -0.5472 0.1378 2.0866, -0.5472 0.1368 2.0992, -0.5472 0.1331 2.1133, -0.5472 0.128 2.1247, -0.5472 0.1378 1.2402, -0.5472 0.128 1.2402, -1.0276 0.128 1.2402, -1.0276 0.1378 1.2402, -1.0276 0.1378 2.0866, -1.0276 0.1368 2.0992, -1.0276 0.1331 2.1133, -1.0276 0.128 2.1247, -1.1378 0.128 2.1247, -1.1378 0.1378 2.0866, -1.1378 0.1378 2.0876, -1.1378 0.1363 2.0991, -1.1378 0.1353 2.1065, -1.1378 0.1326 2.1131, -1.1378 0.1378 1.2402, -1.1378 0.128 1.2402
            ]
        }
        coordIndex [
            0,1,2,-1,3,4,2,-1,2,4,5,-1,2,5,0,-1,2,6,7,-1,2,7,3,-1,3,7,8,-1,3,8,4,-1,4,8,9,-1,4,9,5,-1,8,7,6,-1,10,11,6,-1,6,11,9,-1,6,9,8,-1,12,13,14,-1,15,16,14,-1,14,16,17,-1,14,17,12,-1,18,17,16,-1,14,19,20,-1,14,20,15,-1,20,21,15,-1,15,21,22,-1,15,22,16,-1,16,22,23,-1,16,23,18,-1,22,21,23,-1,23,21,18,-1,24,25,19,-1,19,25,18,-1,19,18,20,-1,20,18,21,-1,
        ]
    }
}
Shape{
    appearance Appearance {
        material  Material 	{
            diffuseColor 0.25098039215686274 0.25098039215686274 0.25098039215686274
            specularColor 0.12549019607843137 0.12549019607843137 0.12549019607843137
            ambientIntensity 0.251
            transparency 0.0
            shininess 0.5
        }
    }
    geometry IndexedFaceSet {
        ccw TRUE
        solid FALSE
        coord DEF co Coordinate {
            point [
                -1.1614 0.128 1.8622, -1.1614 0.128 1.2402, -1.1647 0.1277 1.2402, -1.1647 0.1277 1.8622, -1.1694 0.1263 1.2402, -1.1694 0.1263 1.8622, -1.1735 0.1238 1.2402, -1.1735 0.1238 1.8622, -1.1769 0.1204 1.2402, -1.1769 0.1204 1.8622, -1.1794 0.1162 1.2402, -1.1794 0.1162 1.8622, -1.1808 0.1116 1.2402, -1.1808 0.1116 1.8622, -1.1811 0.1083 1.2402, -1.1811 0.1083 1.8622, -1.2776 0.128 1.8622, -1.1811 0.0295 1.8622, -1.2776 0.0295 1.8622, -1.2842 0.0295 1.8628, -1.3169 0.128 1.9016, -1.3167 0.128 1.8968, -1.3169 0.0295 1.9016, -1.3164 0.0295 1.895, -1.3163 0.128 1.895, -1.3146 0.128 1.8879, -1.3136 0.0295 1.8857, -1.3135 0.128 1.8857, -1.3106 0.128 1.8799, -1.3086 0.0295 1.8774, -1.3084 0.128 1.8775, -1.3035 0.128 1.872, -1.3018 0.0295 1.8705, -1.3016 0.128 1.8707, -1.2957 0.128 1.8666, -1.2934 0.0295 1.8655, -1.2934 0.128 1.8657, -1.2876 0.128 1.8634, -1.2841 0.128 1.863, -1.3169 -0.0295 1.9016, -1.3169 -0.128 1.9016, -1.3169 -0.128 2.0276, -1.3169 0.128 2.0276, -1.3169 0.0295 1.8504, -1.3169 -0.0295 1.8504, -1.2185 0.128 2.2736, -1.2185 -0.128 2.2736, -1.1988 0.0787 2.3228, -1.1988 -0.0787 2.3228, 1.2185 0.128 2.2736, 1.1988 0.0787 2.3228, 1.3169 -0.128 2.0276, 1.3169 0.128 2.0276, 1.2185 -0.128 2.2736, 1.1988 -0.0787 2.3228, 1.3169 -0.128 1.9016, 1.3169 -0.0295 1.9016, 1.3169 0.128 1.9016, 1.3169 0.0295 1.9016, 1.3169 0.0295 1.8504, 1.3169 -0.0295 1.8504, 1.3164 0.0295 1.895, 1.2776 0.128 1.8622, 1.2823 0.128 1.8625, 1.2776 0.0295 1.8622, 1.2842 0.0295 1.8628, 1.2841 0.128 1.8629, 1.2912 0.128 1.8645, 1.2934 0.0295 1.8655, 1.2934 0.128 1.8656, 1.2992 0.128 1.8686, 1.3018 0.0295 1.8705, 1.3016 0.128 1.8707, 1.3072 0.128 1.8756, 1.3086 0.0295 1.8774, 1.3085 0.128 1.8775, 1.3126 0.128 1.8834, 1.3136 0.0295 1.8857, 1.3135 0.128 1.8857, 1.3157 0.128 1.8915, 1.3161 0.128 1.895, 1.1808 0.1116 1.8622, 1.1794 0.1162 1.8622, 1.1769 0.1204 1.8622, 1.1735 0.1238 1.8622, 1.1694 0.1263 1.8622, 1.1647 0.1277 1.8622, 1.1614 0.128 1.8622, 1.1811 0.0295 1.8622, 1.1811 0.1083 1.8622, 1.1811 0.1083 1.2402, 1.1808 0.1116 1.2402, 1.1794 0.1162 1.2402, 1.1769 0.1204 1.2402, 1.1735 0.1238 1.2402, 1.1694 0.1263 1.2402, 1.1647 0.1277 1.2402, 1.1614 0.128 1.2402
            ]
        }
        coordIndex [
            0,1,2,-1,0,2,3,-1,3,2,4,-1,3,4,5,-1,5,4,6,-1,5,6,7,-1,7,6,8,-1,7,8,9,-1,9,8,10,-1,9,10,11,-1,11,10,12,-1,11,12,13,-1,13,12,14,-1,13,14,15,-1,5,16,3,-1,3,16,0,-1,5,7,16,-1,16,7,9,-1,16,9,11,-1,17,18,15,-1,15,18,16,-1,15,16,13,-1,13,16,11,-1,16,18,19,-1,20,21,22,-1,22,21,23,-1,21,24,23,-1,23,24,25,-1,23,25,26,-1,25,27,26,-1,26,27,28,-1,26,28,29,-1,28,30,29,-1,29,30,31,-1,29,31,32,-1,31,33,32,-1,32,33,34,-1,32,34,35,-1,34,36,35,-1,35,36,37,-1,35,37,19,-1,19,37,38,-1,19,38,16,-1,39,40,41,-1,42,20,22,-1,43,44,22,-1,22,44,39,-1,22,39,42,-1,42,39,41,-1,42,41,45,-1,45,41,46,-1,45,46,47,-1,47,46,48,-1,45,47,49,-1,49,47,50,-1,51,52,53,-1,53,52,49,-1,53,49,54,-1,54,49,50,-1,51,55,52,-1,52,55,56,-1,57,52,58,-1,58,52,56,-1,58,56,59,-1,59,56,60,-1,57,58,61,-1,62,63,64,-1,64,63,65,-1,63,66,65,-1,65,66,67,-1,65,67,68,-1,67,69,68,-1,68,69,70,-1,68,70,71,-1,70,72,71,-1,71,72,73,-1,71,73,74,-1,73,75,74,-1,74,75,76,-1,74,76,77,-1,76,78,77,-1,77,78,79,-1,77,79,61,-1,61,79,80,-1,61,80,57,-1,81,82,62,-1,62,82,83,-1,62,83,84,-1,84,85,62,-1,62,85,86,-1,62,86,87,-1,64,88,62,-1,62,88,89,-1,62,89,81,-1,89,90,91,-1,89,91,81,-1,81,91,92,-1,81,92,82,-1,82,92,93,-1,82,93,83,-1,83,93,94,-1,83,94,84,-1,84,94,95,-1,84,95,85,-1,85,95,96,-1,85,96,86,-1,86,96,97,-1,86,97,87,-1,
        ]
    }
}
Shape{
    appearance Appearance {
        material  Material 	{
            diffuseColor 1.0 1.0 0.0
            specularColor 1.0 1.0 0.0
            ambientIntensity 0.886
            transparency 0.0
            shininess 0.5
        }
    }
    geometry IndexedFaceSet {
        ccw TRUE
        solid FALSE
        coord DEF co Coordinate {
            point [
                1.1378 0.128 1.2402, 1.1378 0.1378 1.2402, 1.1378 0.1378 2.0866, 1.1378 0.1368 2.0992, 1.1378 0.1331 2.1133, 1.1378 0.128 2.1247, 1.0276 0.128 2.1247, 1.0276 0.1331 2.1133, 1.0276 0.1368 2.0992, 1.0276 0.1378 2.0866, 1.0276 0.1378 1.2402, 1.0276 0.128 1.2402, 0.5472 0.128 1.2402, 0.5472 0.1378 1.2402, 0.5472 0.1378 2.0866, 0.5472 0.128 2.1247, 0.5472 0.1368 2.0992, 0.5472 0.1331 2.1133, 0.437 0.128 2.1247, 0.437 0.1331 2.1133, 0.437 0.1368 2.0992, 0.437 0.1378 2.0866, 0.437 0.1378 1.2402, 0.437 0.128 1.2402, 0.3425 0.128 1.2402, 0.3425 0.1378 1.2402, 0.3425 0.1378 1.8898, 0.3425 0.128 1.9279, 0.3425 0.1368 1.9023, 0.3425 0.1331 1.9164, 0.248 0.128 1.9279, 0.248 0.1331 1.9164, 0.248 0.1368 1.9023, 0.248 0.1378 1.8898, 0.248 0.1378 1.2402, 0.248 0.128 1.2402, 0.1457 0.128 1.2402, 0.1457 0.1378 1.2402, 0.1457 0.1378 1.8898, 0.1457 0.128 1.9279, 0.1457 0.1368 1.9023, 0.1457 0.1331 1.9164, 0.0512 0.128 1.9279, 0.0512 0.1331 1.9164, 0.0512 0.1368 1.9023, 0.0512 0.1378 1.8898, -0.1457 0.128 1.9279, -0.0512 0.128 1.9279, -0.0512 0.1331 1.9164, -0.0512 0.1378 1.8898, -0.1457 0.1378 1.8898, -0.1457 0.1378 1.8908, -0.0512 0.1368 1.9023, -0.1457 0.1363 1.9022, -0.1457 0.1353 1.9096, -0.1457 0.1326 1.9162, -0.3425 0.128 1.9279, -0.248 0.128 1.9279, -0.248 0.1331 1.9164, -0.248 0.1378 1.8898, -0.3425 0.1378 1.8898, -0.3425 0.1378 1.8908, -0.248 0.1368 1.9023, -0.3425 0.1363 1.9022, -0.3425 0.1353 1.9096, -0.3425 0.1326 1.9162, -0.3425 0.1378 1.2402, -0.3425 0.128 1.2402
            ]
        }
        coordIndex [
            0,1,2,-1,3,4,2,-1,2,4,5,-1,2,5,0,-1,6,5,4,-1,6,4,7,-1,7,4,3,-1,7,3,8,-1,8,3,2,-1,8,2,9,-1,10,11,9,-1,9,11,6,-1,9,6,8,-1,8,6,7,-1,12,13,14,-1,12,14,15,-1,15,14,16,-1,15,16,17,-1,18,15,17,-1,18,17,19,-1,19,17,16,-1,19,16,20,-1,20,16,14,-1,20,14,21,-1,22,23,21,-1,21,23,18,-1,21,18,20,-1,20,18,19,-1,24,25,26,-1,24,26,27,-1,27,26,28,-1,27,28,29,-1,30,27,29,-1,30,29,31,-1,31,29,28,-1,31,28,32,-1,32,28,26,-1,32,26,33,-1,34,35,33,-1,33,35,30,-1,33,30,32,-1,32,30,31,-1,36,37,38,-1,36,38,39,-1,39,38,40,-1,39,40,41,-1,42,39,41,-1,42,41,43,-1,43,41,40,-1,43,40,44,-1,44,40,38,-1,44,38,45,-1,46,47,48,-1,49,50,51,-1,49,51,52,-1,51,53,52,-1,52,53,54,-1,52,54,48,-1,48,54,55,-1,48,55,46,-1,56,57,58,-1,59,60,61,-1,59,61,62,-1,61,63,62,-1,62,63,64,-1,62,64,58,-1,58,64,65,-1,58,65,56,-1,64,63,65,-1,65,63,56,-1,66,67,60,-1,60,67,56,-1,60,56,61,-1,61,56,63,-1,
        ]
    }
}
Shape{
    appearance Appearance {
        material  Material 	{
            diffuseColor 0.25098039215686274 0.25098039215686274 0.25098039215686274
            specularColor 0.12549019607843137 0.12549019607843137 0.12549019607843137
            ambientIntensity 0.251
            transparency 0.0
            shininess 0.5
        }
    }
    geometry IndexedFaceSet {
        ccw TRUE
        solid FALSE
        coord DEF co Coordinate {
            point [
                -1.6378 0.063 0.5079, -1.5748 0.063 0.5709, -1.6378 0.0709 0.5078, -1.5747 0.073 0.5709, -1.6352 0.1186 0.507, -1.5713 0.1142 0.5709, -1.6344 0.123 0.5069, -1.5712 0.1152 0.5709, -1.6338 0.1265 0.5069, -1.5625 0.1586 0.5709, -1.5513 0.1923 0.5709, -1.6145 0.2111 0.5056, -1.6273 0.1654 0.5062, -1.5153 0.2643 0.5709, -1.5742 0.2968 0.5044, -1.5294 0.2416 0.5709, -1.5967 0.255 0.505, -1.5484 0.2011 0.5709, -1.6118 0.2177 0.5055, -1.6129 0.215 0.5055, -1.4781 0.314 0.5709, -1.5473 0.3358 0.504, -1.506 0.2792 0.5709, -1.5706 0.302 0.5044, -1.5717 0.3004 0.5044, -1.4461 0.3454 0.5709, -1.5122 0.3755 0.5036, -1.4648 0.327 0.5709, -1.5127 0.375 0.5036, -1.5163 0.3717 0.5036, -1.4022 0.3776 0.5709, -1.4393 0.4346 0.5032, -1.411 0.3725 0.5709, -1.4435 0.4322 0.5032, -1.4816 0.4039 0.5034, -1.3317 0.4133 0.5709, -1.3594 0.4754 0.5031, -1.3727 0.3952 0.5709, -1.4026 0.4561 0.5031, -1.4389 0.4349 0.5032, -1.252 0.4332 0.5709, -1.268 0.4993 0.5035, -1.2892 0.4265 0.5709, -1.3144 0.4898 0.5032, -1.3302 0.4138 0.5709, -1.3536 0.4772 0.5031, -1.3554 0.4767 0.5031, -1.2008 0.5039 0.5039, -1.2047 0.5039 0.5039, -1.2008 0.437 0.5709, -1.2209 0.5036 0.5038, -1.2455 0.4344 0.5709, -1.2612 0.4999 0.5035, -1.2644 0.4996 0.5035, -1.6306 0.1496 0.126, -1.6306 0.1496 0.0, -1.634 0.1265 0.0, -1.5388 0.3465 0.3228, -1.5388 0.3465 0.126, -1.5709 0.3022 0.126, -1.24 0.5025 0.3543, -1.24 0.5025 0.3228, -1.2642 0.4983 0.3228, -1.2047 0.5039 0.3543, -1.3156 0.4895 0.3228, -1.3545 0.4744 0.3228, -1.4052 0.4547 0.3228, -1.438 0.4327 0.3228, -1.5112 0.3745 0.3228, -1.485 0.401 0.3228, -1.6121 0.2178 0.126, -1.6351 0.1187 0.0, -1.6378 0.0709 0.0, 1.2008 0.5039 0.5039, 1.2008 0.437 0.5709, 1.2047 0.5039 0.5039, 1.2137 0.4368 0.5709, 1.2527 0.5013 0.5035, 1.252 0.4333 0.5709, 1.2612 0.4998 0.5035, 1.264 0.4994 0.5035, 1.2558 0.433 0.5709, 1.3007 0.4932 0.5033, 1.2992 0.4239 0.5709, 1.3474 0.4797 0.5031, 1.3301 0.4135 0.5709, 1.3536 0.4772 0.5031, 1.3545 0.4768 0.5031, 1.3385 0.4107 0.5709, 1.3924 0.4612 0.5031, 1.3784 0.3922 0.5709, 1.4349 0.4377 0.5032, 1.4022 0.3775 0.5709, 1.4381 0.4354 0.5032, 1.4389 0.4349 0.5032, 1.416 0.369 0.5709, 1.4745 0.4096 0.5033, 1.4509 0.3411 0.5709, 1.5108 0.3773 0.5036, 1.5109 0.3771 0.5036, 1.4648 0.327 0.5709, 1.5128 0.375 0.5036, 1.5431 0.3411 0.5039, 1.4824 0.3091 0.5709, 1.5693 0.3043 0.5043, 1.5096 0.2741 0.5709, 1.5712 0.3016 0.5044, 1.5154 0.2644 0.5709, 1.5718 0.3005 0.5044, 1.5947 0.2591 0.5049, 1.5327 0.2355 0.5709, 1.6107 0.2206 0.5054, 1.5511 0.194 0.5709, 1.613 0.2151 0.5055, 1.5516 0.1924 0.5709, 1.6133 0.2143 0.5055, 1.5642 0.1514 0.5709, 1.6268 0.1677 0.5062, 1.6333 0.1301 0.5068, 1.571 0.1142 0.5709, 1.6345 0.123 0.5069, 1.635 0.12 0.507, 1.5722 0.1077 0.5709, 1.6378 0.0709 0.5078, 1.5748 0.063 0.5709, 1.6378 0.063 0.5079, 1.24 0.5025 0.3543, 1.2047 0.5039 0.3543, 1.24 0.5025 0.3228, 1.2638 0.4984 0.3228, 1.3156 0.4895 0.3228, 1.3537 0.4747 0.3228, 1.4052 0.4547 0.3228, 1.4368 0.4335 0.3228, 1.5097 0.3759 0.3228, 1.485 0.401 0.3228, 1.5388 0.3465 0.3228, 1.6378 0.0708 0.126, 1.6337 0.1302 0.126, 1.6109 0.2207 0.126, 1.6249 0.1762 0.126, 1.632 0.1417 0.126, 1.5388 0.3465 0.126, 1.5673 0.3078 0.126, 1.5693 0.3043 0.126, 1.5912 0.2664 0.126, 1.6105 0.2222 0.126
            ]
        }
        coordIndex [
            0,1,2,-1,2,1,3,-1,2,3,4,-1,4,3,5,-1,4,5,6,-1,6,5,7,-1,6,7,8,-1,8,7,9,-1,10,11,9,-1,9,11,12,-1,9,12,8,-1,13,14,15,-1,15,14,16,-1,15,16,17,-1,17,16,18,-1,17,18,10,-1,10,18,19,-1,10,19,11,-1,20,21,22,-1,22,21,23,-1,22,23,13,-1,13,23,24,-1,13,24,14,-1,25,26,27,-1,27,26,28,-1,27,28,20,-1,20,28,29,-1,20,29,21,-1,30,31,32,-1,32,31,33,-1,32,33,25,-1,25,33,34,-1,25,34,26,-1,35,36,37,-1,37,36,38,-1,37,38,30,-1,30,38,39,-1,30,39,31,-1,40,41,42,-1,42,41,43,-1,42,43,44,-1,44,43,45,-1,44,45,35,-1,35,45,46,-1,35,46,36,-1,47,48,49,-1,49,48,50,-1,49,50,51,-1,51,50,52,-1,51,52,40,-1,40,52,53,-1,40,53,41,-1,54,55,56,-1,57,58,59,-1,60,61,62,-1,50,48,63,-1,50,63,52,-1,52,63,60,-1,52,60,53,-1,53,60,62,-1,53,62,41,-1,41,62,43,-1,43,62,64,-1,43,64,45,-1,45,64,65,-1,45,65,46,-1,66,67,31,-1,31,39,66,-1,66,39,38,-1,66,38,65,-1,65,38,36,-1,65,36,46,-1,29,28,68,-1,68,28,26,-1,68,26,69,-1,69,26,34,-1,69,34,67,-1,67,34,33,-1,67,33,31,-1,29,68,21,-1,21,68,57,-1,21,57,23,-1,23,57,59,-1,23,59,24,-1,19,18,70,-1,70,18,16,-1,70,16,59,-1,59,16,14,-1,59,14,24,-1,71,72,2,-1,2,4,71,-1,71,4,6,-1,71,6,56,-1,56,6,8,-1,56,8,54,-1,54,8,12,-1,54,12,70,-1,70,12,11,-1,70,11,19,-1,73,74,75,-1,75,74,76,-1,75,76,77,-1,77,76,78,-1,77,78,79,-1,79,78,80,-1,80,78,81,-1,80,81,82,-1,82,81,83,-1,82,83,84,-1,84,83,85,-1,84,85,86,-1,86,85,87,-1,87,85,88,-1,87,88,89,-1,89,88,90,-1,89,90,91,-1,91,90,92,-1,91,92,93,-1,93,92,94,-1,94,92,95,-1,94,95,96,-1,96,95,97,-1,96,97,98,-1,98,97,99,-1,99,97,100,-1,99,100,101,-1,101,100,102,-1,102,100,103,-1,102,103,104,-1,104,103,105,-1,104,105,106,-1,106,105,107,-1,106,107,108,-1,108,107,109,-1,109,107,110,-1,109,110,111,-1,111,110,112,-1,111,112,113,-1,113,112,114,-1,113,114,115,-1,115,114,116,-1,115,116,117,-1,117,116,118,-1,118,116,119,-1,118,119,120,-1,120,119,121,-1,121,119,122,-1,121,122,123,-1,123,122,124,-1,123,124,125,-1,126,127,75,-1,75,77,126,-1,126,77,79,-1,126,79,80,-1,128,126,129,-1,129,126,80,-1,129,80,130,-1,130,80,82,-1,130,82,131,-1,131,82,84,-1,84,86,131,-1,131,86,87,-1,131,87,132,-1,132,87,89,-1,132,89,133,-1,133,89,91,-1,98,134,96,-1,96,134,135,-1,96,135,94,-1,94,135,133,-1,94,133,93,-1,93,133,91,-1,98,99,134,-1,134,99,101,-1,134,101,136,-1,136,101,102,-1,136,102,104,-1,123,137,121,-1,121,137,138,-1,111,113,139,-1,139,113,115,-1,139,115,140,-1,140,115,117,-1,140,117,141,-1,141,117,118,-1,141,118,138,-1,138,118,120,-1,138,120,121,-1,142,136,143,-1,143,136,104,-1,143,104,144,-1,144,104,106,-1,144,106,145,-1,145,106,108,-1,145,108,109,-1,111,139,109,-1,109,139,146,-1,109,146,145,-1,
        ]
    }
}
Shape{
    appearance Appearance {
        material  Material 	{
            diffuseColor 0.7529411764705882 0.7529411764705882 0.7529411764705882
            specularColor 0.3764705882352941 0.3764705882352941 0.3764705882352941
            ambientIntensity 0.7529
            transparency 0.0
            shininess 0.5
        }
    }
    geometry IndexedFaceSet {
        ccw TRUE
        solid FALSE
        coord DEF co Coordinate {
            point [
                1.521 0.4505 2.2244, 1.5249 0.5208 2.2244, 1.4404 0.5012 2.2244, 1.4412 0.5655 2.2244, 1.3505 0.5326 2.2244, 1.3504 0.5931 2.2244, 1.2559 0.5433 2.2244, 1.2559 0.6024 2.2244, 0.1949 -0.6024 2.2244, 0.1949 -0.5433 2.2244, -1.2559 -0.6024 2.2244, -1.2559 -0.5433 2.2244, -1.3504 -0.5931 2.2244, -1.3505 -0.5326 2.2244, -1.4412 -0.5655 2.2244, -1.4404 -0.5012 2.2244, -1.5249 -0.5208 2.2244, -1.521 -0.4505 2.2244, -1.5983 -0.4605 2.2244, -1.5883 -0.3832 2.2244, 1.521 -0.4505 2.2244, 1.5983 -0.4605 2.2244, 1.5883 -0.3832 2.2244, 1.6585 -0.3871 2.2244, 1.639 -0.3026 2.2244, 1.7033 -0.3034 2.2244, 1.6704 -0.2127 2.2244, 1.7309 -0.2126 2.2244, 1.6811 -0.1181 2.2244, 1.7402 -0.1181 2.2244, 1.6811 0.1181 2.2244, 1.7402 0.1181 2.2244, 1.6704 0.2127 2.2244, 1.7309 0.2126 2.2244, 1.639 0.3026 2.2244, 1.7033 0.3034 2.2244, 1.5883 0.3832 2.2244, 1.6585 0.3871 2.2244, 1.5983 0.4605 2.2244, 0.1988 -0.5433 2.2244, 0.1988 -0.6024 2.2244, 1.2559 -0.5433 2.2244, 1.2559 -0.6024 2.2244, 1.3505 -0.5326 2.2244, 1.3504 -0.5931 2.2244, 1.4404 -0.5012 2.2244, 1.4412 -0.5655 2.2244, 1.5249 -0.5208 2.2244, -1.5883 0.3832 2.2244, -1.6585 0.3871 2.2244, -1.639 0.3026 2.2244, -1.7033 0.3034 2.2244, -1.6704 0.2127 2.2244, -1.7309 0.2126 2.2244, -1.6811 0.1181 2.2244, -1.7402 0.1181 2.2244, -1.6811 -0.1181 2.2244, -1.7402 -0.1181 2.2244, -1.6704 -0.2127 2.2244, -1.7309 -0.2126 2.2244, -1.639 -0.3026 2.2244, -1.7033 -0.3034 2.2244, -1.6585 -0.3871 2.2244, 0.07 0.6024 2.2244, -0.0199 0.6024 2.2244, -1.2559 0.5433 2.2244, -0.0255 0.6024 2.2244, -0.0872 0.6024 2.2244, -0.1045 0.6024 2.2244, -0.1472 0.6024 2.2244, -0.169 0.6024 2.2244, -0.2565 0.6024 2.2244, -0.286 0.6024 2.2244, -0.3734 0.6024 2.2244, -0.858 0.6024 2.2244, -1.2559 0.6024 2.2244, -1.3505 0.5326 2.2244, -1.3504 0.5931 2.2244, -1.4404 0.5012 2.2244, -1.4412 0.5655 2.2244, -1.521 0.4505 2.2244, -1.5249 0.5208 2.2244, -1.5983 0.4605 2.2244, 1.7402 0.1181 0.0709, 1.7309 0.2126 0.0709, 1.7034 0.3032 0.0709, 1.7033 0.3034 0.0706, 1.2991 0.6004 0.2835, 1.2991 0.6004 0.2953, 1.3504 0.5931 0.2835, 1.2982 0.6005 0.3052, 1.294 0.6009 0.3191, 1.2866 0.6014 0.3316, 1.2763 0.6019 0.3419, 1.2638 0.6023 0.3493, 1.2559 0.6024 0.3522, 1.2559 0.6024 0.5805, 1.2559 0.6024 0.6175, 1.2559 0.6024 0.7383, 1.2559 0.6024 0.7657, 1.2559 0.6024 0.8607, 1.4412 0.5655 0.2835, 1.5249 0.5208 0.2835, 1.5983 0.4605 0.2835, 1.6585 0.3871 0.0079, 1.647 0.4037 0.0079, 1.647 0.4037 0.2835, 1.6718 0.3661 0.0079, 1.24 0.5039 0.3543, 1.24 0.6024 0.3543, 1.2499 0.5039 0.3535, 1.2499 0.6024 0.3535, 1.2559 0.5039 0.3522, 1.2602 0.5038 0.3508, 1.2637 0.5037 0.349, 1.2732 0.5033 0.3441, 1.2761 0.5032 0.3416, 1.2838 0.5029 0.3349, 1.2863 0.5028 0.3314, 1.2922 0.5024 0.3229, 1.2937 0.5023 0.319, 1.2973 0.502 0.3097, 1.2978 0.5018 0.3051, 1.2991 0.5015 0.2953
            ]
        }
        coordIndex [
            0,1,2,-1,2,1,3,-1,2,3,4,-1,4,3,5,-1,4,5,6,-1,6,5,7,-1,8,9,10,-1,10,9,11,-1,10,11,12,-1,12,11,13,-1,12,13,14,-1,14,13,15,-1,14,15,16,-1,16,15,17,-1,16,17,18,-1,18,17,19,-1,20,21,22,-1,22,21,23,-1,22,23,24,-1,24,23,25,-1,24,25,26,-1,26,25,27,-1,26,27,28,-1,28,27,29,-1,28,29,30,-1,30,29,31,-1,30,31,32,-1,32,31,33,-1,32,33,34,-1,34,33,35,-1,34,35,36,-1,36,35,37,-1,36,37,0,-1,0,37,38,-1,0,38,1,-1,39,40,41,-1,41,40,42,-1,41,42,43,-1,43,42,44,-1,43,44,45,-1,45,44,46,-1,45,46,20,-1,20,46,47,-1,20,47,21,-1,48,49,50,-1,50,49,51,-1,50,51,52,-1,52,51,53,-1,52,53,54,-1,54,53,55,-1,54,55,56,-1,56,55,57,-1,56,57,58,-1,58,57,59,-1,58,59,60,-1,60,59,61,-1,60,61,19,-1,19,61,62,-1,19,62,18,-1,7,63,6,-1,6,63,64,-1,6,64,65,-1,65,64,66,-1,65,66,67,-1,67,68,65,-1,65,68,69,-1,65,69,70,-1,70,71,65,-1,65,71,72,-1,65,72,73,-1,73,74,65,-1,65,74,75,-1,65,75,76,-1,76,75,77,-1,76,77,78,-1,78,77,79,-1,78,79,80,-1,80,79,81,-1,80,81,48,-1,48,81,82,-1,48,82,49,-1,31,83,84,-1,85,86,35,-1,87,88,89,-1,89,88,90,-1,89,90,91,-1,91,92,5,-1,5,92,93,-1,5,93,94,-1,94,95,96,-1,94,96,5,-1,5,96,97,-1,5,97,98,-1,98,99,5,-1,5,99,100,-1,5,100,7,-1,91,5,89,-1,89,5,3,-1,89,3,101,-1,101,3,1,-1,101,1,102,-1,102,1,38,-1,102,38,103,-1,104,105,106,-1,103,38,106,-1,106,38,37,-1,106,37,104,-1,35,86,37,-1,37,86,107,-1,37,107,104,-1,85,35,84,-1,84,35,33,-1,84,33,31,-1,108,109,110,-1,110,109,111,-1,110,111,112,-1,112,111,95,-1,112,95,113,-1,113,95,94,-1,113,94,114,-1,114,94,115,-1,115,94,93,-1,115,93,116,-1,116,93,117,-1,117,93,92,-1,117,92,118,-1,118,92,119,-1,119,92,91,-1,119,91,120,-1,120,91,121,-1,121,91,90,-1,121,90,122,-1,122,90,88,-1,122,88,123,-1,
        ]
    }
}
Shape{
    appearance Appearance {
        material  Material 	{
            diffuseColor 0.25098039215686274 0.25098039215686274 0.25098039215686274
            specularColor 0.12549019607843137 0.12549019607843137 0.12549019607843137
            ambientIntensity 0.251
            transparency 0.0
            shininess 0.5
        }
    }
    geometry IndexedFaceSet {
        ccw TRUE
        solid FALSE
        coord DEF co Coordinate {
            point [
                1.1416 0.6142 0.3543, 1.1416 0.6024 0.3543, 1.24 0.6142 0.3543, 1.24 0.6024 0.3543
            ]
        }
        coordIndex [
            0,1,2,-1,2,1,3,-1,
        ]
    }
}
Shape{
    appearance Appearance {
        material  Material 	{
            diffuseColor 0.7529411764705882 0.7529411764705882 0.7529411764705882
            specularColor 0.3764705882352941 0.3764705882352941 0.3764705882352941
            ambientIntensity 0.7529
            transparency 0.0
            shininess 0.5
        }
    }
    geometry IndexedFaceSet {
        ccw TRUE
        solid FALSE
        coord DEF co Coordinate {
            point [
                1.1024 0.6024 0.3543, 1.1416 0.6024 0.3543, 1.1024 0.5039 0.3543, 1.1416 0.5039 0.3543, 1.0433 0.5039 0.2953, 1.0433 0.6024 0.2953, 1.0453 0.5039 0.3106, 1.0453 0.6024 0.3106, 1.0512 0.5039 0.3248, 1.0512 0.6024 0.3248, 1.0606 0.5039 0.337, 1.0606 0.6024 0.337, 1.0728 0.5039 0.3464, 1.0728 0.6024 0.3464, 1.0871 0.5039 0.3523, 1.0871 0.6024 0.3523, 1.0433 0.8038 -0.315, 1.0433 0.8891 -0.315, 1.0433 0.7972 -0.2756, 1.0433 0.8957 -0.2756, 1.0433 0.7972 0.1457, 1.0433 0.8957 0.1457, 1.0433 0.7966 0.1508, 1.0433 0.8916 0.1762, 1.0433 0.7946 0.1555, 1.0433 0.8798 0.2047, 1.0433 0.7915 0.1596, 1.0433 0.8611 0.2292, 1.0433 0.7874 0.1627, 1.0433 0.8366 0.248, 1.0433 0.7827 0.1647, 1.0433 0.8081 0.2598, 1.0433 0.7776 0.1654, 1.0433 0.7776 0.2638, 1.0433 0.622 0.1654, 1.0433 0.622 0.2638, 1.0433 0.5915 0.1694, 1.0433 0.617 0.2645, 1.0433 0.563 0.1812, 1.0433 0.6122 0.2664, 1.0433 0.5385 0.1999, 1.0433 0.6081 0.2695, 1.0433 0.5198 0.2244, 1.0433 0.605 0.2736, 1.0433 0.508 0.2529, 1.0433 0.603 0.2784, 1.0433 0.5039 0.2835, 1.0433 0.6024 0.2835, 0.6693 0.622 0.2638, 0.6693 0.617 0.2645, 0.6693 0.6122 0.2664, 0.6693 0.6081 0.2695, 0.6693 0.605 0.2736, 0.6693 0.603 0.2784, 0.6693 0.6024 0.2835, 0.6693 0.5039 0.3543, 0.6693 0.6024 0.3543, 0.6693 0.5039 0.2835, 0.6693 0.508 0.2529, 0.6693 0.5198 0.2244, 0.6693 0.5385 0.1999, 0.6693 0.563 0.1812, 0.6693 0.5915 0.1694, 0.6693 0.622 0.1654, 0.6693 0.7776 0.1654, 0.6693 0.7776 0.2638, 0.6693 0.7827 0.1647, 0.6693 0.8081 0.2598, 0.6693 0.7874 0.1627, 0.6693 0.8366 0.248, 0.6693 0.7915 0.1596, 0.6693 0.8611 0.2292, 0.6693 0.7946 0.1555, 0.6693 0.8798 0.2047, 0.6693 0.7966 0.1508, 0.6693 0.8916 0.1762, 0.6693 0.7972 0.1457, 0.6693 0.8957 0.1457, 0.6693 0.7972 0.0984, 0.6693 0.8957 0.0984, 0.5512 0.5039 0.3543, 0.5512 0.6024 0.3543, 0.5532 0.5039 0.3696, 0.5532 0.6024 0.3696, 0.5591 0.5039 0.3839, 0.5591 0.6024 0.3839, 0.5685 0.5039 0.3961, 0.5685 0.6024 0.3961, 0.5807 0.5039 0.4055, 0.5807 0.6024 0.4055, 0.595 0.5039 0.4114, 0.595 0.6024 0.4114, 0.6102 0.5039 0.4134, 0.6102 0.6024 0.4134, 0.6255 0.5039 0.4114, 0.6255 0.6024 0.4114, 0.6398 0.5039 0.4055, 0.6398 0.6024 0.4055, 0.652 0.5039 0.3961, 0.652 0.6024 0.3961, 0.6614 0.5039 0.3839, 0.6614 0.6024 0.3839, 0.6673 0.5039 0.3696, 0.6673 0.6024 0.3696
            ]
        }
        coordIndex [
            0,1,2,-1,2,1,3,-1,4,5,6,-1,6,5,7,-1,6,7,8,-1,8,7,9,-1,8,9,10,-1,10,9,11,-1,10,11,12,-1,12,11,13,-1,12,13,14,-1,14,13,15,-1,14,15,2,-1,2,15,0,-1,16,17,18,-1,18,17,19,-1,18,19,20,-1,20,19,21,-1,20,21,22,-1,22,21,23,-1,22,23,24,-1,24,23,25,-1,24,25,26,-1,26,25,27,-1,26,27,28,-1,28,27,29,-1,28,29,30,-1,30,29,31,-1,30,31,32,-1,32,31,33,-1,32,33,34,-1,34,33,35,-1,34,35,36,-1,36,35,37,-1,36,37,38,-1,38,37,39,-1,38,39,40,-1,40,39,41,-1,40,41,42,-1,42,41,43,-1,42,43,44,-1,44,43,45,-1,44,45,46,-1,46,45,47,-1,46,47,4,-1,4,47,5,-1,35,48,37,-1,37,48,49,-1,37,49,39,-1,39,49,50,-1,39,50,41,-1,41,50,51,-1,41,51,43,-1,43,51,52,-1,43,52,45,-1,45,52,53,-1,45,53,47,-1,47,53,54,-1,55,56,57,-1,57,56,54,-1,57,54,58,-1,58,54,53,-1,58,53,59,-1,59,53,52,-1,59,52,60,-1,60,52,51,-1,60,51,61,-1,61,51,50,-1,61,50,62,-1,62,50,49,-1,62,49,63,-1,63,49,48,-1,63,48,64,-1,64,48,65,-1,64,65,66,-1,66,65,67,-1,66,67,68,-1,68,67,69,-1,68,69,70,-1,70,69,71,-1,70,71,72,-1,72,71,73,-1,72,73,74,-1,74,73,75,-1,74,75,76,-1,76,75,77,-1,76,77,78,-1,78,77,79,-1,80,81,82,-1,82,81,83,-1,82,83,84,-1,84,83,85,-1,84,85,86,-1,86,85,87,-1,86,87,88,-1,88,87,89,-1,88,89,90,-1,90,89,91,-1,90,91,92,-1,92,91,93,-1,92,93,94,-1,94,93,95,-1,94,95,96,-1,96,95,97,-1,96,97,98,-1,98,97,99,-1,98,99,100,-1,100,99,101,-1,100,101,102,-1,102,101,103,-1,102,103,55,-1,55,103,56,-1,
        ]
    }
}
Shape{
    appearance Appearance {
        material  Material 	{
            diffuseColor 0.25098039215686274 0.25098039215686274 0.25098039215686274
            specularColor 0.12549019607843137 0.12549019607843137 0.12549019607843137
            ambientIntensity 0.251
            transparency 0.0
            shininess 0.5
        }
    }
    geometry IndexedFaceSet {
        ccw TRUE
        solid FALSE
        coord DEF co Coordinate {
            point [
                0.5512 0.5039 0.3543, 0.5748 0.5039 0.3543, 0.5512 0.6024 0.3543, 0.5748 0.6142 0.3543, 0.315 0.6024 0.3543, 0.2854 0.6142 0.3543, 0.315 0.5039 0.3543, 0.2854 0.5039 0.3543
            ]
        }
        coordIndex [
            0,1,2,-1,2,1,3,-1,2,3,4,-1,4,3,5,-1,4,5,6,-1,6,5,7,-1,
        ]
    }
}
Shape{
    appearance Appearance {
        material  Material 	{
            diffuseColor 0.7529411764705882 0.7529411764705882 0.7529411764705882
            specularColor 0.3764705882352941 0.3764705882352941 0.3764705882352941
            ambientIntensity 0.7529
            transparency 0.0
            shininess 0.5
        }
    }
    geometry IndexedFaceSet {
        ccw TRUE
        solid FALSE
        coord DEF co Coordinate {
            point [
                0.1969 0.5039 0.3543, 0.1969 0.6024 0.3543, 0.1989 0.5039 0.3696, 0.1989 0.6024 0.3696, 0.2048 0.5039 0.3839, 0.2048 0.6024 0.3839, 0.2141 0.5039 0.3961, 0.2141 0.6024 0.3961, 0.2264 0.5039 0.4055, 0.2264 0.6024 0.4055, 0.2406 0.5039 0.4114, 0.2406 0.6024 0.4114, 0.2559 0.5039 0.4134, 0.2559 0.6024 0.4134, 0.2712 0.5039 0.4114, 0.2712 0.6024 0.4114, 0.2854 0.5039 0.4055, 0.2854 0.6024 0.4055, 0.2977 0.5039 0.3961, 0.2977 0.6024 0.3961, 0.3071 0.5039 0.3839, 0.3071 0.6024 0.3839, 0.3129 0.5039 0.3696, 0.3129 0.6024 0.3696, 0.315 0.5039 0.3543, 0.315 0.6024 0.3543, 0.1969 0.5039 0.1772, 0.1969 0.6024 0.1772, 0.1378 0.5039 0.1181, 0.1378 0.6024 0.1181, 0.1531 0.6024 0.1201, 0.1673 0.5039 0.126, 0.1673 0.5039 0.126, 0.1531 0.5039 0.1201, 0.1673 0.6024 0.126, 0.1796 0.6024 0.1354, 0.1796 0.5039 0.1354, 0.1889 0.6024 0.1476, 0.1889 0.5039 0.1476, 0.1948 0.6024 0.1619, 0.1948 0.5039 0.1619, -0.1378 0.6024 0.1181, -0.1045 0.6024 0.1181, -0.1378 0.5039 0.1181, -0.0872 0.6024 0.1181, -0.0255 0.6024 0.1181, -0.0199 0.6024 0.1181, 0.07 0.6024 0.1181, -0.1472 0.6024 0.1194, -0.1531 0.5039 0.1201, -0.1531 0.6024 0.1201, -0.1673 0.6024 0.126, -0.1673 0.5039 0.126, -0.1673 0.5039 0.126, -0.169 0.6024 0.1273, -0.1796 0.5039 0.1354, -0.1796 0.6024 0.1354, -0.1889 0.5039 0.1476, -0.1889 0.6024 0.1476, -0.1948 0.5039 0.1619, -0.1948 0.6024 0.1619, -0.1969 0.5039 0.1772, -0.1969 0.6024 0.1772, -0.1969 0.5039 0.3543, -0.1969 0.6024 0.3543, -0.315 0.5039 0.3543, -0.315 0.6024 0.3543, -0.3129 0.5039 0.3696, -0.3129 0.6024 0.3696, -0.307 0.5039 0.3839, -0.307 0.6024 0.3839, -0.2977 0.5039 0.3961, -0.2977 0.6024 0.3961, -0.286 0.6024 0.4051, -0.2854 0.5039 0.4055, -0.2854 0.6024 0.4055, -0.2712 0.5039 0.4114, -0.2712 0.6024 0.4114, -0.2565 0.6024 0.4133, -0.2559 0.5039 0.4134, -0.2559 0.6024 0.4134, -0.2406 0.5039 0.4114, -0.2406 0.6024 0.4114, -0.2264 0.5039 0.4055, -0.2264 0.6024 0.4055, -0.2141 0.5039 0.3961, -0.2141 0.6024 0.3961, -0.2048 0.5039 0.3839, -0.2048 0.6024 0.3839, -0.1989 0.5039 0.3696, -0.1989 0.6024 0.3696
            ]
        }
        coordIndex [
            0,1,2,-1,2,1,3,-1,2,3,4,-1,4,3,5,-1,4,5,6,-1,6,5,7,-1,6,7,8,-1,8,7,9,-1,8,9,10,-1,10,9,11,-1,10,11,12,-1,12,11,13,-1,12,13,14,-1,14,13,15,-1,14,15,16,-1,16,15,17,-1,16,17,18,-1,18,17,19,-1,18,19,20,-1,20,19,21,-1,20,21,22,-1,22,21,23,-1,22,23,24,-1,24,23,25,-1,0,26,1,-1,1,26,27,-1,28,29,30,-1,31,32,30,-1,30,32,33,-1,30,33,28,-1,30,34,31,-1,31,34,35,-1,31,35,36,-1,36,35,37,-1,36,37,38,-1,38,37,39,-1,38,39,40,-1,40,39,27,-1,40,27,26,-1,41,42,43,-1,43,42,44,-1,44,45,43,-1,43,45,46,-1,43,46,28,-1,28,46,47,-1,28,47,29,-1,41,43,48,-1,48,43,49,-1,48,49,50,-1,50,49,51,-1,49,52,51,-1,51,52,53,-1,51,53,54,-1,54,53,55,-1,54,55,56,-1,56,55,57,-1,56,57,58,-1,58,57,59,-1,58,59,60,-1,60,59,61,-1,60,61,62,-1,63,64,61,-1,61,64,62,-1,65,66,67,-1,67,66,68,-1,67,68,69,-1,69,68,70,-1,69,70,71,-1,70,72,71,-1,71,72,73,-1,71,73,74,-1,74,73,75,-1,74,75,76,-1,75,77,76,-1,76,77,78,-1,76,78,79,-1,79,78,80,-1,79,80,81,-1,81,80,82,-1,81,82,83,-1,83,82,84,-1,83,84,85,-1,85,84,86,-1,85,86,87,-1,87,86,88,-1,87,88,89,-1,89,88,90,-1,89,90,63,-1,63,90,64,-1,
        ]
    }
}
Shape{
    appearance Appearance {
        material  Material 	{
            diffuseColor 0.25098039215686274 0.25098039215686274 0.25098039215686274
            specularColor 0.12549019607843137 0.12549019607843137 0.12549019607843137
            ambientIntensity 0.251
            transparency 0.0
            shininess 0.5
        }
    }
    geometry IndexedFaceSet {
        ccw TRUE
        solid FALSE
        coord DEF co Coordinate {
            point [
                -0.5748 0.6142 0.3543, -0.5748 0.5039 0.3543, -0.5512 0.5039 0.3543, -0.5512 0.6024 0.3543, -0.3734 0.6024 0.3543, -0.2854 0.6142 0.3543, -0.315 0.6024 0.3543, -0.2854 0.5039 0.3543, -0.315 0.5039 0.3543, -0.6693 0.5039 0.3543, -0.6693 0.6024 0.3543, -0.6673 0.5039 0.3696, -0.6673 0.6024 0.3696, -0.6614 0.5039 0.3839, -0.6614 0.6024 0.3839, -0.652 0.5039 0.3961, -0.652 0.6024 0.3961, -0.6398 0.5039 0.4055, -0.6398 0.6024 0.4055, -0.6255 0.5039 0.4114, -0.6255 0.6024 0.4114, -0.6102 0.5039 0.4134, -0.6102 0.6024 0.4134, -0.595 0.5039 0.4114, -0.595 0.6024 0.4114, -0.5807 0.5039 0.4055, -0.5807 0.6024 0.4055, -0.5685 0.5039 0.3961, -0.5685 0.6024 0.3961, -0.5591 0.5039 0.3839, -0.5591 0.6024 0.3839, -0.5532 0.5039 0.3696, -0.5532 0.6024 0.3696
            ]
        }
        coordIndex [
            0,1,2,-1,2,3,0,-1,0,3,4,-1,0,4,5,-1,5,4,6,-1,5,6,7,-1,7,6,8,-1,9,10,11,-1,11,10,12,-1,11,12,13,-1,13,12,14,-1,13,14,15,-1,15,14,16,-1,15,16,17,-1,17,16,18,-1,17,18,19,-1,19,18,20,-1,19,20,21,-1,21,20,22,-1,21,22,23,-1,23,22,24,-1,23,24,25,-1,25,24,26,-1,25,26,27,-1,27,26,28,-1,27,28,29,-1,29,28,30,-1,29,30,31,-1,31,30,32,-1,31,32,2,-1,2,32,3,-1,
        ]
    }
}
Shape{
    appearance Appearance {
        material  Material 	{
            diffuseColor 0.7529411764705882 0.7529411764705882 0.7529411764705882
            specularColor 0.3764705882352941 0.3764705882352941 0.3764705882352941
            ambientIntensity 0.7529
            transparency 0.0
            shininess 0.5
        }
    }
    geometry IndexedFaceSet {
        ccw TRUE
        solid FALSE
        coord DEF co Coordinate {
            point [
                -0.6693 0.7972 0.0984, -0.6693 0.8957 0.0984, -0.6693 0.7972 0.1457, -0.6693 0.8957 0.1457, -0.6693 0.7966 0.1508, -0.6693 0.8916 0.1762, -0.6693 0.7946 0.1555, -0.6693 0.8798 0.2047, -0.6693 0.7915 0.1596, -0.6693 0.8611 0.2292, -0.6693 0.7874 0.1627, -0.6693 0.8366 0.248, -0.6693 0.7827 0.1647, -0.6693 0.8081 0.2598, -0.6693 0.7776 0.1654, -0.6693 0.7776 0.2638, -0.6693 0.622 0.1654, -0.6693 0.622 0.2638, -0.6693 0.5915 0.1694, -0.6693 0.617 0.2645, -0.6693 0.563 0.1812, -0.6693 0.6122 0.2664, -0.6693 0.5385 0.1999, -0.6693 0.6081 0.2695, -0.6693 0.5198 0.2244, -0.6693 0.605 0.2736, -0.6693 0.508 0.2529, -0.6693 0.603 0.2784, -0.6693 0.5039 0.2835, -0.6693 0.6024 0.2835, -0.6693 0.5039 0.3543, -0.6693 0.6024 0.3543, -0.858 0.6024 0.2835, -1.0433 0.6024 0.2835, -1.0433 0.603 0.2784, -1.0433 0.605 0.2736, -1.0433 0.6081 0.2695, -1.0433 0.6122 0.2664, -1.0433 0.617 0.2645, -1.0433 0.622 0.2638, -1.0433 0.5039 0.2953, -1.0433 0.6024 0.2953, -1.0433 0.5039 0.2835, -1.0433 0.508 0.2529, -1.0433 0.5198 0.2244, -1.0433 0.5385 0.1999, -1.0433 0.563 0.1812, -1.0433 0.5915 0.1694, -1.0433 0.622 0.1654, -1.0433 0.7776 0.1654, -1.0433 0.7776 0.2638, -1.0433 0.7827 0.1647, -1.0433 0.8081 0.2598, -1.0433 0.7874 0.1627, -1.0433 0.8366 0.248, -1.0433 0.7915 0.1596, -1.0433 0.8611 0.2292, -1.0433 0.7946 0.1555, -1.0433 0.8798 0.2047, -1.0433 0.7966 0.1508, -1.0433 0.8916 0.1762, -1.0433 0.7972 0.1457, -1.0433 0.8957 0.1457, -1.0433 0.7972 -0.2756, -1.0433 0.8957 -0.2756, -1.0433 0.8038 -0.315, -1.0433 0.8891 -0.315, -1.0453 0.6024 0.3106, -1.0453 0.5039 0.3106, -1.0512 0.6024 0.3248, -1.0512 0.5039 0.3248, -1.0606 0.6024 0.337, -1.0606 0.5039 0.337, -1.0728 0.6024 0.3464, -1.0728 0.5039 0.3464, -1.0871 0.6024 0.3523, -1.0871 0.5039 0.3523, -1.1024 0.6024 0.3543, -1.1024 0.5039 0.3543, -1.1416 0.5039 0.3543, -1.1416 0.6024 0.3543
            ]
        }
        coordIndex [
            0,1,2,-1,2,1,3,-1,2,3,4,-1,4,3,5,-1,4,5,6,-1,6,5,7,-1,6,7,8,-1,8,7,9,-1,8,9,10,-1,10,9,11,-1,10,11,12,-1,12,11,13,-1,12,13,14,-1,14,13,15,-1,14,15,16,-1,16,15,17,-1,16,17,18,-1,18,17,19,-1,18,19,20,-1,20,19,21,-1,20,21,22,-1,22,21,23,-1,22,23,24,-1,24,23,25,-1,24,25,26,-1,26,25,27,-1,26,27,28,-1,28,27,29,-1,28,29,30,-1,30,29,31,-1,32,29,27,-1,33,32,34,-1,34,32,27,-1,34,27,35,-1,35,27,25,-1,35,25,36,-1,36,25,23,-1,36,23,37,-1,37,23,21,-1,37,21,38,-1,38,21,19,-1,38,19,39,-1,39,19,17,-1,40,41,42,-1,42,41,33,-1,42,33,43,-1,43,33,34,-1,43,34,44,-1,44,34,35,-1,44,35,45,-1,45,35,36,-1,45,36,46,-1,46,36,37,-1,46,37,47,-1,47,37,38,-1,47,38,48,-1,48,38,39,-1,48,39,49,-1,49,39,50,-1,49,50,51,-1,51,50,52,-1,51,52,53,-1,53,52,54,-1,53,54,55,-1,55,54,56,-1,55,56,57,-1,57,56,58,-1,57,58,59,-1,59,58,60,-1,59,60,61,-1,61,60,62,-1,61,62,63,-1,63,62,64,-1,63,64,65,-1,65,64,66,-1,41,40,67,-1,67,40,68,-1,67,68,69,-1,69,68,70,-1,69,70,71,-1,71,70,72,-1,71,72,73,-1,73,72,74,-1,73,74,75,-1,75,74,76,-1,75,76,77,-1,77,76,78,-1,78,79,77,-1,77,79,80,-1,
        ]
    }
}
Shape{
    appearance Appearance {
        material  Material 	{
            diffuseColor 0.25098039215686274 0.25098039215686274 0.25098039215686274
            specularColor 0.12549019607843137 0.12549019607843137 0.12549019607843137
            ambientIntensity 0.251
            transparency 0.0
            shininess 0.5
        }
    }
    geometry IndexedFaceSet {
        ccw TRUE
        solid FALSE
        coord DEF co Coordinate {
            point [
                -1.24 0.6142 0.3543, -1.24 0.6024 0.3543, -1.1416 0.6142 0.3543, -1.1416 0.6024 0.3543
            ]
        }
        coordIndex [
            0,1,2,-1,2,1,3,-1,
        ]
    }
}
Shape{
    appearance Appearance {
        material  Material 	{
            diffuseColor 0.7529411764705882 0.7529411764705882 0.7529411764705882
            specularColor 0.3764705882352941 0.3764705882352941 0.3764705882352941
            ambientIntensity 0.7529
            transparency 0.0
            shininess 0.5
        }
    }
    geometry IndexedFaceSet {
        ccw TRUE
        solid FALSE
        coord DEF co Coordinate {
            point [
                -1.2693 0.5035 0.3465, -1.2763 0.6019 0.3419, -1.2638 0.6023 0.3493, -1.2761 0.5032 0.3415, -1.2807 0.503 0.3381, -1.2866 0.6014 0.3316, -1.2863 0.5028 0.3313, -1.2899 0.5026 0.3268, -1.294 0.6009 0.3191, -1.2937 0.5023 0.3189, -1.296 0.5021 0.3141, -1.2982 0.6005 0.3052, -1.2991 0.5015 0.2953, -1.2991 0.6004 0.2953, -1.2989 0.5017 0.2998, -1.2978 0.5018 0.3051, -1.24 0.6024 0.3543, -1.24 0.5039 0.3543, -1.2499 0.6024 0.3535, -1.2499 0.5039 0.3535, -1.2559 0.6024 0.3522, -1.2559 0.5039 0.3522, -1.2637 0.5037 0.3489, -1.5983 0.4605 0.2835, -1.647 0.4037 0.2835, -1.6585 0.3871 2.2244, -1.7034 0.3032 0.0709, -1.7309 0.2126 2.2244, -1.7033 0.3034 0.0706, -1.7033 0.3034 2.2244, -1.6718 0.3661 0.0079, -1.6585 0.3871 0.0079, -1.647 0.4037 0.0079, -1.3504 0.5931 2.2244, -1.2559 0.6024 2.2244, -1.2559 0.6024 0.8607, -1.2559 0.6024 0.7657, -1.2559 0.6024 0.7383, -1.2559 0.6024 0.6175, -1.2559 0.6024 0.5805, -1.5983 0.4605 2.2244, -1.5249 0.5208 2.2244, -1.5249 0.5208 0.2835, -1.4412 0.5655 2.2244, -1.4412 0.5655 0.2835, -1.3504 0.5931 0.2835, -1.2991 0.6004 0.2835, -1.7309 0.2126 0.0709, -1.7402 0.1181 0.0709, -1.7402 0.1181 2.2244, 0.1949 -0.6024 0.2953, -0.1378 -0.6024 0.1181, 0.1378 -0.6024 0.1181, 0.1969 -0.6024 0.2953, 0.1969 -0.6024 0.1772, 0.1948 -0.6024 0.1619, 0.1531 -0.6024 0.1201, 0.1673 -0.6024 0.126, 0.1796 -0.6024 0.1354, 0.1889 -0.6024 0.1476, 0.1949 -0.6024 2.0903, 0.1949 -0.6024 2.2244, 0.0012 -0.6024 2.0793, -0.013 -0.6024 2.0826, -0.1989 -0.6024 0.3106, -0.1969 -0.6024 0.2953, -0.1969 -0.6024 0.1772, -1.2559 -0.6024 2.2244, -0.0418 -0.6024 2.0788, -0.0277 -0.6024 2.0825, -0.0738 -0.6024 1.6507, -0.079 -0.6024 1.6643, -1.0728 -0.6024 0.3464, -0.0807 -0.6024 1.6788, 0.1949 -0.6024 1.6105, 0.0012 -0.6024 1.2919, 0.1949 -0.6024 1.3029, 0.1183 -0.6024 1.2493, -0.652 -0.6024 0.337, -0.6398 -0.6024 0.3464, -1.0512 -0.6024 0.3248, -0.0807 -0.6024 0.8914, -1.0606 -0.6024 0.337, -0.0807 -0.6024 1.2346, -0.079 -0.6024 1.2491, -0.0738 -0.6024 2.0501, -0.0656 -0.6024 2.0622, -0.0547 -0.6024 2.0719, 0.1884 -0.6024 1.6368, 0.1807 -0.6024 1.6481, 0.1316 -0.6024 1.6672, 0.0012 -0.6024 1.6215, -0.013 -0.6024 1.6182, -0.0277 -0.6024 1.6183, -0.0807 -0.6024 2.022, -0.079 -0.6024 2.0365, -0.0418 -0.6024 1.2914, -0.0277 -0.6024 1.2951, -0.013 -0.6024 1.2952, -1.0433 -0.6024 0.2835, -0.6693 -0.6024 0.2835, -1.0433 -0.6024 0.2953, -0.6693 -0.6024 0.2953, -1.0453 -0.6024 0.3106, -0.6673 -0.6024 0.3106, -0.6614 -0.6024 0.3248, -0.1948 -0.6024 0.1619, -0.1889 -0.6024 0.1476, -0.1796 -0.6024 0.1354, -1.2559 -0.6024 0.3522, -1.2494 -0.6024 0.3536, -0.0418 -0.6024 1.622, -0.0547 -0.6024 1.6288, -0.0656 -0.6024 1.6386, -0.0738 -0.6024 1.2627, -0.0656 -0.6024 1.2748, -0.0547 -0.6024 1.2845, 0.1807 -0.6024 0.8607, 0.1705 -0.6024 0.8698, -0.2141 -0.6024 0.337, -0.2264 -0.6024 0.3464, 0.1316 -0.6024 0.8798, -0.1673 -0.6024 0.126, -0.1531 -0.6024 0.1201, -1.1416 -0.6024 0.3543, -1.1024 -0.6024 0.3543, -1.0871 -0.6024 0.3523, 0.1183 -0.6024 1.6641, 0.1932 -0.6024 1.624, 0.1705 -0.6024 1.6572, 0.1585 -0.6024 1.6637, 0.1452 -0.6024 1.6671, 0.1316 -0.6024 1.2462, 0.1452 -0.6024 1.2463, 0.1585 -0.6024 1.2497, 0.1183 -0.6024 0.8767, 0.0012 -0.6024 0.8341, -0.013 -0.6024 0.8308, 0.1884 -0.6024 0.8494, -1.24 -0.6024 0.3543, 0.1705 -0.6024 1.2562, 0.1807 -0.6024 1.2653, 0.1932 -0.6024 1.2894, 0.1884 -0.6024 1.2766, -0.6255 -0.6024 0.3523, -0.6102 -0.6024 0.3543, -0.5748 -0.6024 0.3543, -0.0656 -0.6024 0.8512, -0.0738 -0.6024 0.8632, -0.2406 -0.6024 0.3523, -0.079 -0.6024 0.8769, 0.1585 -0.6024 0.8763, 0.1452 -0.6024 0.8797, 0.1705 -0.6024 2.0436, 0.1807 -0.6024 2.0527, 0.1585 -0.6024 2.0371, 0.1452 -0.6024 2.0337, 0.1183 -0.6024 2.0367, 0.1316 -0.6024 2.0336, 0.1932 -0.6024 2.0768, 0.1884 -0.6024 2.064, -0.2854 -0.6024 0.3543, -0.2559 -0.6024 0.3543, -0.2048 -0.6024 0.3248, 0.1949 -0.6024 0.8231, 0.1932 -0.6024 0.8366, -0.0277 -0.6024 0.8309, -0.0418 -0.6024 0.8346, -0.0547 -0.6024 0.8414, -1.7402 -0.1181 2.2244, -1.7402 -0.1181 0.0709, -1.7309 -0.2126 0.0709, -1.7034 -0.3031 0.0709, -1.7033 -0.3034 0.0706, -1.7033 -0.3034 2.2244, -1.2991 -0.6004 0.2835, -1.2991 -0.6004 0.2953, -1.3504 -0.5931 0.2835, -1.2982 -0.6005 0.3052, -1.294 -0.6009 0.3192, -1.2864 -0.6014 0.3318, -1.3504 -0.5931 2.2244, -1.2634 -0.6023 0.3495, -1.276 -0.6019 0.3421, -1.4412 -0.5655 2.2244, -1.4412 -0.5655 0.2835, -1.5249 -0.5208 2.2244, -1.5249 -0.5208 0.2835, -1.5983 -0.4605 2.2244, -1.5983 -0.4605 0.2835, -1.6585 -0.3871 0.0079, -1.647 -0.4037 0.0079, -1.647 -0.4037 0.2835, -1.6585 -0.3871 2.2244, -1.6718 -0.3661 0.0079, -1.7309 -0.2126 2.2244, 1.5983 -0.4605 0.2835, 1.647 -0.4037 0.2835, 1.6585 -0.3871 2.2244, 1.7034 -0.3031 0.0709, 1.7309 -0.2126 2.2244, 1.7033 -0.3034 0.0706, 1.7033 -0.3034 2.2244, 1.6718 -0.3661 0.0079, 1.6585 -0.3871 0.0079, 1.647 -0.4037 0.0079, 1.2763 -0.6019 0.3419, 1.2866 -0.6014 0.3316, 1.3504 -0.5931 2.2244, 1.2559 -0.6024 2.2244, 1.2559 -0.6024 0.3522, 1.2638 -0.6023 0.3493, 1.5983 -0.4605 2.2244, 1.5249 -0.5208 2.2244, 1.5249 -0.5208 0.2835, 1.4412 -0.5655 2.2244, 1.4412 -0.5655 0.2835, 1.3504 -0.5931 0.2835, 1.294 -0.6009 0.3191, 1.2982 -0.6005 0.3052, 1.2991 -0.6004 0.2953, 1.2991 -0.6004 0.2835, 1.7309 -0.2126 0.0709, 1.7402 -0.1181 0.0709, 1.7402 -0.1181 2.2244, 1.2499 -0.6024 0.3535, 1.24 -0.6024 0.3543, 0.6102 -0.6024 0.3543, 0.6255 -0.6024 0.3523, 0.6398 -0.6024 0.3464, 0.652 -0.6024 0.337, 0.6614 -0.6024 0.3248, 1.0728 -0.6024 0.3464, 1.0871 -0.6024 0.3523, 1.1024 -0.6024 0.3543, 1.1416 -0.6024 0.3543, 0.6693 -0.6024 0.2953, 0.6693 -0.6024 0.2835, 1.0433 -0.6024 0.2835, 0.1971 -0.6024 0.8376, 0.1988 -0.6024 0.8231, 1.0433 -0.6024 0.2953, 1.0453 -0.6024 0.3106, 0.6673 -0.6024 0.3106, 1.0512 -0.6024 0.3248, 1.0606 -0.6024 0.337, 0.1988 -0.6024 0.3543, 0.2854 -0.6024 0.3543, -0.0768 -0.6024 2.022, -0.0002 -0.6024 1.6252, 0.1169 -0.6024 1.6678, 0.1837 -0.6024 1.6507, 0.1919 -0.6024 1.6386, 0.1971 -0.6024 1.625, 0.1988 -0.6024 1.6105, 0.1312 -0.6024 1.2423, 0.1169 -0.6024 1.2456, -0.0002 -0.6024 0.8378, 0.5748 -0.6024 0.3543, 0.1919 -0.6024 2.0622, 0.1837 -0.6024 2.0501, 0.1728 -0.6024 2.0403, -0.0768 -0.6024 1.2346, -0.0768 -0.6024 0.8914, -0.0751 -0.6024 0.8779, 0.1988 -0.6024 2.2244, 0.1988 -0.6024 2.0903, 0.1971 -0.6024 2.0758, 0.1599 -0.6024 2.0335, 0.1458 -0.6024 2.0298, 0.1728 -0.6024 1.6604, 0.1728 -0.6024 1.2529, 0.1599 -0.6024 1.2461, 0.1919 -0.6024 0.8512, 0.1458 -0.6024 1.2424, -0.0768 -0.6024 1.6788, -0.0751 -0.6024 1.6653, -0.0703 -0.6024 1.6525, -0.0751 -0.6024 2.0355, -0.0002 -0.6024 2.0756, -0.0703 -0.6024 2.0483, -0.0626 -0.6024 2.0596, 0.1312 -0.6024 1.6711, 0.1458 -0.6024 1.671, 0.1599 -0.6024 1.6673, 0.1988 -0.6024 1.3029, 0.1971 -0.6024 1.2884, 0.1919 -0.6024 1.2748, 0.1837 -0.6024 1.2627, -0.0524 -0.6024 1.6321, -0.0404 -0.6024 1.6256, -0.0271 -0.6024 1.6222, -0.0135 -0.6024 2.0787, -0.0271 -0.6024 2.0786, -0.0524 -0.6024 2.0687, -0.0404 -0.6024 2.0752, 0.1169 -0.6024 2.033, 0.1312 -0.6024 2.0297, -0.0002 -0.6024 1.2882, -0.0135 -0.6024 1.2913, -0.0751 -0.6024 1.2481, -0.0271 -0.6024 1.2912, -0.0404 -0.6024 1.2878, -0.0703 -0.6024 0.8651, -0.0626 -0.6024 0.8538, -0.0524 -0.6024 0.8447, -0.0404 -0.6024 0.8382, -0.0271 -0.6024 0.8348, -0.0135 -0.6024 0.8347, -0.0626 -0.6024 1.6412, -0.0135 -0.6024 1.6221, 0.1599 -0.6024 0.8799, 0.1728 -0.6024 0.873, 0.1837 -0.6024 0.8633, -0.0524 -0.6024 1.2813, -0.0626 -0.6024 1.2722, -0.0703 -0.6024 1.2609, 0.1169 -0.6024 0.8804, 0.1312 -0.6024 0.8837, 0.1458 -0.6024 0.8836
            ]
        }
        coordIndex [
            0,1,2,-1,0,3,1,-1,1,3,4,-1,1,4,5,-1,4,6,5,-1,5,6,7,-1,5,7,8,-1,7,9,8,-1,8,9,10,-1,8,10,11,-1,12,13,14,-1,14,13,11,-1,14,11,15,-1,15,11,10,-1,16,17,18,-1,18,17,19,-1,18,19,20,-1,20,19,21,-1,20,21,2,-1,2,21,22,-1,2,22,0,-1,23,24,25,-1,26,27,28,-1,28,27,29,-1,28,29,30,-1,30,29,25,-1,30,25,31,-1,31,25,24,-1,31,24,32,-1,1,5,33,-1,1,33,2,-1,34,35,33,-1,33,35,36,-1,36,37,33,-1,33,37,38,-1,33,38,2,-1,2,38,39,-1,2,39,20,-1,25,40,23,-1,23,40,41,-1,23,41,42,-1,42,41,43,-1,42,43,44,-1,44,43,33,-1,44,33,45,-1,45,33,5,-1,45,5,8,-1,8,11,45,-1,45,11,13,-1,45,13,46,-1,26,47,27,-1,27,47,48,-1,27,48,49,-1,50,51,52,-1,53,50,54,-1,54,50,52,-1,54,52,55,-1,56,57,58,-1,56,58,52,-1,52,58,59,-1,52,59,55,-1,60,61,62,-1,62,61,63,-1,64,65,50,-1,50,65,66,-1,67,68,61,-1,61,68,69,-1,61,69,63,-1,70,71,72,-1,72,71,73,-1,74,75,76,-1,76,75,77,-1,78,79,80,-1,80,79,81,-1,80,81,82,-1,82,81,83,-1,82,83,84,-1,85,86,67,-1,67,86,87,-1,67,87,68,-1,88,89,90,-1,91,92,82,-1,82,92,93,-1,73,94,72,-1,72,94,95,-1,72,95,85,-1,96,97,74,-1,74,97,98,-1,74,98,75,-1,99,100,101,-1,101,100,102,-1,101,102,103,-1,103,102,104,-1,103,104,80,-1,80,104,105,-1,80,105,78,-1,66,106,50,-1,50,106,107,-1,50,107,108,-1,67,109,110,-1,93,111,82,-1,82,111,112,-1,82,112,72,-1,72,112,113,-1,72,113,70,-1,84,114,82,-1,82,114,115,-1,82,115,74,-1,74,115,116,-1,74,116,96,-1,117,118,119,-1,120,119,121,-1,108,122,50,-1,50,122,123,-1,50,123,51,-1,124,125,85,-1,85,125,126,-1,85,126,72,-1,91,82,127,-1,127,82,74,-1,127,74,90,-1,90,74,128,-1,90,128,88,-1,89,129,90,-1,90,129,130,-1,90,130,131,-1,77,132,76,-1,76,132,133,-1,76,133,134,-1,121,135,120,-1,120,135,136,-1,120,136,137,-1,117,119,138,-1,67,110,85,-1,85,110,139,-1,85,139,124,-1,134,140,76,-1,76,140,141,-1,76,141,142,-1,142,141,143,-1,79,144,81,-1,81,144,145,-1,81,145,146,-1,147,148,149,-1,149,148,150,-1,149,150,81,-1,118,151,119,-1,119,151,152,-1,119,152,121,-1,153,154,155,-1,155,154,156,-1,62,157,60,-1,60,157,158,-1,60,158,159,-1,159,158,156,-1,159,156,160,-1,160,156,154,-1,146,161,81,-1,81,161,162,-1,81,162,149,-1,64,50,163,-1,163,50,164,-1,163,164,119,-1,119,164,165,-1,119,165,138,-1,137,166,120,-1,120,166,167,-1,120,167,149,-1,149,167,168,-1,149,168,147,-1,169,170,171,-1,172,173,174,-1,175,176,177,-1,177,176,178,-1,177,178,179,-1,179,180,181,-1,109,67,182,-1,182,67,181,-1,182,181,183,-1,183,181,180,-1,179,181,177,-1,177,181,184,-1,177,184,185,-1,185,184,186,-1,185,186,187,-1,187,186,188,-1,187,188,189,-1,190,191,192,-1,189,188,192,-1,192,188,193,-1,192,193,190,-1,174,173,193,-1,193,173,194,-1,193,194,190,-1,172,174,171,-1,171,174,195,-1,171,195,169,-1,196,197,198,-1,199,200,201,-1,201,200,202,-1,201,202,203,-1,203,202,198,-1,203,198,204,-1,204,198,197,-1,204,197,205,-1,206,207,208,-1,209,210,208,-1,208,210,211,-1,208,211,206,-1,198,212,196,-1,196,212,213,-1,196,213,214,-1,214,213,215,-1,214,215,216,-1,216,215,208,-1,216,208,217,-1,217,208,207,-1,217,207,218,-1,218,219,217,-1,217,219,220,-1,217,220,221,-1,199,222,200,-1,200,222,223,-1,200,223,224,-1,225,210,209,-1,225,209,226,-1,227,228,209,-1,228,229,209,-1,209,229,230,-1,209,230,231,-1,232,233,231,-1,231,233,234,-1,231,234,209,-1,209,234,235,-1,209,235,226,-1,236,237,238,-1,209,239,240,-1,238,241,236,-1,236,241,242,-1,236,242,243,-1,243,242,244,-1,243,244,231,-1,231,244,245,-1,231,245,232,-1,240,246,247,-1,248,249,250,-1,251,252,209,-1,209,252,253,-1,209,253,254,-1,255,256,257,-1,240,247,209,-1,209,247,258,-1,209,258,227,-1,209,259,251,-1,251,259,260,-1,251,260,261,-1,256,262,257,-1,257,262,263,-1,257,263,264,-1,265,266,209,-1,209,266,267,-1,209,267,259,-1,261,268,251,-1,251,268,269,-1,251,269,270,-1,271,272,273,-1,273,272,274,-1,248,275,249,-1,249,275,276,-1,249,276,277,-1,278,279,280,-1,280,279,281,-1,282,283,269,-1,269,283,284,-1,269,284,270,-1,254,285,209,-1,209,285,286,-1,209,286,239,-1,239,286,287,-1,239,287,273,-1,273,287,288,-1,273,288,271,-1,289,290,291,-1,279,292,281,-1,281,292,293,-1,281,293,294,-1,294,293,295,-1,278,248,279,-1,279,248,250,-1,279,250,296,-1,296,250,282,-1,296,282,297,-1,297,282,269,-1,256,298,262,-1,262,298,299,-1,262,299,300,-1,300,299,301,-1,300,301,302,-1,264,303,257,-1,257,303,304,-1,257,304,305,-1,305,306,257,-1,257,306,307,-1,257,307,308,-1,277,309,249,-1,249,309,289,-1,249,289,310,-1,310,289,291,-1,311,312,274,-1,274,312,313,-1,274,313,273,-1,302,314,300,-1,300,314,315,-1,300,315,316,-1,257,317,255,-1,255,317,318,-1,255,318,274,-1,274,318,319,-1,274,319,311,-1,
        ]
    }
}
Shape{
    appearance Appearance {
        material  Material 	{
            diffuseColor 0.25098039215686274 0.25098039215686274 0.25098039215686274
            specularColor 0.12549019607843137 0.12549019607843137 0.12549019607843137
            ambientIntensity 0.251
            transparency 0.0
            shininess 0.5
        }
    }
    geometry IndexedFaceSet {
        ccw TRUE
        solid FALSE
        coord DEF co Coordinate {
            point [
                0.1988 -0.5039 2.185, 0.1988 -0.5039 2.0903, 0.1988 -0.5433 2.2244, 0.1988 -0.6024 2.0903, 0.1988 -0.6024 2.2244
            ]
        }
        coordIndex [
            0,1,2,-1,2,1,3,-1,2,3,4,-1,
        ]
    }
}
Shape{
    appearance Appearance {
        material  Material 	{
            diffuseColor 0.7529411764705882 0.7529411764705882 0.7529411764705882
            specularColor 0.3764705882352941 0.3764705882352941 0.3764705882352941
            ambientIntensity 0.7529
            transparency 0.0
            shininess 0.5
        }
    }
    geometry IndexedFaceSet {
        ccw TRUE
        solid FALSE
        coord DEF co Coordinate {
            point [
                0.1988 -0.5039 2.185, 0.1988 -0.5433 2.2244, 1.2559 -0.5039 2.185, 1.2559 -0.5433 2.2244, 1.6704 -0.2127 2.2244, 1.6811 -0.1181 2.2244, 1.6417 -0.1181 2.185, 1.6345 -0.1825 2.185, 1.6321 -0.204 2.185, 1.639 -0.3026 2.2244, 1.6078 -0.2733 2.185, 1.6035 -0.2855 2.185, 1.5883 -0.3832 2.2244, 1.5598 -0.355 2.185, 1.5576 -0.3587 2.185, 1.521 -0.4505 2.2244, 1.4965 -0.4198 2.185, 1.4928 -0.4221 2.185, 1.4404 -0.5012 2.2244, 1.4233 -0.4657 2.185, 1.4111 -0.47 2.185, 1.3505 -0.5326 2.2244, 1.3203 -0.4967 2.185, 1.3418 -0.4943 2.185, 1.6417 0.1181 2.185, 1.6811 0.1181 2.2244, 1.2559 0.5039 2.185, 1.3203 0.4967 2.185, 1.2559 0.5433 2.2244, 1.3505 0.5326 2.2244, 1.3418 0.4943 2.185, 1.4111 0.47 2.185, 1.4404 0.5012 2.2244, 1.4233 0.4657 2.185, 1.4928 0.4221 2.185, 1.521 0.4505 2.2244, 1.4965 0.4198 2.185, 1.5883 0.3832 2.2244, 1.5576 0.3587 2.185, 1.5598 0.355 2.185, 1.639 0.3026 2.2244, 1.6035 0.2855 2.185, 1.6078 0.2733 2.185, 1.6704 0.2127 2.2244, 1.6345 0.1825 2.185, 1.6321 0.204 2.185, -1.2559 0.5039 2.185, -1.2559 0.5433 2.2244, -1.6417 0.1181 2.185, -1.6345 0.1825 2.185, -1.6811 0.1181 2.2244, -1.6704 0.2127 2.2244, -1.6321 0.204 2.185, -1.6078 0.2733 2.185, -1.639 0.3026 2.2244, -1.6035 0.2855 2.185, -1.5598 0.355 2.185, -1.5883 0.3832 2.2244, -1.5576 0.3587 2.185, -1.521 0.4505 2.2244, -1.4965 0.4198 2.185, -1.4928 0.4221 2.185, -1.4404 0.5012 2.2244, -1.4233 0.4657 2.185, -1.4111 0.47 2.185, -1.3505 0.5326 2.2244, -1.3203 0.4967 2.185, -1.3418 0.4943 2.185, -1.6417 -0.1181 2.185, -1.6811 -0.1181 2.2244, -1.3505 -0.5326 2.2244, -1.2559 -0.5433 2.2244, -1.2559 -0.5039 2.185, -1.3203 -0.4967 2.185, -1.3418 -0.4943 2.185, -1.4404 -0.5012 2.2244, -1.4111 -0.47 2.185, -1.4233 -0.4657 2.185, -1.521 -0.4505 2.2244, -1.4928 -0.4221 2.185, -1.4965 -0.4198 2.185, -1.5883 -0.3832 2.2244, -1.5576 -0.3587 2.185, -1.5598 -0.355 2.185, -1.639 -0.3026 2.2244, -1.6035 -0.2855 2.185, -1.6078 -0.2733 2.185, -1.6704 -0.2127 2.2244, -1.6345 -0.1825 2.185, -1.6321 -0.204 2.185, 0.1949 -0.5433 2.2244, 0.1949 -0.5039 2.185
            ]
        }
        coordIndex [
            0,1,2,-1,2,1,3,-1,4,5,6,-1,6,7,4,-1,4,7,8,-1,4,8,9,-1,8,10,9,-1,9,10,11,-1,9,11,12,-1,11,13,12,-1,12,13,14,-1,12,14,15,-1,14,16,15,-1,15,16,17,-1,15,17,18,-1,17,19,18,-1,18,19,20,-1,18,20,21,-1,2,3,22,-1,22,3,21,-1,22,21,23,-1,23,21,20,-1,6,5,24,-1,24,5,25,-1,26,27,28,-1,28,27,29,-1,27,30,29,-1,29,30,31,-1,29,31,32,-1,31,33,32,-1,32,33,34,-1,32,34,35,-1,35,34,36,-1,35,36,37,-1,36,38,37,-1,37,38,39,-1,37,39,40,-1,39,41,40,-1,40,41,42,-1,40,42,43,-1,24,25,44,-1,44,25,43,-1,44,43,45,-1,45,43,42,-1,26,28,46,-1,46,28,47,-1,48,49,50,-1,50,49,51,-1,49,52,51,-1,51,52,53,-1,51,53,54,-1,53,55,54,-1,54,55,56,-1,54,56,57,-1,57,56,58,-1,57,58,59,-1,58,60,59,-1,59,60,61,-1,59,61,62,-1,61,63,62,-1,62,63,64,-1,62,64,65,-1,46,47,66,-1,66,47,65,-1,66,65,67,-1,67,65,64,-1,48,50,68,-1,68,50,69,-1,70,71,72,-1,72,73,70,-1,70,73,74,-1,70,74,75,-1,74,76,75,-1,75,76,77,-1,75,77,78,-1,77,79,78,-1,78,79,80,-1,78,80,81,-1,80,82,81,-1,81,82,83,-1,81,83,84,-1,83,85,84,-1,84,85,86,-1,84,86,87,-1,68,69,88,-1,88,69,87,-1,88,87,89,-1,89,87,86,-1,90,91,71,-1,71,91,72,-1,
        ]
    }
}
Shape{
    appearance Appearance {
        material  Material 	{
            diffuseColor 0.25098039215686274 0.25098039215686274 0.25098039215686274
            specularColor 0.12549019607843137 0.12549019607843137 0.12549019607843137
            ambientIntensity 0.251
            transparency 0.0
            shininess 0.5
        }
    }
    geometry IndexedFaceSet {
        ccw TRUE
        solid FALSE
        coord DEF co Coordinate {
            point [
                0.1949 -0.5433 2.2244, 0.1949 -0.6024 2.2244, 0.1949 -0.5039 2.185, 0.1949 -0.6024 2.0903, 0.1949 -0.5039 2.0903
            ]
        }
        coordIndex [
            0,1,2,-1,2,1,3,-1,2,3,4,-1,
        ]
    }
}
Shape{
    appearance Appearance {
        material  Material 	{
            diffuseColor 0.7529411764705882 0.7529411764705882 0.7529411764705882
            specularColor 0.3764705882352941 0.3764705882352941 0.3764705882352941
            ambientIntensity 0.7529
            transparency 0.0
            shininess 0.5
        }
    }
    geometry IndexedFaceSet {
        ccw TRUE
        solid FALSE
        coord DEF co Coordinate {
            point [
                1.2991 0.5015 0.2835, 1.2991 0.5015 0.2953, 1.2991 0.6004 0.2835, 1.2991 0.6004 0.2953, 1.647 0.4037 0.2835, 1.6187 0.4341 0.2835, 1.5983 0.4605 0.2835, 1.5841 0.4572 0.2835, 1.5249 0.5208 0.2835, 1.3118 0.4999 0.2835, 1.3504 0.5931 0.2835, 1.3205 0.4981 0.2835, 1.5452 0.4715 0.2835, 1.5039 0.4764 0.2835, 1.4412 0.5655 0.2835, 1.3991 0.4764 0.2835, 1.3561 0.4907 0.2835, 1.647 0.4037 0.0079, 1.6187 0.4341 0.0079, 1.5841 0.4572 0.0079, 1.5452 0.4715 0.0079, 1.5039 0.4764 0.0079, 1.5859 0.3842 0.0079, 1.6003 0.3675 0.0079, 1.6585 0.3871 0.0079, 1.6718 0.3661 0.0079, 1.378 0.4173 0.0079, 1.378 0.4764 0.0079, 1.5039 0.4173 0.0079, 1.5338 0.4135 0.0079, 1.5618 0.4022 0.0079, 1.6262 0.3211 0.0529, 1.6139 0.3389 0.0351, 1.6044 0.3505 0.0235, 1.5994 0.3536 0.0212, 1.5931 0.3575 0.0183, 1.6377 0.3033 0.0712, 1.7033 0.3034 0.0706, 1.7034 0.3032 0.0709, 1.6524 0.2716 0.0709, 1.6749 0.1905 0.0709, 1.7309 0.2126 0.0709, 1.6811 0.1181 0.0709, 1.7402 0.1181 0.0709, 1.6811 -0.1181 0.0709, 1.7402 -0.1181 0.0709, 1.6749 -0.1905 0.0709, 1.7309 -0.2126 0.0709, 1.6524 -0.2716 0.0709, 1.7034 -0.3031 0.0709, 1.6381 -0.3031 0.0709, 1.7402 0.1181 2.2244, 1.7402 -0.1181 2.2244
            ]
        }
        coordIndex [
            0,1,2,-1,2,1,3,-1,4,5,6,-1,6,5,7,-1,6,7,8,-1,0,2,9,-1,9,2,10,-1,9,10,11,-1,7,12,8,-1,8,12,13,-1,8,13,14,-1,14,13,15,-1,14,15,10,-1,10,15,16,-1,10,16,11,-1,4,17,18,-1,4,18,5,-1,5,18,19,-1,5,19,7,-1,7,19,20,-1,7,20,12,-1,12,20,21,-1,12,21,13,-1,22,17,23,-1,23,17,24,-1,23,24,25,-1,26,27,28,-1,28,27,21,-1,28,21,29,-1,29,21,20,-1,29,20,30,-1,30,20,19,-1,30,19,22,-1,22,19,18,-1,22,18,17,-1,31,32,25,-1,25,32,33,-1,25,33,23,-1,23,33,34,-1,23,34,35,-1,31,25,36,-1,36,25,37,-1,36,37,38,-1,39,36,38,-1,39,38,40,-1,40,38,41,-1,40,41,42,-1,42,41,43,-1,42,43,44,-1,44,43,45,-1,44,45,46,-1,46,45,47,-1,46,47,48,-1,48,47,49,-1,48,49,50,-1,43,51,45,-1,45,51,52,-1,
        ]
    }
}
Shape{
    appearance Appearance {
        material  Material 	{
            diffuseColor 0.25098039215686274 0.25098039215686274 0.25098039215686274
            specularColor 0.12549019607843137 0.12549019607843137 0.12549019607843137
            ambientIntensity 0.251
            transparency 0.0
            shininess 0.5
        }
    }
    geometry IndexedFaceSet {
        ccw TRUE
        solid FALSE
        coord DEF co Coordinate {
            point [
                1.24 0.5039 0.3543, 1.24 0.5025 0.3543, 1.24 0.5025 0.3228, 1.24 0.6142 0.126, 1.24 0.6142 0.3543, 1.24 0.6024 0.3543, 1.24 0.4827 0.3032, 1.24 0.374 0.126, 1.24 0.3465 0.3032, 1.24 0.3465 0.126, 1.1416 0.6142 0.3543, 1.0628 0.6142 0.2756, 1.0628 0.6142 0.126, 1.1416 0.6024 0.3543, 1.0628 0.5039 0.2756, 1.1416 0.5039 0.3543, 0.7874 0.5039 0.126, 0.6535 0.5039 0.126, 0.6535 0.5039 0.2756, 0.5748 0.5039 0.3543, 0.5685 0.5039 0.3961, 0.5807 0.5039 0.4055, 1.0433 0.5039 0.2835, 1.0433 0.5039 0.2953, 0.5512 0.5039 0.3543, 0.5532 0.5039 0.3696, 0.5591 0.5039 0.3839, 1.0628 0.5039 0.126, 0.6693 0.5039 0.2835, 0.595 0.5039 0.4114, 0.6102 0.5039 0.4134, 0.6255 0.5039 0.4114, 0.6693 0.5039 0.3543, 0.6673 0.5039 0.3696, 0.6614 0.5039 0.3839, 0.6398 0.5039 0.4055, 0.652 0.5039 0.3961, 1.0453 0.5039 0.3106, 1.0512 0.5039 0.3248, 1.0606 0.5039 0.337, 1.0728 0.5039 0.3464, 1.0871 0.5039 0.3523, 1.1024 0.5039 0.3543
            ]
        }
        coordIndex [
            0,1,2,-1,3,4,5,-1,0,2,5,-1,5,2,3,-1,3,2,6,-1,3,6,7,-1,7,6,8,-1,7,8,9,-1,10,4,11,-1,11,4,3,-1,11,3,12,-1,10,11,13,-1,13,11,14,-1,13,14,15,-1,16,17,18,-1,19,20,21,-1,22,23,15,-1,24,25,19,-1,19,25,26,-1,19,26,20,-1,15,14,22,-1,22,14,27,-1,22,27,28,-1,21,29,19,-1,19,29,30,-1,19,30,31,-1,27,16,28,-1,28,16,18,-1,28,18,32,-1,32,18,19,-1,32,19,33,-1,33,19,34,-1,31,35,19,-1,19,35,36,-1,19,36,34,-1,37,38,39,-1,39,40,37,-1,37,40,41,-1,37,41,23,-1,23,41,42,-1,23,42,15,-1,
        ]
    }
}
Shape{
    appearance Appearance {
        material  Material 	{
            diffuseColor 0.7529411764705882 0.7529411764705882 0.7529411764705882
            specularColor 0.3764705882352941 0.3764705882352941 0.3764705882352941
            ambientIntensity 0.7529
            transparency 0.0
            shininess 0.5
        }
    }
    geometry IndexedFaceSet {
        ccw TRUE
        solid FALSE
        coord DEF co Coordinate {
            point [
                1.0202 0.8131 -0.3706, 1.0328 0.8825 -0.3543, 1.0328 0.8104 -0.3543, 1.0406 0.8857 -0.3353, 1.0406 0.8072 -0.3353, 1.0433 0.8891 -0.315, 1.0433 0.8038 -0.315, 0.9646 0.8169 -0.3937, 0.9646 0.876 -0.3937, 0.9748 0.8168 -0.393, 0.9748 0.8761 -0.393, 0.9849 0.8165 -0.391, 0.9849 0.8764 -0.391, 0.9947 0.8159 -0.3877, 0.9947 0.877 -0.3877, 1.0039 0.8152 -0.3832, 1.0039 0.8777 -0.3832, 1.0125 0.8142 -0.3774, 1.0125 0.8787 -0.3774, 1.0202 0.8798 -0.3706, 0.9252 0.876 -0.3937, 0.8465 0.8957 -0.2756, 0.8951 0.877 -0.3877, 0.8858 0.8777 -0.3832, 0.8465 0.8891 -0.315, 0.9048 0.8764 -0.391, 0.8773 0.8787 -0.3774, 0.8695 0.8798 -0.3706, 0.8491 0.8857 -0.3353, 0.857 0.8825 -0.3543, 0.9149 0.8761 -0.393, 1.0433 0.8957 -0.2756, 0.6693 0.8957 0.0984, 0.6693 0.8957 0.1457, 0.7283 0.8957 0.0394, 1.0433 0.8957 0.1457, 0.8465 0.8957 -0.0197, 0.8444 0.8957 -0.0044, 0.8385 0.8957 0.0098, 0.8292 0.8957 0.0221, 0.8169 0.8957 0.0315, 0.8027 0.8957 0.0374, 0.7874 0.8957 0.0394, 0.6866 0.8957 0.0567, 0.6988 0.8957 0.0473, 0.7131 0.8957 0.0414, 0.6772 0.8957 0.0689, 0.6713 0.8957 0.0831, 0.6693 0.8916 0.1762, 1.0433 0.8916 0.1762, 0.6693 0.8798 0.2047, 1.0433 0.8798 0.2047, 0.6693 0.8611 0.2292, 1.0433 0.8611 0.2292, 0.6693 0.8366 0.248, 1.0433 0.8366 0.248, 0.6693 0.8081 0.2598, 1.0433 0.8081 0.2598, 0.6693 0.7776 0.2638, 1.0433 0.7776 0.2638, 0.6693 0.622 0.2638, 1.0433 0.622 0.2638, 0.6693 0.622 0.1654, 1.0433 0.622 0.1654, 1.0433 0.5915 0.1694, 0.6693 0.5915 0.1694, 1.0433 0.563 0.1812, 0.6693 0.563 0.1812, 1.0433 0.5385 0.1999, 0.6693 0.5385 0.1999, 1.0433 0.5198 0.2244, 0.6693 0.5198 0.2244, 1.0433 0.508 0.2529, 0.6693 0.508 0.2529, 1.0433 0.5039 0.2835, 0.6693 0.5039 0.2835, 0.6693 0.7776 0.1654, 1.0433 0.7776 0.1654, 0.6693 0.7972 0.1457, 1.0433 0.7972 0.1457, 0.6693 0.7966 0.1508, 1.0433 0.7966 0.1508, 0.6693 0.7946 0.1555, 1.0433 0.7946 0.1555, 0.6693 0.7915 0.1596, 1.0433 0.7915 0.1596, 0.6693 0.7874 0.1627, 1.0433 0.7874 0.1627, 0.6693 0.7827 0.1647, 1.0433 0.7827 0.1647, 0.8027 0.7972 0.0374, 0.8169 0.7972 0.0315, 0.8292 0.7972 0.0221, 0.8385 0.7972 0.0098, 0.8465 0.7972 -0.2756, 1.0433 0.7972 -0.2756, 0.8465 0.7972 -0.0197, 0.8444 0.7972 -0.0044, 0.7874 0.7972 0.0394, 0.7283 0.7972 0.0394, 0.6693 0.7972 0.0984, 0.6713 0.7972 0.0831, 0.6772 0.7972 0.0689, 0.6866 0.7972 0.0567, 0.6988 0.7972 0.0473, 0.7131 0.7972 0.0414, 0.8773 0.8142 -0.3774, 0.8465 0.8038 -0.315, 0.8695 0.8131 -0.3706, 0.8491 0.8072 -0.3353, 0.857 0.8104 -0.3543, 0.8858 0.8152 -0.3832, 0.8951 0.8159 -0.3877, 0.9048 0.8165 -0.391, 0.9149 0.8168 -0.393, 0.9252 0.8169 -0.3937
            ]
        }
        coordIndex [
            0,1,2,-1,2,1,3,-1,2,3,4,-1,4,3,5,-1,4,5,6,-1,7,8,9,-1,9,8,10,-1,9,10,11,-1,11,10,12,-1,11,12,13,-1,13,12,14,-1,13,14,15,-1,15,14,16,-1,15,16,17,-1,17,16,18,-1,17,18,0,-1,0,18,19,-1,0,19,1,-1,8,20,21,-1,22,23,24,-1,22,24,25,-1,23,26,24,-1,24,26,27,-1,24,27,28,-1,28,27,29,-1,18,5,19,-1,19,5,3,-1,19,3,1,-1,18,16,5,-1,5,16,14,-1,5,14,12,-1,21,20,24,-1,24,20,30,-1,24,30,25,-1,21,31,8,-1,8,31,5,-1,8,5,10,-1,10,5,12,-1,32,33,34,-1,31,21,35,-1,35,21,36,-1,36,37,35,-1,35,37,38,-1,35,38,39,-1,39,40,35,-1,35,40,41,-1,35,41,33,-1,33,41,42,-1,33,42,34,-1,43,34,44,-1,44,34,45,-1,43,46,34,-1,34,46,47,-1,34,47,32,-1,35,33,48,-1,35,48,49,-1,49,48,50,-1,49,50,51,-1,51,50,52,-1,51,52,53,-1,53,52,54,-1,53,54,55,-1,55,54,56,-1,55,56,57,-1,57,56,58,-1,57,58,59,-1,60,61,58,-1,58,61,59,-1,62,63,64,-1,62,64,65,-1,65,64,66,-1,65,66,67,-1,67,66,68,-1,67,68,69,-1,69,68,70,-1,69,70,71,-1,71,70,72,-1,71,72,73,-1,73,72,74,-1,73,74,75,-1,76,77,62,-1,62,77,63,-1,78,79,80,-1,80,79,81,-1,80,81,82,-1,82,81,83,-1,82,83,84,-1,84,83,85,-1,84,85,86,-1,86,85,87,-1,86,87,88,-1,88,87,89,-1,88,89,76,-1,76,89,77,-1,90,91,79,-1,79,91,92,-1,79,92,93,-1,94,95,96,-1,96,95,79,-1,96,79,97,-1,97,79,93,-1,90,79,98,-1,98,79,78,-1,98,78,99,-1,99,78,100,-1,99,100,101,-1,101,102,103,-1,103,104,101,-1,101,104,105,-1,101,105,99,-1,106,107,108,-1,108,107,109,-1,108,109,110,-1,13,15,6,-1,106,111,107,-1,107,111,112,-1,107,112,113,-1,13,6,11,-1,15,17,6,-1,6,17,0,-1,6,0,4,-1,4,0,2,-1,113,114,107,-1,107,114,115,-1,107,115,94,-1,94,115,95,-1,95,115,7,-1,95,7,6,-1,6,7,9,-1,6,9,11,-1,34,99,105,-1,34,105,45,-1,45,105,104,-1,45,104,44,-1,44,104,103,-1,44,103,43,-1,43,103,102,-1,43,102,46,-1,46,102,101,-1,46,101,47,-1,47,101,100,-1,47,100,32,-1,
        ]
    }
}
Shape{
    appearance Appearance {
        material  Material 	{
            diffuseColor 0.25098039215686274 0.25098039215686274 0.25098039215686274
            specularColor 0.12549019607843137 0.12549019607843137 0.12549019607843137
            ambientIntensity 0.251
            transparency 0.0
            shininess 0.5
        }
    }
    geometry IndexedFaceSet {
        ccw TRUE
        solid FALSE
        coord DEF co Coordinate {
            point [
                0.6535 0.6142 0.2756, 0.5748 0.6142 0.3543, 0.6535 0.5039 0.2756, 0.5748 0.5039 0.3543, 0.3898 0.6142 0.126, 0.2067 0.6142 0.126, 0.2067 0.6142 0.2756, 0.6535 0.6142 0.126, 0.2854 0.6142 0.3543, 0.2067 0.5039 0.2756, 0.2854 0.5039 0.3543, 0.2048 0.5039 0.3839, 0.2141 0.5039 0.3961, 0.1889 0.5039 0.1476, 0.2067 0.5039 0.126, 0.1796 0.5039 0.1354, 0.1969 0.5039 0.126, 0.1673 0.5039 0.126, 0.1673 0.5039 0.126, 0.2559 0.5039 0.4134, 0.2712 0.5039 0.4114, 0.2854 0.5039 0.4055, 0.2977 0.5039 0.3961, 0.3071 0.5039 0.3839, 0.3129 0.5039 0.3696, 0.315 0.5039 0.3543, 0.1948 0.5039 0.1619, 0.1969 0.5039 0.1772, 0.1969 0.5039 0.3543, 0.1989 0.5039 0.3696, 0.2264 0.5039 0.4055, 0.2406 0.5039 0.4114, 0.1531 0.5039 0.1201, 0.1378 0.5039 0.1181, 0.0 0.5039 0.126, -0.1378 0.5039 0.1181, -0.1673 0.5039 0.126, -0.1531 0.5039 0.1201, -0.1969 0.5039 0.126, -0.2067 0.5039 0.126, -0.1889 0.5039 0.1476, -0.2854 0.5039 0.3543, -0.315 0.5039 0.3543, -0.3129 0.5039 0.3696, -0.307 0.5039 0.3839, -0.2977 0.5039 0.3961, -0.2854 0.5039 0.4055, -0.1796 0.5039 0.1354, -0.1673 0.5039 0.126, -0.2712 0.5039 0.4114, -0.2559 0.5039 0.4134, -0.2406 0.5039 0.4114, -0.2264 0.5039 0.4055, -0.2141 0.5039 0.3961, -0.2048 0.5039 0.3839, -0.1989 0.5039 0.3696, -0.1969 0.5039 0.3543, -0.2067 0.5039 0.2756, -0.1969 0.5039 0.1772, -0.1948 0.5039 0.1619, -0.2067 0.6142 0.2756, -0.2854 0.6142 0.3543, -0.6535 0.6142 0.2756, -0.5748 0.6142 0.3543, -0.6535 0.6142 0.126, -0.3898 0.6142 0.126, -0.2067 0.6142 0.126, -0.6535 0.5039 0.2756, -0.5748 0.5039 0.3543, -1.0433 0.5039 0.2953, -1.0433 0.5039 0.2835, -1.0628 0.5039 0.2756, -1.1416 0.5039 0.3543, -1.1024 0.5039 0.3543, -0.6535 0.5039 0.126, -0.6693 0.5039 0.2835, -0.7874 0.5039 0.126, -1.0628 0.5039 0.126, -0.6102 0.5039 0.4134, -0.595 0.5039 0.4114, -0.5807 0.5039 0.4055, -0.5685 0.5039 0.3961, -0.6614 0.5039 0.3839, -0.652 0.5039 0.3961, -0.5591 0.5039 0.3839, -0.5532 0.5039 0.3696, -0.5512 0.5039 0.3543, -0.6673 0.5039 0.3696, -1.0871 0.5039 0.3523, -1.0728 0.5039 0.3464, -1.0606 0.5039 0.337, -1.0512 0.5039 0.3248, -1.0453 0.5039 0.3106, -0.6693 0.5039 0.3543, -0.6398 0.5039 0.4055, -0.6255 0.5039 0.4114
            ]
        }
        coordIndex [
            0,1,2,-1,2,1,3,-1,4,5,6,-1,0,7,1,-1,1,7,4,-1,1,4,8,-1,8,4,6,-1,9,10,6,-1,6,10,8,-1,11,12,10,-1,13,14,15,-1,15,14,16,-1,15,16,17,-1,17,16,18,-1,19,20,10,-1,10,20,21,-1,10,21,22,-1,22,23,10,-1,10,23,24,-1,10,24,25,-1,13,26,14,-1,14,26,27,-1,14,27,9,-1,9,27,28,-1,9,28,10,-1,10,28,29,-1,10,29,11,-1,12,30,10,-1,10,30,31,-1,10,31,19,-1,32,18,33,-1,33,18,34,-1,33,34,35,-1,35,34,36,-1,35,36,37,-1,38,39,40,-1,41,42,43,-1,43,44,41,-1,41,44,45,-1,41,45,46,-1,40,47,38,-1,38,47,48,-1,38,48,36,-1,46,49,41,-1,41,49,50,-1,41,50,51,-1,51,52,41,-1,41,52,53,-1,41,53,54,-1,54,55,41,-1,41,55,56,-1,41,56,57,-1,57,56,58,-1,57,58,39,-1,39,58,59,-1,39,59,40,-1,60,61,57,-1,57,61,41,-1,62,63,61,-1,64,62,65,-1,65,62,61,-1,65,61,66,-1,66,61,60,-1,67,68,62,-1,62,68,63,-1,69,70,71,-1,71,72,73,-1,67,74,75,-1,75,74,76,-1,75,76,70,-1,70,76,77,-1,70,77,71,-1,78,79,68,-1,68,79,80,-1,68,80,81,-1,82,83,68,-1,81,84,68,-1,68,84,85,-1,68,85,86,-1,82,68,87,-1,73,88,71,-1,71,88,89,-1,71,89,90,-1,90,91,71,-1,71,91,92,-1,71,92,69,-1,67,75,68,-1,68,75,93,-1,68,93,87,-1,83,94,68,-1,68,94,95,-1,68,95,78,-1,
        ]
    }
}
Shape{
    appearance Appearance {
        material  Material 	{
            diffuseColor 0.7529411764705882 0.7529411764705882 0.7529411764705882
            specularColor 0.3764705882352941 0.3764705882352941 0.3764705882352941
            ambientIntensity 0.7529
            transparency 0.0
            shininess 0.5
        }
    }
    geometry IndexedFaceSet {
        ccw TRUE
        solid FALSE
        coord DEF co Coordinate {
            point [
                -1.0433 0.7972 0.1457, -0.6693 0.7972 0.1457, -1.0433 0.7966 0.1508, -0.6693 0.7966 0.1508, -1.0433 0.7946 0.1555, -0.6693 0.7946 0.1555, -1.0433 0.7915 0.1596, -0.6693 0.7915 0.1596, -1.0433 0.7874 0.1627, -0.6693 0.7874 0.1627, -1.0433 0.7827 0.1647, -0.6693 0.7827 0.1647, -1.0433 0.7776 0.1654, -0.6693 0.7776 0.1654, -0.6693 0.622 0.1654, -1.0433 0.622 0.1654, -0.6693 0.5039 0.2835, -1.0433 0.5039 0.2835, -1.0433 0.508 0.2529, -0.6693 0.508 0.2529, -1.0433 0.5198 0.2244, -0.6693 0.5198 0.2244, -1.0433 0.5385 0.1999, -0.6693 0.5385 0.1999, -1.0433 0.563 0.1812, -0.6693 0.563 0.1812, -1.0433 0.5915 0.1694, -0.6693 0.5915 0.1694, -0.6693 0.7776 0.2638, -1.0433 0.7776 0.2638, -0.6693 0.622 0.2638, -1.0433 0.622 0.2638, -0.6693 0.8081 0.2598, -1.0433 0.8081 0.2598, -0.6693 0.8366 0.248, -1.0433 0.8366 0.248, -0.6693 0.8611 0.2292, -1.0433 0.8611 0.2292, -0.6693 0.8798 0.2047, -1.0433 0.8798 0.2047, -0.6693 0.8916 0.1762, -1.0433 0.8916 0.1762, -0.6693 0.8957 0.1457, -1.0433 0.8957 0.1457, -0.8292 0.8957 0.0221, -0.8385 0.8957 0.0098, -0.7283 0.8957 0.0394, -0.7874 0.8957 0.0394, -0.8169 0.8957 0.0315, -0.8027 0.8957 0.0374, -0.8465 0.8957 -0.2756, -1.0433 0.8957 -0.2756, -0.8465 0.8957 -0.0197, -0.8444 0.8957 -0.0044, -0.6693 0.8957 0.0984, -0.6713 0.8957 0.0831, -0.6772 0.8957 0.0689, -0.6866 0.8957 0.0567, -0.6988 0.8957 0.0473, -0.7131 0.8957 0.0414, -0.6693 0.7972 0.0984, -0.6713 0.7972 0.0831, -0.6772 0.7972 0.0689, -0.6866 0.7972 0.0567, -0.6988 0.7972 0.0473, -0.7131 0.7972 0.0414, -0.7283 0.7972 0.0394, -0.8444 0.7972 -0.0044, -0.8385 0.7972 0.0098, -0.8292 0.7972 0.0221, -1.0433 0.7972 -0.2756, -0.8465 0.7972 -0.2756, -0.8465 0.7972 -0.0197, -0.8169 0.7972 0.0315, -0.8027 0.7972 0.0374, -0.7874 0.7972 0.0394, -0.9252 0.876 -0.3937, -0.9646 0.876 -0.3937, -0.9947 0.877 -0.3877, -1.0039 0.8777 -0.3832, -1.0433 0.8891 -0.315, -0.9849 0.8764 -0.391, -1.0125 0.8787 -0.3774, -1.0202 0.8798 -0.3706, -1.0406 0.8857 -0.3353, -1.0328 0.8825 -0.3543, -0.8773 0.8787 -0.3774, -0.8465 0.8891 -0.315, -0.8695 0.8798 -0.3706, -0.8491 0.8857 -0.3353, -0.857 0.8825 -0.3543, -0.8858 0.8777 -0.3832, -0.8951 0.877 -0.3877, -0.9048 0.8764 -0.391, -0.9748 0.8761 -0.393, -0.9149 0.8761 -0.393, -0.9646 0.8169 -0.3937, -0.9748 0.8168 -0.393, -0.9849 0.8165 -0.391, -0.9947 0.8159 -0.3877, -1.0039 0.8152 -0.3832, -1.0125 0.8142 -0.3774, -1.0202 0.8131 -0.3706, -1.0328 0.8104 -0.3543, -1.0406 0.8072 -0.3353, -1.0433 0.8038 -0.315, -0.8951 0.8159 -0.3877, -0.8858 0.8152 -0.3832, -0.8465 0.8038 -0.315, -0.9048 0.8165 -0.391, -0.8773 0.8142 -0.3774, -0.8695 0.8131 -0.3706, -0.8491 0.8072 -0.3353, -0.857 0.8104 -0.3543, -0.9252 0.8169 -0.3937, -0.9149 0.8168 -0.393
            ]
        }
        coordIndex [
            0,1,2,-1,2,1,3,-1,2,3,4,-1,4,3,5,-1,4,5,6,-1,6,5,7,-1,6,7,8,-1,8,7,9,-1,8,9,10,-1,10,9,11,-1,10,11,12,-1,12,11,13,-1,14,15,13,-1,13,15,12,-1,16,17,18,-1,16,18,19,-1,19,18,20,-1,19,20,21,-1,21,20,22,-1,21,22,23,-1,23,22,24,-1,23,24,25,-1,25,24,26,-1,25,26,27,-1,27,26,15,-1,27,15,14,-1,28,29,30,-1,30,29,31,-1,29,28,32,-1,29,32,33,-1,33,32,34,-1,33,34,35,-1,35,34,36,-1,35,36,37,-1,37,36,38,-1,37,38,39,-1,39,38,40,-1,39,40,41,-1,41,40,42,-1,41,42,43,-1,44,45,43,-1,46,47,42,-1,44,43,48,-1,42,47,43,-1,43,47,49,-1,43,49,48,-1,50,51,52,-1,52,51,43,-1,52,43,53,-1,53,43,45,-1,42,54,46,-1,46,54,55,-1,46,55,56,-1,56,57,46,-1,46,57,58,-1,46,58,59,-1,54,60,61,-1,54,61,55,-1,55,61,62,-1,55,62,56,-1,56,62,63,-1,56,63,57,-1,57,63,64,-1,57,64,58,-1,58,64,65,-1,58,65,59,-1,59,65,66,-1,59,66,46,-1,67,68,0,-1,0,68,69,-1,70,71,0,-1,0,71,72,-1,0,72,67,-1,63,62,61,-1,63,61,64,-1,69,73,0,-1,0,73,74,-1,0,74,1,-1,1,74,75,-1,1,75,60,-1,60,75,66,-1,60,66,61,-1,61,66,65,-1,61,65,64,-1,76,77,51,-1,78,79,80,-1,78,80,81,-1,79,82,80,-1,80,82,83,-1,80,83,84,-1,84,83,85,-1,86,87,88,-1,88,87,89,-1,88,89,90,-1,86,91,87,-1,87,91,92,-1,87,92,93,-1,51,77,80,-1,80,77,94,-1,80,94,81,-1,51,50,76,-1,76,50,87,-1,76,87,95,-1,95,87,93,-1,77,96,94,-1,94,96,97,-1,94,97,81,-1,81,97,98,-1,81,98,78,-1,78,98,99,-1,78,99,79,-1,79,99,100,-1,79,100,82,-1,100,101,82,-1,82,101,102,-1,82,102,83,-1,83,102,103,-1,83,103,85,-1,85,103,104,-1,85,104,84,-1,84,104,105,-1,84,105,80,-1,101,105,102,-1,102,105,104,-1,102,104,103,-1,106,107,108,-1,101,100,105,-1,105,100,99,-1,105,99,98,-1,106,108,109,-1,107,110,108,-1,108,110,111,-1,108,111,112,-1,112,111,113,-1,98,97,105,-1,105,97,96,-1,105,96,70,-1,70,96,71,-1,71,96,114,-1,71,114,108,-1,108,114,115,-1,108,115,109,-1,
        ]
    }
}
Shape{
    appearance Appearance {
        material  Material 	{
            diffuseColor 0.25098039215686274 0.25098039215686274 0.25098039215686274
            specularColor 0.12549019607843137 0.12549019607843137 0.12549019607843137
            ambientIntensity 0.251
            transparency 0.0
            shininess 0.5
        }
    }
    geometry IndexedFaceSet {
        ccw TRUE
        solid FALSE
        coord DEF co Coordinate {
            point [
                -1.1416 0.5039 0.3543, -1.0628 0.5039 0.2756, -1.1416 0.6024 0.3543, -1.0628 0.6142 0.2756, -1.1416 0.6142 0.3543, -1.24 0.6142 0.3543, -1.24 0.6142 0.126, -1.0628 0.6142 0.126, -1.24 0.4827 0.3032, -1.24 0.5025 0.3228, -1.24 0.5025 0.3543, -1.24 0.5039 0.3543, -1.24 0.3465 0.3032, -1.24 0.374 0.126, -1.24 0.3465 0.126, -1.24 0.6024 0.3543, -1.2991 0.6004 0.2835, -1.2991 0.6004 0.2953, -1.2991 0.5015 0.2835, -1.2991 0.5015 0.2953
            ]
        }
        coordIndex [
            0,1,2,-1,2,1,3,-1,2,3,4,-1,5,4,6,-1,6,4,3,-1,6,3,7,-1,8,9,6,-1,9,10,11,-1,8,6,12,-1,12,6,13,-1,12,13,14,-1,9,11,6,-1,6,11,15,-1,6,15,5,-1,16,17,18,-1,18,17,19,-1,
        ]
    }
}
Shape{
    appearance Appearance {
        material  Material 	{
            diffuseColor 0.7529411764705882 0.7529411764705882 0.7529411764705882
            specularColor 0.3764705882352941 0.3764705882352941 0.3764705882352941
            ambientIntensity 0.7529
            transparency 0.0
            shininess 0.5
        }
    }
    geometry IndexedFaceSet {
        ccw TRUE
        solid FALSE
        coord DEF co Coordinate {
            point [
                -1.7402 -0.1181 0.0709, -1.7402 -0.1181 2.2244, -1.7402 0.1181 0.0709, -1.7402 0.1181 2.2244, -1.6524 -0.2716 0.0709, -1.6381 -0.3027 0.0712, -1.7034 -0.3031 0.0709, -1.6749 -0.1905 0.0709, -1.7309 -0.2126 0.0709, -1.6811 -0.1181 0.0709, -1.6811 0.1181 0.0709, -1.6749 0.1905 0.0709, -1.7309 0.2126 0.0709, -1.6524 0.2716 0.0709, -1.7034 0.3032 0.0709, -1.6381 0.3027 0.0712, -1.5931 0.3575 0.0183, -1.5979 0.3532 0.0222, -1.6003 0.3675 0.0079, -1.6718 0.3661 0.0079, -1.6139 0.3389 0.0351, -1.6263 0.3209 0.0531, -1.7033 0.3034 0.0706, -1.378 0.4764 0.0079, -1.378 0.4173 0.0079, -1.5039 0.4764 0.0079, -1.5039 0.4173 0.0079, -1.5452 0.4715 0.0079, -1.5244 0.4155 0.0079, -1.5841 0.4572 0.0079, -1.5498 0.408 0.0079, -1.6187 0.4341 0.0079, -1.573 0.395 0.0079, -1.647 0.4037 0.0079, -1.5926 0.3772 0.0079, -1.6585 0.3871 0.0079, -1.5039 0.4764 0.2835, -1.5452 0.4715 0.2835, -1.5841 0.4572 0.2835, -1.6187 0.4341 0.2835, -1.647 0.4037 0.2835, -1.5983 0.4605 0.2835, -1.2991 0.6004 0.2835, -1.2991 0.5015 0.2835, -1.3204 0.4978 0.2835, -1.5249 0.5208 0.2835, -1.3504 0.5931 0.2835, -1.3437 0.4938 0.2835, -1.4412 0.5655 0.2835, -1.3871 0.481 0.2835, -1.3991 0.4764 0.2835, -1.24 -0.6024 0.3543, -1.2494 -0.6024 0.3536, -1.24 -0.5032 0.3543, -1.2494 -0.5039 0.3536, -1.2559 -0.5039 0.3522, -1.2559 -0.6024 0.3522, -1.2602 -0.5038 0.3508, -1.2634 -0.6023 0.3495, -1.2633 -0.5037 0.3492, -1.2732 -0.5033 0.3441, -1.276 -0.6019 0.3421, -1.2758 -0.5032 0.3418, -1.2838 -0.5029 0.3349, -1.2864 -0.6014 0.3318, -1.2861 -0.5028 0.3316, -1.2922 -0.5024 0.3229, -1.294 -0.6009 0.3192, -1.2937 -0.5023 0.3191, -1.2973 -0.502 0.3097, -1.2982 -0.6005 0.3052, -1.2978 -0.5018 0.3052, -1.2991 -0.6004 0.2953, -1.2991 -0.5015 0.2953
            ]
        }
        coordIndex [
            0,1,2,-1,2,1,3,-1,4,5,6,-1,4,6,7,-1,7,6,8,-1,7,8,9,-1,9,8,0,-1,9,0,10,-1,10,0,2,-1,10,2,11,-1,11,2,12,-1,11,12,13,-1,13,12,14,-1,13,14,15,-1,16,17,18,-1,18,17,19,-1,17,20,19,-1,19,20,21,-1,19,21,22,-1,22,21,15,-1,22,15,14,-1,23,24,25,-1,25,24,26,-1,25,26,27,-1,27,26,28,-1,27,28,29,-1,29,28,30,-1,29,30,31,-1,31,30,32,-1,31,32,33,-1,33,32,34,-1,33,34,35,-1,35,34,18,-1,35,18,19,-1,36,25,27,-1,36,27,37,-1,37,27,29,-1,37,29,38,-1,38,29,31,-1,38,31,39,-1,39,31,33,-1,39,33,40,-1,39,40,41,-1,42,43,44,-1,45,37,41,-1,41,37,38,-1,41,38,39,-1,42,44,46,-1,46,44,47,-1,46,47,48,-1,47,49,48,-1,48,49,50,-1,48,50,45,-1,45,50,36,-1,45,36,37,-1,51,52,53,-1,53,52,54,-1,54,52,55,-1,55,52,56,-1,55,56,57,-1,57,56,58,-1,57,58,59,-1,59,58,60,-1,60,58,61,-1,60,61,62,-1,62,61,63,-1,63,61,64,-1,63,64,65,-1,65,64,66,-1,66,64,67,-1,66,67,68,-1,68,67,69,-1,69,67,70,-1,69,70,71,-1,71,70,72,-1,71,72,73,-1,
        ]
    }
}
Shape{
    appearance Appearance {
        material  Material 	{
            diffuseColor 0.25098039215686274 0.25098039215686274 0.25098039215686274
            specularColor 0.12549019607843137 0.12549019607843137 0.12549019607843137
            ambientIntensity 0.251
            transparency 0.0
            shininess 0.5
        }
    }
    geometry IndexedFaceSet {
        ccw TRUE
        solid FALSE
        coord DEF co Coordinate {
            point [
                -1.1416 -0.6142 0.3543, -1.1416 -0.6024 0.3543, -1.24 -0.6142 0.3543, -1.24 -0.6024 0.3543
            ]
        }
        coordIndex [
            0,1,2,-1,2,1,3,-1,
        ]
    }
}
Shape{
    appearance Appearance {
        material  Material 	{
            diffuseColor 0.7529411764705882 0.7529411764705882 0.7529411764705882
            specularColor 0.3764705882352941 0.3764705882352941 0.3764705882352941
            ambientIntensity 0.7529
            transparency 0.0
            shininess 0.5
        }
    }
    geometry IndexedFaceSet {
        ccw TRUE
        solid FALSE
        coord DEF co Coordinate {
            point [
                -1.1024 -0.6024 0.3543, -1.1416 -0.6024 0.3543, -1.1024 -0.5039 0.3543, -1.1416 -0.5039 0.3543, -1.0433 -0.5039 0.2953, -1.0433 -0.6024 0.2953, -1.0453 -0.5039 0.3106, -1.0453 -0.6024 0.3106, -1.0512 -0.5039 0.3248, -1.0512 -0.6024 0.3248, -1.0606 -0.5039 0.337, -1.0606 -0.6024 0.337, -1.0728 -0.5039 0.3464, -1.0728 -0.6024 0.3464, -1.0871 -0.5039 0.3523, -1.0871 -0.6024 0.3523, -1.0433 -0.8611 0.2292, -1.0433 -0.7929 0.1579, -1.0433 -0.8798 0.2047, -1.0433 -0.7953 0.1542, -1.0433 -0.8916 0.1762, -1.0433 -0.7967 0.1501, -1.0433 -0.8957 0.1457, -1.0433 -0.7972 0.1457, -1.0433 -0.8957 -0.2756, -1.0433 -0.7972 -0.2756, -1.0433 -0.8891 -0.315, -1.0433 -0.8038 -0.315, -1.0433 -0.6024 0.2835, -1.0433 -0.5039 0.2835, -1.0433 -0.603 0.2784, -1.0433 -0.508 0.2529, -1.0433 -0.605 0.2736, -1.0433 -0.5198 0.2244, -1.0433 -0.6081 0.2695, -1.0433 -0.5385 0.1999, -1.0433 -0.6122 0.2664, -1.0433 -0.563 0.1812, -1.0433 -0.617 0.2645, -1.0433 -0.5915 0.1694, -1.0433 -0.622 0.2638, -1.0433 -0.622 0.1654, -1.0433 -0.7776 0.2638, -1.0433 -0.7776 0.1654, -1.0433 -0.8081 0.2598, -1.0433 -0.7819 0.1649, -1.0433 -0.8366 0.248, -1.0433 -0.7861 0.1634, -1.0433 -0.7898 0.1611, -0.6693 -0.622 0.2638, -0.6693 -0.617 0.2645, -0.6693 -0.6122 0.2664, -0.6693 -0.6081 0.2695, -0.6693 -0.605 0.2736, -0.6693 -0.603 0.2784, -0.6693 -0.6024 0.2835, -0.6693 -0.8957 0.0984, -0.6693 -0.7972 0.0984, -0.6693 -0.8957 0.1457, -0.6693 -0.7972 0.1457, -0.6693 -0.8916 0.1762, -0.6693 -0.7967 0.1501, -0.6693 -0.8798 0.2047, -0.6693 -0.7953 0.1542, -0.6693 -0.8611 0.2292, -0.6693 -0.5039 0.2953, -0.6693 -0.6024 0.2953, -0.6693 -0.5039 0.2835, -0.6693 -0.508 0.2529, -0.6693 -0.5198 0.2244, -0.6693 -0.5385 0.1999, -0.6693 -0.563 0.1812, -0.6693 -0.5915 0.1694, -0.6693 -0.622 0.1654, -0.6693 -0.7776 0.1654, -0.6693 -0.7776 0.2638, -0.6693 -0.7819 0.1649, -0.6693 -0.8081 0.2598, -0.6693 -0.7861 0.1634, -0.6693 -0.8366 0.248, -0.6693 -0.7898 0.1611, -0.6693 -0.7929 0.1579
            ]
        }
        coordIndex [
            0,1,2,-1,2,1,3,-1,4,5,6,-1,6,5,7,-1,6,7,8,-1,8,7,9,-1,8,9,10,-1,10,9,11,-1,10,11,12,-1,12,11,13,-1,12,13,14,-1,14,13,15,-1,14,15,2,-1,2,15,0,-1,16,17,18,-1,18,17,19,-1,18,19,20,-1,20,19,21,-1,20,21,22,-1,22,21,23,-1,22,23,24,-1,24,23,25,-1,24,25,26,-1,26,25,27,-1,5,4,28,-1,28,4,29,-1,28,29,30,-1,30,29,31,-1,30,31,32,-1,32,31,33,-1,32,33,34,-1,34,33,35,-1,34,35,36,-1,36,35,37,-1,36,37,38,-1,38,37,39,-1,38,39,40,-1,40,39,41,-1,40,41,42,-1,42,41,43,-1,42,43,44,-1,44,43,45,-1,44,45,46,-1,46,45,47,-1,46,47,16,-1,16,47,48,-1,16,48,17,-1,40,49,38,-1,38,49,50,-1,38,50,36,-1,36,50,51,-1,36,51,34,-1,34,51,52,-1,34,52,32,-1,32,52,53,-1,32,53,30,-1,30,53,54,-1,30,54,28,-1,28,54,55,-1,56,57,58,-1,58,57,59,-1,58,59,60,-1,60,59,61,-1,60,61,62,-1,62,61,63,-1,62,63,64,-1,65,66,67,-1,67,66,55,-1,67,55,68,-1,68,55,54,-1,68,54,69,-1,69,54,53,-1,69,53,70,-1,70,53,52,-1,70,52,71,-1,71,52,51,-1,71,51,72,-1,72,51,50,-1,72,50,73,-1,73,50,49,-1,73,49,74,-1,74,49,75,-1,74,75,76,-1,76,75,77,-1,76,77,78,-1,78,77,79,-1,78,79,80,-1,80,79,64,-1,80,64,81,-1,81,64,63,-1,
        ]
    }
}
Shape{
    appearance Appearance {
        material  Material 	{
            diffuseColor 0.25098039215686274 0.25098039215686274 0.25098039215686274
            specularColor 0.12549019607843137 0.12549019607843137 0.12549019607843137
            ambientIntensity 0.251
            transparency 0.0
            shininess 0.5
        }
    }
    geometry IndexedFaceSet {
        ccw TRUE
        solid FALSE
        coord DEF co Coordinate {
            point [
                -0.6693 -0.6024 0.2953, -0.6693 -0.5039 0.2953, -0.6673 -0.6024 0.3106, -0.6673 -0.5039 0.3106, -0.6614 -0.6024 0.3248, -0.6614 -0.5039 0.3248, -0.652 -0.6024 0.337, -0.652 -0.5039 0.337, -0.6398 -0.6024 0.3464, -0.6398 -0.5039 0.3464, -0.6255 -0.6024 0.3523, -0.6255 -0.5039 0.3523, -0.6102 -0.6024 0.3543, -0.6102 -0.5039 0.3543, -0.5748 -0.5039 0.3543, -0.5748 -0.6024 0.3543, -0.2854 -0.6142 0.3543, -0.2854 -0.6024 0.3543, -0.5748 -0.6142 0.3543, -0.2559 -0.6024 0.3543, -0.2559 -0.5039 0.3543, -0.2854 -0.5039 0.3543
            ]
        }
        coordIndex [
            0,1,2,-1,2,1,3,-1,2,3,4,-1,4,3,5,-1,4,5,6,-1,6,5,7,-1,6,7,8,-1,8,7,9,-1,8,9,10,-1,10,9,11,-1,10,11,12,-1,12,11,13,-1,13,14,12,-1,12,14,15,-1,16,17,18,-1,18,17,15,-1,19,17,20,-1,20,17,21,-1,
        ]
    }
}
Shape{
    appearance Appearance {
        material  Material 	{
            diffuseColor 0.7529411764705882 0.7529411764705882 0.7529411764705882
            specularColor 0.3764705882352941 0.3764705882352941 0.3764705882352941
            ambientIntensity 0.7529
            transparency 0.0
            shininess 0.5
        }
    }
    geometry IndexedFaceSet {
        ccw TRUE
        solid FALSE
        coord DEF co Coordinate {
            point [
                -0.1969 -0.5039 0.2953, -0.1969 -0.6024 0.2953, -0.1989 -0.5039 0.3106, -0.1989 -0.6024 0.3106, -0.2048 -0.5039 0.3248, -0.2048 -0.6024 0.3248, -0.2141 -0.5039 0.337, -0.2141 -0.6024 0.337, -0.2264 -0.5039 0.3464, -0.2264 -0.6024 0.3464, -0.2406 -0.5039 0.3523, -0.2406 -0.6024 0.3523, -0.2559 -0.5039 0.3543, -0.2559 -0.6024 0.3543, -0.1969 -0.5039 0.1772, -0.1969 -0.6024 0.1772, -0.1673 -0.5039 0.126, -0.1796 -0.6024 0.1354, -0.1796 -0.5039 0.1354, -0.1889 -0.6024 0.1476, -0.1889 -0.5039 0.1476, -0.1948 -0.6024 0.1619, -0.1948 -0.5039 0.1619, -0.1673 -0.5039 0.126, -0.1531 -0.6024 0.1201, -0.1673 -0.6024 0.126, -0.1531 -0.5039 0.1201, -0.1378 -0.5039 0.1181, -0.1378 -0.6024 0.1181, 0.1378 -0.6024 0.1181, 0.1378 -0.5039 0.1181, 0.1673 -0.6024 0.126, 0.1796 -0.5039 0.1354, 0.1796 -0.6024 0.1354, 0.1889 -0.5039 0.1476, 0.1889 -0.6024 0.1476, 0.1948 -0.5039 0.1619, 0.1948 -0.6024 0.1619, 0.1969 -0.5039 0.1772, 0.1969 -0.6024 0.1772, 0.1531 -0.5039 0.1201, 0.1673 -0.5039 0.126, 0.1673 -0.5039 0.126, 0.1531 -0.6024 0.1201, 0.1969 -0.5039 0.2953, 0.1969 -0.6024 0.2953
            ]
        }
        coordIndex [
            0,1,2,-1,2,1,3,-1,2,3,4,-1,4,3,5,-1,4,5,6,-1,6,5,7,-1,6,7,8,-1,8,7,9,-1,8,9,10,-1,10,9,11,-1,10,11,12,-1,12,11,13,-1,14,15,0,-1,0,15,1,-1,16,17,18,-1,18,17,19,-1,18,19,20,-1,20,19,21,-1,20,21,22,-1,22,21,15,-1,22,15,14,-1,23,24,16,-1,16,24,25,-1,16,25,17,-1,23,26,24,-1,24,26,27,-1,24,27,28,-1,28,27,29,-1,29,27,30,-1,31,32,33,-1,33,32,34,-1,33,34,35,-1,35,34,36,-1,35,36,37,-1,37,36,38,-1,37,38,39,-1,40,41,31,-1,31,41,42,-1,31,42,32,-1,31,43,40,-1,40,43,29,-1,40,29,30,-1,44,45,38,-1,38,45,39,-1,
        ]
    }
}
Shape{
    appearance Appearance {
        material  Material 	{
            diffuseColor 0.25098039215686274 0.25098039215686274 0.25098039215686274
            specularColor 0.12549019607843137 0.12549019607843137 0.12549019607843137
            ambientIntensity 0.251
            transparency 0.0
            shininess 0.5
        }
    }
    geometry IndexedFaceSet {
        ccw TRUE
        solid FALSE
        coord DEF co Coordinate {
            point [
                0.1949 -0.5039 0.2953, 0.1949 -0.6024 0.2953, 0.1969 -0.5039 0.2953, 0.1969 -0.6024 0.2953
            ]
        }
        coordIndex [
            0,1,2,-1,2,1,3,-1,
        ]
    }
}
Shape{
    appearance Appearance {
        material  Material 	{
            diffuseColor 0.7529411764705882 0.7529411764705882 0.7529411764705882
            specularColor 0.3764705882352941 0.3764705882352941 0.3764705882352941
            ambientIntensity 0.7529
            transparency 0.0
            shininess 0.5
        }
    }
    geometry IndexedFaceSet {
        ccw TRUE
        solid FALSE
        coord DEF co Coordinate {
            point [
                0.1949 -0.5039 0.8231, 0.1949 -0.6024 0.8231, 0.1949 -0.5039 0.5039, 0.1949 -0.6024 0.2953, 0.1949 -0.5039 0.2953
            ]
        }
        coordIndex [
            0,1,2,-1,2,1,3,-1,2,3,4,-1,
        ]
    }
}
Shape{
    appearance Appearance {
        material  Material 	{
            diffuseColor 0.25098039215686274 0.25098039215686274 0.25098039215686274
            specularColor 0.12549019607843137 0.12549019607843137 0.12549019607843137
            ambientIntensity 0.251
            transparency 0.0
            shininess 0.5
        }
    }
    geometry IndexedFaceSet {
        ccw TRUE
        solid FALSE
        coord DEF co Coordinate {
            point [
                0.1949 -0.6024 0.8231, 0.1949 -0.5039 0.8231, 0.1932 -0.5039 0.8366, 0.1932 -0.6024 0.8366, 0.1884 -0.5039 0.8494, 0.1884 -0.6024 0.8494, 0.1807 -0.5039 0.8607, 0.1807 -0.6024 0.8607, 0.1705 -0.5039 0.8698, 0.1705 -0.6024 0.8698, 0.1585 -0.5039 0.8763, 0.1585 -0.6024 0.8763, 0.1452 -0.5039 0.8797, 0.1452 -0.6024 0.8797, 0.1316 -0.5039 0.8798, 0.1316 -0.6024 0.8798, 0.1183 -0.5039 0.8767, 0.1183 -0.6024 0.8767, 0.0012 -0.5039 0.8341, 0.0012 -0.6024 0.8341, -0.013 -0.6024 0.8308, -0.013 -0.5039 0.8308, -0.0277 -0.6024 0.8309, -0.0277 -0.5039 0.8309, -0.0418 -0.6024 0.8346, -0.0418 -0.5039 0.8346, -0.0547 -0.6024 0.8414, -0.0547 -0.5039 0.8414, -0.0656 -0.6024 0.8512, -0.0656 -0.5039 0.8512, -0.0738 -0.6024 0.8632, -0.0738 -0.5039 0.8632, -0.079 -0.6024 0.8769, -0.079 -0.5039 0.8769, -0.0807 -0.6024 0.8914, -0.0807 -0.5039 0.8914, -0.0807 -0.5039 1.2346, -0.0807 -0.6024 1.2346, -0.079 -0.6024 1.2491, -0.079 -0.5039 1.2491, -0.0738 -0.6024 1.2627, -0.0738 -0.5039 1.2627, -0.0656 -0.6024 1.2748, -0.0656 -0.5039 1.2748, -0.0547 -0.6024 1.2845, -0.0547 -0.5039 1.2845, -0.0418 -0.6024 1.2914, -0.0418 -0.5039 1.2914, -0.0277 -0.6024 1.2951, -0.0277 -0.5039 1.2951, -0.013 -0.6024 1.2952, -0.013 -0.5039 1.2952, 0.0012 -0.6024 1.2919, 0.0012 -0.5039 1.2919, 0.1183 -0.5039 1.2493, 0.1183 -0.6024 1.2493, 0.1316 -0.5039 1.2462, 0.1316 -0.6024 1.2462, 0.1452 -0.5039 1.2463, 0.1452 -0.6024 1.2463, 0.1585 -0.5039 1.2497, 0.1585 -0.6024 1.2497, 0.1705 -0.5039 1.2562, 0.1705 -0.6024 1.2562, 0.1807 -0.5039 1.2653, 0.1807 -0.6024 1.2653, 0.1884 -0.5039 1.2766, 0.1884 -0.6024 1.2766, 0.1932 -0.5039 1.2894, 0.1932 -0.6024 1.2894, 0.1949 -0.5039 1.3029, 0.1949 -0.6024 1.3029, 0.1949 -0.5039 1.6105, 0.1949 -0.6024 1.6105, 0.1932 -0.5039 1.624, 0.1932 -0.6024 1.624, 0.1884 -0.5039 1.6368, 0.1884 -0.6024 1.6368, 0.1807 -0.5039 1.6481, 0.1807 -0.6024 1.6481, 0.1705 -0.5039 1.6572, 0.1705 -0.6024 1.6572, 0.1585 -0.5039 1.6637, 0.1585 -0.6024 1.6637, 0.1452 -0.5039 1.6671, 0.1452 -0.6024 1.6671, 0.1316 -0.5039 1.6672, 0.1316 -0.6024 1.6672, 0.1183 -0.5039 1.6641, 0.1183 -0.6024 1.6641, 0.0012 -0.5039 1.6215, 0.0012 -0.6024 1.6215, -0.013 -0.6024 1.6182, -0.013 -0.5039 1.6182, -0.0277 -0.6024 1.6183, -0.0277 -0.5039 1.6183, -0.0418 -0.6024 1.622, -0.0418 -0.5039 1.622, -0.0547 -0.6024 1.6288, -0.0547 -0.5039 1.6288, -0.0656 -0.6024 1.6386, -0.0656 -0.5039 1.6386, -0.0738 -0.6024 1.6507, -0.0738 -0.5039 1.6507, -0.079 -0.6024 1.6643, -0.079 -0.5039 1.6643, -0.0807 -0.6024 1.6788, -0.0807 -0.5039 1.6788, -0.0807 -0.5039 2.022, -0.0807 -0.6024 2.022, -0.079 -0.6024 2.0365, -0.079 -0.5039 2.0365, -0.0738 -0.6024 2.0501, -0.0738 -0.5039 2.0501, -0.0656 -0.6024 2.0622, -0.0656 -0.5039 2.0622, -0.0547 -0.6024 2.0719, -0.0547 -0.5039 2.0719, -0.0418 -0.6024 2.0788, -0.0418 -0.5039 2.0788, -0.0277 -0.6024 2.0825, -0.0277 -0.5039 2.0825, -0.013 -0.6024 2.0826, -0.013 -0.5039 2.0826, 0.0012 -0.6024 2.0793, 0.0012 -0.5039 2.0793, 0.1183 -0.5039 2.0367, 0.1183 -0.6024 2.0367, 0.1316 -0.5039 2.0336, 0.1316 -0.6024 2.0336, 0.1452 -0.5039 2.0337, 0.1452 -0.6024 2.0337, 0.1585 -0.5039 2.0371, 0.1585 -0.6024 2.0371, 0.1705 -0.5039 2.0436, 0.1705 -0.6024 2.0436, 0.1807 -0.5039 2.0527, 0.1807 -0.6024 2.0527, 0.1884 -0.5039 2.064, 0.1884 -0.6024 2.064, 0.1932 -0.5039 2.0768, 0.1932 -0.6024 2.0768, 0.1949 -0.5039 2.0903, 0.1949 -0.6024 2.0903
            ]
        }
        coordIndex [
            0,1,2,-1,0,2,3,-1,3,2,4,-1,3,4,5,-1,5,4,6,-1,5,6,7,-1,7,6,8,-1,7,8,9,-1,9,8,10,-1,9,10,11,-1,11,10,12,-1,11,12,13,-1,13,12,14,-1,13,14,15,-1,15,14,16,-1,15,16,17,-1,16,18,17,-1,17,18,19,-1,19,18,20,-1,20,18,21,-1,20,21,22,-1,22,21,23,-1,22,23,24,-1,24,23,25,-1,24,25,26,-1,26,25,27,-1,26,27,28,-1,28,27,29,-1,28,29,30,-1,30,29,31,-1,30,31,32,-1,32,31,33,-1,32,33,34,-1,34,33,35,-1,35,36,34,-1,34,36,37,-1,37,36,38,-1,38,36,39,-1,38,39,40,-1,40,39,41,-1,40,41,42,-1,42,41,43,-1,42,43,44,-1,44,43,45,-1,44,45,46,-1,46,45,47,-1,46,47,48,-1,48,47,49,-1,48,49,50,-1,50,49,51,-1,50,51,52,-1,52,51,53,-1,53,54,52,-1,52,54,55,-1,55,54,56,-1,55,56,57,-1,57,56,58,-1,57,58,59,-1,59,58,60,-1,59,60,61,-1,61,60,62,-1,61,62,63,-1,63,62,64,-1,63,64,65,-1,65,64,66,-1,65,66,67,-1,67,66,68,-1,67,68,69,-1,69,68,70,-1,69,70,71,-1,70,72,71,-1,71,72,73,-1,73,72,74,-1,73,74,75,-1,75,74,76,-1,75,76,77,-1,77,76,78,-1,77,78,79,-1,79,78,80,-1,79,80,81,-1,81,80,82,-1,81,82,83,-1,83,82,84,-1,83,84,85,-1,85,84,86,-1,85,86,87,-1,87,86,88,-1,87,88,89,-1,88,90,89,-1,89,90,91,-1,91,90,92,-1,92,90,93,-1,92,93,94,-1,94,93,95,-1,94,95,96,-1,96,95,97,-1,96,97,98,-1,98,97,99,-1,98,99,100,-1,100,99,101,-1,100,101,102,-1,102,101,103,-1,102,103,104,-1,104,103,105,-1,104,105,106,-1,106,105,107,-1,107,108,106,-1,106,108,109,-1,109,108,110,-1,110,108,111,-1,110,111,112,-1,112,111,113,-1,112,113,114,-1,114,113,115,-1,114,115,116,-1,116,115,117,-1,116,117,118,-1,118,117,119,-1,118,119,120,-1,120,119,121,-1,120,121,122,-1,122,121,123,-1,122,123,124,-1,124,123,125,-1,125,126,124,-1,124,126,127,-1,127,126,128,-1,127,128,129,-1,129,128,130,-1,129,130,131,-1,131,130,132,-1,131,132,133,-1,133,132,134,-1,133,134,135,-1,135,134,136,-1,135,136,137,-1,137,136,138,-1,137,138,139,-1,139,138,140,-1,139,140,141,-1,141,140,142,-1,141,142,143,-1,
        ]
    }
}
Shape{
    appearance Appearance {
        material  Material 	{
            diffuseColor 0.7529411764705882 0.7529411764705882 0.7529411764705882
            specularColor 0.3764705882352941 0.3764705882352941 0.3764705882352941
            ambientIntensity 0.7529
            transparency 0.0
            shininess 0.5
        }
    }
    geometry IndexedFaceSet {
        ccw TRUE
        solid FALSE
        coord DEF co Coordinate {
            point [
                -1.2991 -0.5015 0.2835, -1.2991 -0.5015 0.2953, -1.2991 -0.6004 0.2835, -1.2991 -0.6004 0.2953, -1.647 -0.4037 0.2835, -1.6187 -0.4341 0.2835, -1.5983 -0.4605 0.2835, -1.5841 -0.4572 0.2835, -1.5249 -0.5208 0.2835, -1.3118 -0.4999 0.2835, -1.3504 -0.5931 0.2835, -1.3204 -0.4981 0.2835, -1.5452 -0.4715 0.2835, -1.5039 -0.4764 0.2835, -1.4412 -0.5655 0.2835, -1.3991 -0.4764 0.2835, -1.3561 -0.4907 0.2835, -1.647 -0.4037 0.0079, -1.6187 -0.4341 0.0079, -1.5841 -0.4572 0.0079, -1.5452 -0.4715 0.0079, -1.5039 -0.4764 0.0079, -1.6718 -0.3661 0.0079, -1.6003 -0.3675 0.0079, -1.6585 -0.3871 0.0079, -1.5926 -0.3772 0.0079, -1.378 -0.4173 0.0079, -1.378 -0.4764 0.0079, -1.5039 -0.4173 0.0079, -1.5244 -0.4155 0.0079, -1.5498 -0.408 0.0079, -1.573 -0.395 0.0079, -1.6263 -0.321 0.053, -1.6139 -0.3389 0.0351, -1.6044 -0.3505 0.0235, -1.5994 -0.3536 0.0212, -1.5931 -0.3575 0.0183, -1.6381 -0.3027 0.0712, -1.7033 -0.3034 0.0706, -1.7034 -0.3031 0.0709, 1.5931 -0.3575 0.0183, 1.5979 -0.3532 0.0222, 1.6003 -0.3675 0.0079, 1.6718 -0.3661 0.0079, 1.6139 -0.3389 0.0351, 1.6263 -0.3211 0.0529, 1.7033 -0.3034 0.0706, 1.6381 -0.3031 0.0709, 1.7034 -0.3031 0.0709, 1.378 -0.4764 0.0079, 1.378 -0.4173 0.0079, 1.5039 -0.4764 0.0079, 1.5039 -0.4173 0.0079, 1.5452 -0.4715 0.0079, 1.5244 -0.4155 0.0079, 1.5841 -0.4572 0.0079, 1.5498 -0.408 0.0079, 1.6187 -0.4341 0.0079, 1.573 -0.395 0.0079, 1.647 -0.4037 0.0079, 1.5926 -0.3772 0.0079, 1.6585 -0.3871 0.0079, 1.5039 -0.4764 0.2835, 1.5452 -0.4715 0.2835, 1.5841 -0.4572 0.2835, 1.6187 -0.4341 0.2835, 1.647 -0.4037 0.2835, 1.5983 -0.4605 0.2835, 1.5249 -0.5208 0.2835, 1.2991 -0.6004 0.2835, 1.2991 -0.5015 0.2835, 1.3204 -0.4978 0.2835, 1.3504 -0.5931 0.2835, 1.3437 -0.4938 0.2835, 1.4412 -0.5655 0.2835, 1.3871 -0.481 0.2835, 1.3991 -0.4764 0.2835
            ]
        }
        coordIndex [
            0,1,2,-1,2,1,3,-1,4,5,6,-1,6,5,7,-1,6,7,8,-1,0,2,9,-1,9,2,10,-1,9,10,11,-1,7,12,8,-1,8,12,13,-1,8,13,14,-1,14,13,15,-1,14,15,10,-1,10,15,16,-1,10,16,11,-1,4,17,18,-1,4,18,5,-1,5,18,19,-1,5,19,7,-1,7,19,20,-1,7,20,12,-1,12,20,21,-1,12,21,13,-1,22,23,24,-1,24,23,25,-1,26,27,28,-1,28,27,21,-1,28,21,29,-1,29,21,20,-1,29,20,30,-1,30,20,19,-1,30,19,31,-1,31,19,18,-1,31,18,25,-1,25,18,17,-1,25,17,24,-1,32,33,22,-1,22,33,34,-1,22,34,23,-1,23,34,35,-1,23,35,36,-1,32,22,37,-1,37,22,38,-1,37,38,39,-1,40,41,42,-1,42,41,43,-1,41,44,43,-1,43,44,45,-1,43,45,46,-1,46,45,47,-1,46,47,48,-1,49,50,51,-1,51,50,52,-1,51,52,53,-1,53,52,54,-1,53,54,55,-1,55,54,56,-1,55,56,57,-1,57,56,58,-1,57,58,59,-1,59,58,60,-1,59,60,61,-1,61,60,42,-1,61,42,43,-1,62,51,53,-1,62,53,63,-1,63,53,55,-1,63,55,64,-1,64,55,57,-1,64,57,65,-1,65,57,59,-1,65,59,66,-1,67,68,63,-1,69,70,71,-1,63,64,67,-1,67,64,65,-1,67,65,66,-1,69,71,72,-1,72,71,73,-1,72,73,74,-1,73,75,74,-1,74,75,76,-1,74,76,68,-1,68,76,62,-1,68,62,63,-1,
        ]
    }
}
Shape{
    appearance Appearance {
        material  Material 	{
            diffuseColor 0.25098039215686274 0.25098039215686274 0.25098039215686274
            specularColor 0.12549019607843137 0.12549019607843137 0.12549019607843137
            ambientIntensity 0.251
            transparency 0.0
            shininess 0.5
        }
    }
    geometry IndexedFaceSet {
        ccw TRUE
        solid FALSE
        coord DEF co Coordinate {
            point [
                1.2991 -0.6004 0.2835, 1.2991 -0.6004 0.2953, 1.2991 -0.5015 0.2835, 1.2991 -0.5015 0.2953
            ]
        }
        coordIndex [
            0,1,2,-1,2,1,3,-1,
        ]
    }
}
Shape{
    appearance Appearance {
        material  Material 	{
            diffuseColor 0.7529411764705882 0.7529411764705882 0.7529411764705882
            specularColor 0.3764705882352941 0.3764705882352941 0.3764705882352941
            ambientIntensity 0.7529
            transparency 0.0
            shininess 0.5
        }
    }
    geometry IndexedFaceSet {
        ccw TRUE
        solid FALSE
        coord DEF co Coordinate {
            point [
                1.2693 -0.5035 0.3465, 1.2763 -0.6019 0.3419, 1.2638 -0.6023 0.3493, 1.2761 -0.5032 0.3415, 1.2807 -0.503 0.3381, 1.2866 -0.6014 0.3316, 1.2863 -0.5027 0.3313, 1.2899 -0.5026 0.3268, 1.294 -0.6009 0.3191, 1.2937 -0.5023 0.3189, 1.296 -0.5021 0.3141, 1.2982 -0.6005 0.3052, 1.2991 -0.5015 0.2953, 1.2991 -0.6004 0.2953, 1.2989 -0.5017 0.2998, 1.2978 -0.5018 0.3051, 1.24 -0.6024 0.3543, 1.24 -0.5039 0.3543, 1.2499 -0.6024 0.3535, 1.2499 -0.5039 0.3535, 1.2559 -0.6024 0.3522, 1.2559 -0.5039 0.3522, 1.2637 -0.5037 0.3489
            ]
        }
        coordIndex [
            0,1,2,-1,0,3,1,-1,1,3,4,-1,1,4,5,-1,4,6,5,-1,5,6,7,-1,5,7,8,-1,7,9,8,-1,8,9,10,-1,8,10,11,-1,12,13,14,-1,14,13,11,-1,14,11,15,-1,15,11,10,-1,16,17,18,-1,18,17,19,-1,18,19,20,-1,20,19,21,-1,20,21,2,-1,2,21,22,-1,2,22,0,-1,
        ]
    }
}
Shape{
    appearance Appearance {
        material  Material 	{
            diffuseColor 0.25098039215686274 0.25098039215686274 0.25098039215686274
            specularColor 0.12549019607843137 0.12549019607843137 0.12549019607843137
            ambientIntensity 0.251
            transparency 0.0
            shininess 0.5
        }
    }
    geometry IndexedFaceSet {
        ccw TRUE
        solid FALSE
        coord DEF co Coordinate {
            point [
                0.1988 -0.6024 2.0903, 0.1988 -0.5039 2.0903, 0.1971 -0.6024 2.0758, 0.1971 -0.5039 2.0758, 0.1919 -0.6024 2.0622, 0.1919 -0.5039 2.0622, 0.1837 -0.6024 2.0501, 0.1837 -0.5039 2.0501, 0.1728 -0.6024 2.0403, 0.1728 -0.5039 2.0403, 0.1599 -0.6024 2.0335, 0.1599 -0.5039 2.0335, 0.1458 -0.6024 2.0298, 0.1458 -0.5039 2.0298, 0.1312 -0.6024 2.0297, 0.1312 -0.5039 2.0297, 0.1169 -0.6024 2.033, 0.1169 -0.5039 2.033, -0.0002 -0.5039 2.0756, -0.0002 -0.6024 2.0756, -0.0135 -0.5039 2.0787, -0.0135 -0.6024 2.0787, -0.0271 -0.5039 2.0786, -0.0271 -0.6024 2.0786, -0.0404 -0.5039 2.0752, -0.0404 -0.6024 2.0752, -0.0524 -0.5039 2.0687, -0.0524 -0.6024 2.0687, -0.0626 -0.5039 2.0596, -0.0626 -0.6024 2.0596, -0.0703 -0.5039 2.0483, -0.0703 -0.6024 2.0483, -0.0751 -0.5039 2.0355, -0.0751 -0.6024 2.0355, -0.0768 -0.5039 2.022, -0.0768 -0.6024 2.022, -0.0768 -0.5039 1.6788, -0.0768 -0.6024 1.6788, -0.0751 -0.5039 1.6653, -0.0751 -0.6024 1.6653, -0.0703 -0.5039 1.6525, -0.0703 -0.6024 1.6525, -0.0626 -0.5039 1.6412, -0.0626 -0.6024 1.6412, -0.0524 -0.5039 1.6321, -0.0524 -0.6024 1.6321, -0.0404 -0.5039 1.6256, -0.0404 -0.6024 1.6256, -0.0271 -0.5039 1.6222, -0.0271 -0.6024 1.6222, -0.0135 -0.5039 1.6221, -0.0135 -0.6024 1.6221, -0.0002 -0.5039 1.6252, -0.0002 -0.6024 1.6252, 0.1169 -0.5039 1.6678, 0.1169 -0.6024 1.6678, 0.1312 -0.6024 1.6711, 0.1312 -0.5039 1.6711, 0.1458 -0.6024 1.671, 0.1458 -0.5039 1.671, 0.1599 -0.6024 1.6673, 0.1599 -0.5039 1.6673, 0.1728 -0.6024 1.6604, 0.1728 -0.5039 1.6604, 0.1837 -0.6024 1.6507, 0.1837 -0.5039 1.6507, 0.1919 -0.6024 1.6386, 0.1919 -0.5039 1.6386, 0.1971 -0.6024 1.625, 0.1971 -0.5039 1.625, 0.1988 -0.6024 1.6105, 0.1988 -0.5039 1.6105, 0.1988 -0.5039 1.3029, 0.1988 -0.6024 1.3029, 0.1971 -0.6024 1.2884, 0.1971 -0.5039 1.2884, 0.1919 -0.6024 1.2748, 0.1919 -0.5039 1.2748, 0.1837 -0.6024 1.2627, 0.1837 -0.5039 1.2627, 0.1728 -0.6024 1.2529, 0.1728 -0.5039 1.2529, 0.1599 -0.6024 1.2461, 0.1599 -0.5039 1.2461, 0.1458 -0.6024 1.2424, 0.1458 -0.5039 1.2424, 0.1312 -0.6024 1.2423, 0.1312 -0.5039 1.2423, 0.1169 -0.6024 1.2456, 0.1169 -0.5039 1.2456, -0.0002 -0.5039 1.2882, -0.0002 -0.6024 1.2882, -0.0135 -0.5039 1.2913, -0.0135 -0.6024 1.2913, -0.0271 -0.5039 1.2912, -0.0271 -0.6024 1.2912, -0.0404 -0.5039 1.2878, -0.0404 -0.6024 1.2878, -0.0524 -0.5039 1.2813, -0.0524 -0.6024 1.2813, -0.0626 -0.5039 1.2722, -0.0626 -0.6024 1.2722, -0.0703 -0.5039 1.2609, -0.0703 -0.6024 1.2609, -0.0751 -0.5039 1.2481, -0.0751 -0.6024 1.2481, -0.0768 -0.5039 1.2346, -0.0768 -0.6024 1.2346, -0.0768 -0.5039 0.8914, -0.0768 -0.6024 0.8914, -0.0751 -0.5039 0.8779, -0.0751 -0.6024 0.8779, -0.0703 -0.5039 0.8651, -0.0703 -0.6024 0.8651, -0.0626 -0.5039 0.8538, -0.0626 -0.6024 0.8538, -0.0524 -0.5039 0.8447, -0.0524 -0.6024 0.8447, -0.0404 -0.5039 0.8382, -0.0404 -0.6024 0.8382, -0.0271 -0.5039 0.8348, -0.0271 -0.6024 0.8348, -0.0135 -0.5039 0.8347, -0.0135 -0.6024 0.8347, -0.0002 -0.5039 0.8378, -0.0002 -0.6024 0.8378, 0.1169 -0.5039 0.8804, 0.1169 -0.6024 0.8804, 0.1312 -0.6024 0.8837, 0.1312 -0.5039 0.8837, 0.1458 -0.6024 0.8836, 0.1458 -0.5039 0.8836, 0.1599 -0.6024 0.8799, 0.1599 -0.5039 0.8799, 0.1728 -0.6024 0.873, 0.1728 -0.5039 0.873, 0.1837 -0.6024 0.8633, 0.1837 -0.5039 0.8633, 0.1919 -0.6024 0.8512, 0.1919 -0.5039 0.8512, 0.1971 -0.6024 0.8376, 0.1971 -0.5039 0.8376, 0.1988 -0.6024 0.8231, 0.1988 -0.5039 0.8231, 0.1988 -0.6024 0.3543, 0.1988 -0.5039 0.5039, 0.1988 -0.5039 0.3543
            ]
        }
        coordIndex [
            0,1,2,-1,2,1,3,-1,2,3,4,-1,4,3,5,-1,4,5,6,-1,6,5,7,-1,6,7,8,-1,8,7,9,-1,8,9,10,-1,10,9,11,-1,10,11,12,-1,12,11,13,-1,12,13,14,-1,14,13,15,-1,14,15,16,-1,16,15,17,-1,17,18,16,-1,16,18,19,-1,19,18,20,-1,19,20,21,-1,21,20,22,-1,21,22,23,-1,23,22,24,-1,23,24,25,-1,25,24,26,-1,25,26,27,-1,27,26,28,-1,27,28,29,-1,29,28,30,-1,29,30,31,-1,31,30,32,-1,31,32,33,-1,33,32,34,-1,33,34,35,-1,34,36,35,-1,35,36,37,-1,37,36,38,-1,37,38,39,-1,39,38,40,-1,39,40,41,-1,41,40,42,-1,41,42,43,-1,43,42,44,-1,43,44,45,-1,45,44,46,-1,45,46,47,-1,47,46,48,-1,47,48,49,-1,49,48,50,-1,49,50,51,-1,51,50,52,-1,51,52,53,-1,52,54,53,-1,53,54,55,-1,55,54,56,-1,56,54,57,-1,56,57,58,-1,58,57,59,-1,58,59,60,-1,60,59,61,-1,60,61,62,-1,62,61,63,-1,62,63,64,-1,64,63,65,-1,64,65,66,-1,66,65,67,-1,66,67,68,-1,68,67,69,-1,68,69,70,-1,70,69,71,-1,71,72,70,-1,70,72,73,-1,73,72,74,-1,74,72,75,-1,74,75,76,-1,76,75,77,-1,76,77,78,-1,78,77,79,-1,78,79,80,-1,80,79,81,-1,80,81,82,-1,82,81,83,-1,82,83,84,-1,84,83,85,-1,84,85,86,-1,86,85,87,-1,86,87,88,-1,88,87,89,-1,89,90,88,-1,88,90,91,-1,91,90,92,-1,91,92,93,-1,93,92,94,-1,93,94,95,-1,95,94,96,-1,95,96,97,-1,97,96,98,-1,97,98,99,-1,99,98,100,-1,99,100,101,-1,101,100,102,-1,101,102,103,-1,103,102,104,-1,103,104,105,-1,105,104,106,-1,105,106,107,-1,106,108,107,-1,107,108,109,-1,109,108,110,-1,109,110,111,-1,111,110,112,-1,111,112,113,-1,113,112,114,-1,113,114,115,-1,115,114,116,-1,115,116,117,-1,117,116,118,-1,117,118,119,-1,119,118,120,-1,119,120,121,-1,121,120,122,-1,121,122,123,-1,123,122,124,-1,123,124,125,-1,124,126,125,-1,125,126,127,-1,127,126,128,-1,128,126,129,-1,128,129,130,-1,130,129,131,-1,130,131,132,-1,132,131,133,-1,132,133,134,-1,134,133,135,-1,134,135,136,-1,136,135,137,-1,136,137,138,-1,138,137,139,-1,138,139,140,-1,140,139,141,-1,140,141,142,-1,142,141,143,-1,142,143,144,-1,144,143,145,-1,144,145,146,-1,
        ]
    }
}
Shape{
    appearance Appearance {
        material  Material 	{
            diffuseColor 0.7529411764705882 0.7529411764705882 0.7529411764705882
            specularColor 0.3764705882352941 0.3764705882352941 0.3764705882352941
            ambientIntensity 0.7529
            transparency 0.0
            shininess 0.5
        }
    }
    geometry IndexedFaceSet {
        ccw TRUE
        solid FALSE
        coord DEF co Coordinate {
            point [
                0.1988 -0.5039 0.3543, 0.2854 -0.5039 0.3543, 0.1988 -0.6024 0.3543, 0.2854 -0.6024 0.3543
            ]
        }
        coordIndex [
            0,1,2,-1,2,1,3,-1,
        ]
    }
}
Shape{
    appearance Appearance {
        material  Material 	{
            diffuseColor 0.25098039215686274 0.25098039215686274 0.25098039215686274
            specularColor 0.12549019607843137 0.12549019607843137 0.12549019607843137
            ambientIntensity 0.251
            transparency 0.0
            shininess 0.5
        }
    }
    geometry IndexedFaceSet {
        ccw TRUE
        solid FALSE
        coord DEF co Coordinate {
            point [
                0.5748 -0.6142 0.3543, 0.5748 -0.6024 0.3543, 0.2854 -0.6142 0.3543, 0.2854 -0.6024 0.3543
            ]
        }
        coordIndex [
            0,1,2,-1,2,1,3,-1,
        ]
    }
}
Shape{
    appearance Appearance {
        material  Material 	{
            diffuseColor 0.7529411764705882 0.7529411764705882 0.7529411764705882
            specularColor 0.3764705882352941 0.3764705882352941 0.3764705882352941
            ambientIntensity 0.7529
            transparency 0.0
            shininess 0.5
        }
    }
    geometry IndexedFaceSet {
        ccw TRUE
        solid FALSE
        coord DEF co Coordinate {
            point [
                0.6102 -0.6024 0.3543, 0.5748 -0.6024 0.3543, 0.6102 -0.5039 0.3543, 0.5748 -0.5039 0.3543, 0.6693 -0.5039 0.2953, 0.6693 -0.6024 0.2953, 0.6673 -0.5039 0.3106, 0.6673 -0.6024 0.3106, 0.6614 -0.5039 0.3248, 0.6614 -0.6024 0.3248, 0.652 -0.5039 0.337, 0.652 -0.6024 0.337, 0.6398 -0.5039 0.3464, 0.6398 -0.6024 0.3464, 0.6255 -0.5039 0.3523, 0.6255 -0.6024 0.3523, 0.6693 -0.7972 0.0984, 0.6693 -0.8957 0.0984, 0.6693 -0.7972 0.1457, 0.6693 -0.8957 0.1457, 0.6693 -0.7967 0.1501, 0.6693 -0.8916 0.1762, 0.6693 -0.7953 0.1542, 0.6693 -0.8798 0.2047, 0.6693 -0.7929 0.1579, 0.6693 -0.8611 0.2292, 0.6693 -0.6024 0.2835, 0.6693 -0.5039 0.2835, 0.6693 -0.603 0.2784, 0.6693 -0.508 0.2529, 0.6693 -0.605 0.2736, 0.6693 -0.5198 0.2244, 0.6693 -0.6081 0.2695, 0.6693 -0.5385 0.1999, 0.6693 -0.6122 0.2664, 0.6693 -0.563 0.1812, 0.6693 -0.617 0.2645, 0.6693 -0.5915 0.1694, 0.6693 -0.622 0.2638, 0.6693 -0.622 0.1654, 0.6693 -0.7776 0.2638, 0.6693 -0.7776 0.1654, 0.6693 -0.8081 0.2598, 0.6693 -0.7819 0.1649, 0.6693 -0.8366 0.248, 0.6693 -0.7861 0.1634, 0.6693 -0.7898 0.1611, 1.0433 -0.6024 0.2835, 1.0433 -0.603 0.2784, 1.0433 -0.605 0.2736, 1.0433 -0.6081 0.2695, 1.0433 -0.6122 0.2664, 1.0433 -0.617 0.2645, 1.0433 -0.622 0.2638, 1.0433 -0.8891 -0.315, 1.0433 -0.8038 -0.315, 1.0433 -0.8957 -0.2756, 1.0433 -0.7972 -0.2756, 1.0433 -0.8957 0.1457, 1.0433 -0.7972 0.1457, 1.0433 -0.8916 0.1762, 1.0433 -0.7967 0.1501, 1.0433 -0.8798 0.2047, 1.0433 -0.7953 0.1542, 1.0433 -0.8611 0.2292, 1.0433 -0.5039 0.2953, 1.0433 -0.6024 0.2953, 1.0433 -0.5039 0.2835, 1.0433 -0.508 0.2529, 1.0433 -0.5198 0.2244, 1.0433 -0.5385 0.1999, 1.0433 -0.563 0.1812, 1.0433 -0.5915 0.1694, 1.0433 -0.622 0.1654, 1.0433 -0.7776 0.1654, 1.0433 -0.7776 0.2638, 1.0433 -0.7819 0.1649, 1.0433 -0.8081 0.2598, 1.0433 -0.7861 0.1634, 1.0433 -0.8366 0.248, 1.0433 -0.7898 0.1611, 1.0433 -0.7929 0.1579
            ]
        }
        coordIndex [
            0,1,2,-1,2,1,3,-1,4,5,6,-1,6,5,7,-1,6,7,8,-1,8,7,9,-1,8,9,10,-1,10,9,11,-1,10,11,12,-1,12,11,13,-1,12,13,14,-1,14,13,15,-1,14,15,2,-1,2,15,0,-1,16,17,18,-1,18,17,19,-1,18,19,20,-1,20,19,21,-1,20,21,22,-1,22,21,23,-1,22,23,24,-1,24,23,25,-1,5,4,26,-1,26,4,27,-1,26,27,28,-1,28,27,29,-1,28,29,30,-1,30,29,31,-1,30,31,32,-1,32,31,33,-1,32,33,34,-1,34,33,35,-1,34,35,36,-1,36,35,37,-1,36,37,38,-1,38,37,39,-1,38,39,40,-1,40,39,41,-1,40,41,42,-1,42,41,43,-1,42,43,44,-1,44,43,45,-1,44,45,25,-1,25,45,46,-1,25,46,24,-1,47,26,48,-1,48,26,28,-1,48,28,49,-1,49,28,30,-1,49,30,50,-1,50,30,32,-1,50,32,51,-1,51,32,34,-1,51,34,52,-1,52,34,36,-1,52,36,53,-1,53,36,38,-1,54,55,56,-1,56,55,57,-1,56,57,58,-1,58,57,59,-1,58,59,60,-1,60,59,61,-1,60,61,62,-1,62,61,63,-1,62,63,64,-1,65,66,67,-1,67,66,47,-1,67,47,68,-1,68,47,48,-1,68,48,69,-1,69,48,49,-1,69,49,70,-1,70,49,50,-1,70,50,71,-1,71,50,51,-1,71,51,72,-1,72,51,52,-1,72,52,73,-1,73,52,53,-1,73,53,74,-1,74,53,75,-1,74,75,76,-1,76,75,77,-1,76,77,78,-1,78,77,79,-1,78,79,80,-1,80,79,64,-1,80,64,81,-1,81,64,63,-1,
        ]
    }
}
Shape{
    appearance Appearance {
        material  Material 	{
            diffuseColor 0.25098039215686274 0.25098039215686274 0.25098039215686274
            specularColor 0.12549019607843137 0.12549019607843137 0.12549019607843137
            ambientIntensity 0.251
            transparency 0.0
            shininess 0.5
        }
    }
    geometry IndexedFaceSet {
        ccw TRUE
        solid FALSE
        coord DEF co Coordinate {
            point [
                1.0433 -0.6024 0.2953, 1.0433 -0.5039 0.2953, 1.0453 -0.6024 0.3106, 1.0453 -0.5039 0.3106, 1.0512 -0.6024 0.3248, 1.0512 -0.5039 0.3248, 1.0606 -0.6024 0.337, 1.0606 -0.5039 0.337, 1.0728 -0.6024 0.3464, 1.0728 -0.5039 0.3464, 1.0871 -0.6024 0.3523, 1.0871 -0.5039 0.3523, 1.1024 -0.6024 0.3543, 1.1024 -0.5039 0.3543, 1.1416 -0.5039 0.3543, 1.1416 -0.6024 0.3543, 1.24 -0.6142 0.3543, 1.24 -0.6024 0.3543, 1.1416 -0.6142 0.3543
            ]
        }
        coordIndex [
            0,1,2,-1,2,1,3,-1,2,3,4,-1,4,3,5,-1,4,5,6,-1,6,5,7,-1,6,7,8,-1,8,7,9,-1,8,9,10,-1,10,9,11,-1,10,11,12,-1,12,11,13,-1,13,14,12,-1,12,14,15,-1,16,17,18,-1,18,17,15,-1,
        ]
    }
}
Shape{
    appearance Appearance {
        material  Material 	{
            diffuseColor 0.7529411764705882 0.7529411764705882 0.7529411764705882
            specularColor 0.3764705882352941 0.3764705882352941 0.3764705882352941
            ambientIntensity 0.7529
            transparency 0.0
            shininess 0.5
        }
    }
    geometry IndexedFaceSet {
        ccw TRUE
        solid FALSE
        coord DEF co Coordinate {
            point [
                1.2047 -0.5039 0.5039, 1.2559 -0.5039 2.185, 1.2559 -0.5039 0.3522, 1.2499 -0.5039 0.3535, 1.24 -0.5039 0.3543, 1.2047 -0.5039 0.3543, 0.1312 -0.5039 0.8837, 0.1169 -0.5039 0.8804, -0.0002 -0.5039 1.2882, -0.0768 -0.5039 0.8914, -0.0768 -0.5039 1.2346, -0.0135 -0.5039 1.2913, -0.0751 -0.5039 1.2481, -0.0271 -0.5039 1.2912, -0.0768 -0.5039 2.022, -0.0751 -0.5039 2.0355, -0.0002 -0.5039 2.0756, 0.1971 -0.5039 0.8376, 0.1919 -0.5039 0.8512, 0.1988 -0.5039 1.6105, 0.1971 -0.5039 1.625, 0.1919 -0.5039 1.6386, 0.1837 -0.5039 1.6507, -0.0002 -0.5039 0.8378, -0.0135 -0.5039 0.8347, -0.0751 -0.5039 0.8779, -0.0703 -0.5039 0.8651, -0.0703 -0.5039 1.2609, -0.0626 -0.5039 1.2722, 0.1458 -0.5039 2.0298, 0.1728 -0.5039 1.6604, 0.1599 -0.5039 2.0335, 0.1728 -0.5039 2.0403, 0.1837 -0.5039 2.0501, 0.1919 -0.5039 2.0622, 0.1971 -0.5039 2.0758, 0.1988 -0.5039 2.0903, 0.1988 -0.5039 2.185, -0.0703 -0.5039 2.0483, -0.0626 -0.5039 2.0596, -0.0524 -0.5039 2.0687, -0.0524 -0.5039 1.2813, -0.0404 -0.5039 1.2878, 0.1988 -0.5039 1.3029, 0.1971 -0.5039 1.2884, -0.0271 -0.5039 1.6222, -0.0404 -0.5039 1.6256, -0.0524 -0.5039 1.6321, -0.0703 -0.5039 1.6525, -0.0751 -0.5039 1.6653, -0.0135 -0.5039 1.6221, -0.0768 -0.5039 1.6788, -0.0002 -0.5039 1.6252, 0.1169 -0.5039 1.6678, 0.1312 -0.5039 1.6711, -0.0271 -0.5039 0.8348, -0.0404 -0.5039 0.8382, 0.1988 -0.5039 0.8231, 1.2008 -0.5039 0.5039, 0.1988 -0.5039 0.5039, 0.1728 -0.5039 1.2529, 0.1837 -0.5039 1.2627, 0.1919 -0.5039 1.2748, 0.1599 -0.5039 1.6673, 0.1458 -0.5039 1.671, 0.1312 -0.5039 2.0297, 0.1169 -0.5039 2.033, -0.0404 -0.5039 2.0752, -0.0271 -0.5039 2.0786, -0.0135 -0.5039 2.0787, -0.0626 -0.5039 1.6412, -0.0524 -0.5039 0.8447, -0.0626 -0.5039 0.8538, 0.1599 -0.5039 1.2461, 0.1458 -0.5039 1.2424, 0.1837 -0.5039 0.8633, 0.1728 -0.5039 0.873, 0.1169 -0.5039 1.2456, 0.1312 -0.5039 1.2423, 0.1458 -0.5039 0.8836, 0.1599 -0.5039 0.8799, 1.2499 0.5039 0.3535, 1.2559 0.5039 0.3522, 1.2559 0.5039 2.185, 1.24 0.5039 0.3543, -1.2559 0.5039 0.3522, -1.2499 0.5039 0.3535, -1.2047 0.5039 0.5039, -1.24 0.5039 0.3543, -1.2047 0.5039 0.3543, -1.2008 0.5039 0.5039, -1.2559 0.5039 2.185, 1.2047 0.5039 0.3543, 1.2047 0.5039 0.5039, 1.2008 0.5039 0.5039, -1.2494 -0.5039 0.3536, -1.2559 -0.5039 0.3522, -1.2559 -0.5039 2.185, -1.24 -0.5032 0.3543, -1.2047 -0.5039 0.5039, -1.2047 -0.5039 0.3543, 0.1452 -0.5039 1.2463, 0.1316 -0.5039 1.2462, 0.1949 -0.5039 1.3029, 0.1183 -0.5039 1.2493, 0.1949 -0.5039 1.6105, 0.1807 -0.5039 1.2653, 0.1705 -0.5039 1.2562, 0.1585 -0.5039 1.2497, -0.079 -0.5039 1.6643, -0.0738 -0.5039 1.6507, -0.013 -0.5039 1.2952, -0.0656 -0.5039 1.6386, -0.0547 -0.5039 1.6288, 0.1183 -0.5039 2.0367, 0.0012 -0.5039 2.0793, 0.1949 -0.5039 2.0903, 0.1949 -0.5039 2.185, -0.0418 -0.5039 1.622, -0.0277 -0.5039 1.6183, 0.0012 -0.5039 1.2919, -0.013 -0.5039 1.6182, 0.0012 -0.5039 1.6215, 0.1183 -0.5039 1.6641, 0.1316 -0.5039 1.6672, 0.1932 -0.5039 1.624, 0.1884 -0.5039 1.6368, 0.1884 -0.5039 1.2766, 0.1932 -0.5039 1.2894, 0.1316 -0.5039 2.0336, 0.1932 -0.5039 2.0768, 0.1452 -0.5039 2.0337, -0.079 -0.5039 0.8769, -1.2008 -0.5039 0.5039, -0.0738 -0.5039 0.8632, -0.0656 -0.5039 0.8512, -0.0547 -0.5039 0.8414, -0.0418 -0.5039 0.8346, 0.1949 -0.5039 0.5039, -0.0277 -0.5039 0.8309, -0.013 -0.5039 0.8308, 0.1585 -0.5039 0.8763, 0.1705 -0.5039 0.8698, 0.1932 -0.5039 0.8366, 0.1807 -0.5039 0.8607, 0.1884 -0.5039 0.8494, 0.1452 -0.5039 1.6671, 0.1585 -0.5039 1.6637, -0.0418 -0.5039 2.0788, -0.0277 -0.5039 2.0825, -0.013 -0.5039 2.0826, -0.0547 -0.5039 2.0719, -0.0656 -0.5039 2.0622, -0.0738 -0.5039 2.0501, -0.0738 -0.5039 1.2627, -0.079 -0.5039 1.2491, -0.0807 -0.5039 1.2346, -0.0807 -0.5039 0.8914, 0.0012 -0.5039 0.8341, 0.1183 -0.5039 0.8767, 0.1949 -0.5039 0.8231, 0.1316 -0.5039 0.8798, 0.1452 -0.5039 0.8797, 0.1705 -0.5039 1.6572, 0.1807 -0.5039 1.6481, 0.1884 -0.5039 2.064, 0.1807 -0.5039 2.0527, 0.1585 -0.5039 2.0371, 0.1705 -0.5039 2.0436, -0.079 -0.5039 2.0365, -0.0807 -0.5039 2.022, -0.0807 -0.5039 1.6788, -0.0277 -0.5039 1.2951, -0.0418 -0.5039 1.2914, -0.0547 -0.5039 1.2845, -0.0656 -0.5039 1.2748, 1.3991 0.4764 0.2835, 1.5039 0.4764 0.2835, 1.5039 0.4764 0.0079, 1.378 0.4764 0.0079, 1.3189 0.4764 0.0669, 1.3189 0.4764 0.2835, 1.3362 0.4764 0.0252, 1.3484 0.4764 0.0158, 1.3627 0.4764 0.0099, 1.3268 0.4764 0.0374, 1.3209 0.4764 0.0516, 1.6003 0.3675 0.0079, 1.5931 0.3575 0.0183, 1.5859 0.3842 0.0079, 1.5654 0.3605 0.0375, 1.5618 0.4022 0.0079, 1.5513 0.3621 0.0472, 1.5425 0.3679 0.0472, 1.5394 0.3691 0.0472, 1.5338 0.4135 0.0079, 1.5039 0.378 0.0472, 1.5039 0.4173 0.0079, 1.5204 0.3758 0.0472, 1.5238 0.3754 0.0472, 1.378 0.4173 0.0079, 1.3223 0.378 0.0472, 1.342 0.4051 0.0201, 1.3484 0.4094 0.0158, 1.3268 0.3878 0.0374, 1.3362 0.4 0.0252, 1.3554 0.4128 0.0124, 1.3627 0.4153 0.0099, 1.3702 0.4168 0.0084, 1.3209 0.378 0.0516, 1.3189 0.378 0.0669, 1.6262 0.3211 0.0529, 1.6377 0.3033 0.0712, 1.5896 0.315 0.1086, 1.6139 0.3389 0.0351, 1.5675 0.3456 0.0757, 1.5873 0.3156 0.1102, 1.5994 0.3536 0.0212, 1.6044 0.3505 0.0235, 1.5592 0.3543 0.0611, 1.5544 0.3593 0.0526, 1.5559 0.3576 0.0553, 1.6811 0.1181 0.0709, 1.6811 -0.1181 0.0709, 1.6417 0.1181 0.1102, 1.6417 -0.1181 0.1102, 1.608 0.2732 0.1102, 1.6524 0.2716 0.0709, 1.6157 0.2574 0.1102, 1.6361 0.1838 0.1102, 1.6749 0.1905 0.0709, 1.6362 0.1827 0.1102, 1.6362 -0.1827 0.1102, 1.6749 -0.1905 0.0709, 1.6361 -0.1838 0.1102, 1.6157 -0.2574 0.1102, 1.6524 -0.2716 0.0709, 1.608 -0.2732 0.1102, 1.6381 -0.3031 0.0709, 1.5873 -0.3156 0.1102
            ]
        }
        coordIndex [
            0,1,2,-1,2,3,0,-1,0,3,4,-1,0,4,5,-1,6,7,8,-1,7,9,8,-1,8,9,10,-1,8,10,11,-1,11,10,12,-1,11,12,13,-1,14,15,16,-1,17,18,0,-1,19,20,1,-1,1,20,21,-1,1,21,22,-1,7,23,9,-1,9,23,24,-1,9,24,25,-1,25,24,26,-1,12,27,28,-1,29,22,30,-1,29,31,22,-1,22,31,32,-1,22,32,1,-1,1,32,33,-1,1,33,34,-1,34,35,1,-1,1,35,36,-1,1,36,37,-1,15,38,16,-1,16,38,39,-1,16,39,40,-1,28,41,12,-1,12,41,42,-1,12,42,13,-1,19,1,43,-1,43,1,0,-1,43,0,44,-1,45,46,47,-1,48,49,50,-1,50,49,51,-1,50,51,52,-1,52,51,14,-1,52,14,53,-1,53,14,16,-1,53,16,54,-1,24,55,56,-1,17,0,57,-1,57,0,58,-1,57,58,59,-1,60,61,0,-1,0,61,62,-1,0,62,44,-1,30,63,29,-1,29,63,64,-1,29,64,65,-1,65,64,54,-1,65,54,66,-1,66,54,16,-1,40,67,16,-1,16,67,68,-1,16,68,69,-1,45,47,50,-1,50,47,70,-1,50,70,48,-1,56,71,24,-1,24,71,72,-1,24,72,26,-1,60,0,73,-1,73,0,18,-1,73,18,74,-1,74,18,75,-1,74,75,76,-1,8,77,6,-1,6,77,78,-1,6,78,79,-1,79,78,74,-1,79,74,80,-1,80,74,76,-1,81,82,83,-1,81,83,84,-1,85,86,87,-1,87,86,88,-1,87,88,89,-1,90,83,87,-1,87,83,91,-1,87,91,85,-1,92,84,93,-1,93,84,83,-1,93,83,94,-1,94,83,90,-1,95,96,97,-1,95,97,98,-1,98,97,99,-1,98,99,100,-1,101,102,103,-1,103,102,104,-1,103,104,105,-1,106,107,108,-1,109,110,111,-1,111,110,112,-1,111,112,113,-1,114,115,116,-1,116,115,117,-1,113,118,111,-1,111,118,119,-1,111,119,120,-1,120,119,121,-1,120,121,104,-1,104,121,122,-1,104,122,105,-1,122,123,105,-1,105,123,124,-1,105,124,125,-1,125,124,126,-1,106,108,127,-1,101,103,108,-1,108,103,128,-1,108,128,127,-1,114,116,129,-1,129,116,130,-1,129,130,131,-1,99,132,133,-1,133,132,134,-1,133,134,135,-1,135,136,133,-1,133,136,137,-1,133,137,138,-1,138,137,139,-1,138,139,140,-1,141,142,143,-1,143,142,144,-1,143,144,145,-1,124,146,147,-1,148,97,149,-1,149,97,117,-1,149,117,150,-1,150,117,115,-1,148,151,97,-1,97,151,152,-1,97,152,153,-1,154,155,97,-1,97,155,156,-1,97,156,99,-1,99,156,157,-1,99,157,132,-1,140,158,138,-1,138,158,159,-1,138,159,160,-1,160,159,161,-1,160,161,143,-1,143,161,162,-1,143,162,141,-1,147,163,124,-1,124,163,164,-1,124,164,126,-1,130,165,131,-1,131,165,166,-1,131,166,167,-1,167,166,168,-1,153,169,97,-1,97,169,170,-1,97,170,171,-1,111,172,109,-1,109,172,173,-1,109,173,171,-1,171,173,174,-1,171,174,97,-1,97,174,175,-1,97,175,154,-1,176,177,178,-1,178,179,176,-1,176,179,180,-1,176,180,181,-1,182,179,183,-1,183,179,184,-1,182,185,179,-1,179,185,186,-1,179,186,180,-1,187,188,189,-1,189,188,190,-1,189,190,191,-1,191,190,192,-1,192,193,191,-1,191,193,194,-1,191,194,195,-1,196,197,198,-1,198,197,195,-1,198,195,199,-1,199,195,194,-1,197,196,200,-1,200,196,201,-1,200,202,203,-1,201,204,200,-1,200,204,205,-1,200,205,202,-1,203,206,200,-1,200,206,207,-1,200,207,208,-1,204,201,186,-1,186,185,204,-1,204,185,182,-1,204,182,205,-1,183,203,182,-1,182,203,202,-1,182,202,205,-1,184,179,200,-1,200,208,184,-1,184,208,207,-1,184,207,183,-1,183,207,206,-1,183,206,203,-1,201,209,186,-1,186,209,210,-1,186,210,180,-1,211,212,213,-1,214,211,215,-1,215,211,213,-1,215,213,216,-1,190,188,217,-1,214,215,218,-1,218,215,219,-1,218,219,217,-1,192,190,220,-1,220,190,217,-1,220,217,221,-1,221,217,219,-1,222,223,224,-1,224,223,225,-1,226,216,213,-1,213,212,226,-1,226,212,227,-1,226,227,228,-1,228,227,229,-1,229,227,230,-1,229,230,231,-1,231,230,222,-1,231,222,224,-1,225,223,232,-1,232,223,233,-1,232,233,234,-1,234,233,235,-1,235,233,236,-1,235,236,237,-1,237,236,238,-1,237,238,239,-1,
        ]
    }
}
Shape{
    appearance Appearance {
        material  Material 	{
            diffuseColor 0.25098039215686274 0.25098039215686274 0.25098039215686274
            specularColor 0.12549019607843137 0.12549019607843137 0.12549019607843137
            ambientIntensity 0.251
            transparency 0.0
            shininess 0.5
        }
    }
    geometry IndexedFaceSet {
        ccw TRUE
        solid FALSE
        coord DEF co Coordinate {
            point [
                1.24 0.3465 0.3032, 1.24 0.4827 0.3032, 1.3105 0.4705 0.3032, 1.3961 0.4373 0.3032, 1.4722 0.386 0.3032, 1.5128 0.3465 0.3032, 1.24 0.5025 0.3228, 1.2638 0.4984 0.3228, 1.3156 0.4895 0.3228, 1.3537 0.4747 0.3228, 1.4052 0.4547 0.3228, 1.4368 0.4335 0.3228, 1.485 0.401 0.3228, 1.5097 0.3759 0.3228, 1.5388 0.3465 0.3228, 1.2047 0.5039 0.3543, 1.24 0.5025 0.3543, 1.24 0.5039 0.3543, -1.2933 -0.1102 0.126, -1.2933 0.0 0.126, -1.1771 -0.1496 0.126, -1.5709 0.3022 0.126, -1.5388 0.3465 0.126, -1.4046 0.3465 0.126, 1.008 0.374 0.126, 1.008 0.374 0.126, 0.7874 0.374 0.126, 1.2933 0.1102 0.126, 1.2933 0.0 0.126, 1.1771 0.1496 0.126, -1.0628 -0.5039 0.126, -1.0628 -0.6142 0.126, -1.24 -0.6142 0.126, -0.7874 -0.5039 0.126, -0.7874 -0.374 0.126, -0.6535 -0.5039 0.126, -0.3898 -0.374 0.126, -0.6535 -0.6142 0.126, -0.3898 -0.6142 0.126, -0.2067 -0.5039 0.126, -0.2067 -0.6142 0.126, 0.0 -0.374 0.126, 0.0 -0.5039 0.126, -0.1673 -0.5039 0.126, 0.1969 -0.374 0.126, 0.1969 -0.5039 0.126, 0.1673 -0.5039 0.126, 0.2067 -0.5039 0.126, 0.3898 -0.374 0.126, 0.2067 -0.6142 0.126, 0.3898 -0.6142 0.126, 0.6535 -0.5039 0.126, 0.6535 -0.6142 0.126, 0.7874 0.0 0.126, 1.008 -0.1496 0.126, 0.7874 -0.374 0.126, 1.008 -0.374 0.126, 0.7874 -0.5039 0.126, 1.008 -0.374 0.126, 1.0628 -0.5039 0.126, 1.1771 -0.374 0.126, 1.0628 -0.6142 0.126, 1.2933 -0.1496 0.126, 1.1771 -0.1496 0.126, 1.24 -0.3465 0.126, 1.1771 -0.374 0.126, 1.24 -0.374 0.126, 1.24 -0.6142 0.126, 1.5388 -0.3465 0.126, 1.5701 -0.3034 0.126, 1.6118 -0.2187 0.126, 1.6306 -0.1496 0.126, 1.1574 -0.1496 0.126, 1.1378 -0.1496 0.126, 1.0276 -0.1496 0.126, 1.1574 0.1496 0.126, 1.008 0.1496 0.126, 1.0276 0.1496 0.126, 1.1378 0.1496 0.126, 1.24 0.3465 0.126, 1.5388 0.3465 0.126, 1.3248 0.1417 0.126, 1.5673 0.3078 0.126, 1.5693 0.3043 0.126, 1.632 0.1417 0.126, 1.6249 0.1762 0.126, 1.6109 0.2207 0.126, 1.5912 0.2664 0.126, 1.6105 0.2222 0.126, 0.7874 0.5039 0.126, 1.0628 0.5039 0.126, 1.1771 0.374 0.126, 1.0628 0.6142 0.126, 1.24 0.6142 0.126, 1.24 0.374 0.126, 1.1771 0.374 0.126, 0.6535 0.5039 0.126, 0.3898 0.374 0.126, 0.6535 0.6142 0.126, 0.1969 0.5039 0.126, 0.2067 0.5039 0.126, 0.3898 0.6142 0.126, 0.2067 0.6142 0.126, 0.1969 0.374 0.126, 0.1673 0.5039 0.126, 0.0 0.374 0.126, 0.0 0.5039 0.126, -0.1673 0.5039 0.126, -0.1969 0.374 0.126, -0.1969 0.5039 0.126, -0.2067 0.5039 0.126, -0.3898 0.374 0.126, -0.2067 0.6142 0.126, -0.7874 0.5039 0.126, -0.6535 0.5039 0.126, -0.3898 0.6142 0.126, -0.6535 0.6142 0.126, -1.24 0.6142 0.126, -1.0628 0.6142 0.126, -1.0628 0.5039 0.126, -1.24 0.374 0.126, -1.1771 0.1496 0.126, -1.1771 0.374 0.126, -1.2933 0.1496 0.126, -1.1574 0.1496 0.126, -1.1378 0.1496 0.126, -0.7874 0.0 0.126, -1.4046 0.1496 0.126, -1.6306 0.1496 0.126, -1.6121 0.2178 0.126, -1.24 0.3465 0.126, -1.1771 0.374 0.126, -1.008 0.374 0.126, -1.008 0.374 0.126, -0.7874 0.374 0.126, -1.008 0.1496 0.126, -1.0276 0.1496 0.126, -1.1574 -0.1496 0.126, -1.1771 -0.374 0.126, -1.008 -0.374 0.126, -1.008 -0.374 0.126, -1.24 -0.374 0.126, -1.1771 -0.374 0.126, -1.24 -0.3465 0.126, -1.008 -0.1496 0.126, -1.0276 -0.1496 0.126, -1.1378 -0.1496 0.126, -1.3248 -0.1417 0.126, -1.4046 -0.1417 0.126, -1.4046 -0.3465 0.126, -1.5388 -0.3465 0.126, -1.5687 -0.3056 0.126, -1.6107 -0.2216 0.126, -1.632 -0.1417 0.126, 0.4174 0.1496 0.126, 0.3898 0.0 0.126, 0.4174 0.374 0.126, 0.5668 0.374 0.126, 0.5668 0.1496 0.126, 0.4174 -0.374 0.126, 0.5668 -0.374 0.126, 0.4174 -0.1496 0.126, 0.5668 -0.1496 0.126, 0.2284 0.374 0.126, 0.1969 0.0 0.126, 0.2284 0.1496 0.126, 0.3621 0.1496 0.126, 0.3621 0.374 0.126, 0.3621 -0.1496 0.126, 0.3621 -0.374 0.126, 0.2284 -0.374 0.126, 0.2284 -0.1496 0.126, 0.1653 0.374 0.126, 0.1653 0.1496 0.126, 0.0316 0.1496 0.126, 0.0 0.0 0.126, 0.0316 0.374 0.126, 0.0316 -0.374 0.126, 0.1653 -0.374 0.126, 0.0316 -0.1496 0.126, 0.1653 -0.1496 0.126, -0.0316 0.374 0.126, -0.0316 0.1496 0.126, -0.1653 0.1496 0.126, -0.1969 0.0 0.126, -0.1653 0.374 0.126, -0.1969 -0.374 0.126, -0.1653 -0.374 0.126, -0.0316 -0.374 0.126, -0.1653 -0.1496 0.126, -0.0316 -0.1496 0.126, -0.1969 -0.5039 0.126, -0.2284 0.374 0.126, -0.2284 0.1496 0.126, -0.3621 0.1496 0.126, -0.3898 0.0 0.126, -0.3621 0.374 0.126, -0.3621 -0.374 0.126, -0.2284 -0.374 0.126, -0.3621 -0.1496 0.126, -0.2284 -0.1496 0.126, -0.5668 0.374 0.126, -0.5668 0.1496 0.126, -0.4174 0.1496 0.126, -0.4174 0.374 0.126, -0.5668 -0.374 0.126, -0.5668 -0.1496 0.126, -0.4174 -0.1496 0.126, -0.4174 -0.374 0.126, 1.0628 0.5039 0.2756, 1.0628 0.6142 0.2756, 0.6535 0.6142 0.2756, 0.6535 0.5039 0.2756
            ]
        }
        coordIndex [
            0,1,2,-1,2,3,0,-1,0,3,4,-1,0,4,5,-1,1,6,7,-1,1,7,2,-1,7,8,2,-1,2,8,9,-1,2,9,3,-1,9,10,3,-1,3,10,11,-1,3,11,4,-1,4,11,12,-1,4,12,5,-1,5,12,13,-1,5,13,14,-1,15,16,17,-1,18,19,20,-1,21,22,23,-1,24,25,26,-1,27,28,29,-1,30,31,32,-1,33,34,35,-1,35,34,36,-1,35,36,37,-1,37,36,38,-1,38,36,39,-1,38,39,40,-1,41,42,43,-1,44,45,46,-1,45,44,47,-1,47,44,48,-1,47,48,49,-1,49,48,50,-1,50,48,51,-1,50,51,52,-1,53,54,55,-1,55,54,56,-1,55,56,57,-1,57,56,58,-1,57,58,59,-1,59,58,60,-1,59,60,61,-1,28,62,63,-1,63,62,64,-1,63,64,65,-1,65,64,66,-1,65,66,60,-1,60,66,67,-1,60,67,61,-1,68,64,69,-1,69,64,62,-1,69,62,70,-1,70,62,71,-1,63,72,28,-1,28,72,73,-1,28,73,53,-1,53,73,74,-1,53,74,54,-1,29,28,75,-1,26,25,53,-1,25,76,53,-1,53,76,77,-1,53,77,28,-1,28,77,78,-1,28,78,75,-1,79,80,81,-1,81,80,82,-1,81,82,83,-1,84,81,85,-1,85,81,86,-1,83,87,81,-1,81,87,88,-1,81,88,86,-1,89,90,91,-1,91,90,92,-1,92,93,91,-1,91,93,94,-1,91,94,95,-1,95,94,79,-1,95,79,29,-1,29,79,81,-1,29,81,27,-1,91,24,89,-1,89,24,26,-1,89,26,96,-1,96,26,97,-1,96,97,98,-1,99,100,97,-1,98,97,101,-1,101,97,100,-1,101,100,102,-1,99,103,104,-1,104,103,105,-1,104,105,106,-1,106,105,107,-1,107,105,108,-1,107,108,109,-1,109,108,110,-1,110,108,111,-1,110,111,112,-1,113,114,111,-1,112,111,115,-1,115,111,114,-1,115,114,116,-1,117,118,119,-1,117,119,120,-1,121,19,122,-1,122,19,123,-1,121,124,19,-1,19,124,125,-1,19,125,126,-1,127,128,129,-1,129,21,127,-1,127,21,23,-1,127,23,123,-1,123,23,130,-1,123,130,122,-1,122,130,120,-1,122,120,131,-1,131,120,119,-1,131,119,132,-1,132,119,113,-1,132,113,133,-1,133,113,134,-1,133,134,135,-1,135,134,126,-1,135,126,136,-1,136,126,125,-1,20,19,137,-1,30,138,33,-1,33,138,139,-1,33,139,34,-1,34,139,140,-1,34,140,126,-1,30,32,138,-1,138,32,141,-1,138,141,142,-1,142,141,143,-1,142,143,20,-1,140,144,126,-1,126,144,145,-1,126,145,19,-1,19,145,146,-1,19,146,137,-1,18,20,147,-1,147,20,143,-1,147,143,148,-1,148,143,149,-1,148,149,150,-1,150,151,148,-1,148,151,152,-1,148,152,153,-1,154,155,156,-1,156,155,97,-1,156,97,157,-1,157,97,26,-1,157,26,158,-1,158,26,53,-1,158,53,154,-1,154,53,155,-1,159,160,48,-1,159,48,161,-1,161,48,155,-1,161,155,162,-1,162,155,53,-1,162,53,160,-1,160,53,55,-1,160,55,48,-1,48,55,57,-1,48,57,51,-1,99,97,103,-1,103,97,163,-1,103,163,164,-1,164,163,165,-1,164,165,155,-1,155,165,166,-1,155,166,97,-1,97,166,167,-1,97,167,163,-1,168,155,169,-1,169,155,48,-1,169,48,170,-1,170,48,44,-1,170,44,171,-1,171,44,164,-1,171,164,168,-1,168,164,155,-1,172,103,173,-1,173,103,164,-1,173,164,174,-1,174,164,175,-1,174,175,176,-1,176,175,105,-1,176,105,172,-1,172,105,103,-1,41,177,178,-1,177,41,179,-1,179,41,175,-1,179,175,180,-1,180,175,164,-1,180,164,178,-1,178,164,44,-1,178,44,41,-1,41,44,46,-1,41,46,42,-1,181,105,182,-1,182,105,175,-1,182,175,183,-1,183,175,184,-1,183,184,185,-1,185,184,108,-1,185,108,181,-1,181,108,105,-1,186,187,188,-1,187,186,189,-1,189,186,184,-1,189,184,190,-1,190,184,175,-1,190,175,188,-1,188,175,41,-1,188,41,186,-1,186,41,43,-1,186,43,191,-1,192,108,193,-1,193,108,184,-1,193,184,194,-1,194,184,195,-1,194,195,196,-1,196,195,111,-1,196,111,192,-1,192,111,108,-1,197,198,36,-1,197,36,199,-1,199,36,195,-1,199,195,200,-1,200,195,184,-1,200,184,198,-1,198,184,186,-1,198,186,36,-1,36,186,191,-1,36,191,39,-1,113,111,134,-1,134,111,201,-1,134,201,126,-1,126,201,202,-1,126,202,195,-1,195,202,203,-1,195,203,111,-1,111,203,204,-1,111,204,201,-1,205,34,206,-1,206,34,126,-1,206,126,207,-1,207,126,195,-1,207,195,208,-1,208,195,36,-1,208,36,205,-1,205,36,34,-1,79,0,80,-1,80,0,5,-1,80,5,14,-1,90,209,92,-1,92,209,210,-1,98,211,96,-1,96,211,212,-1,
        ]
    }
}
Shape{
    appearance Appearance {
        material  Material 	{
            diffuseColor 0.7529411764705882 0.7529411764705882 0.7529411764705882
            specularColor 0.3764705882352941 0.3764705882352941 0.3764705882352941
            ambientIntensity 0.7529
            transparency 0.0
            shininess 0.5
        }
    }
    geometry IndexedFaceSet {
        ccw TRUE
        solid FALSE
        coord DEF co Coordinate {
            point [
                0.9646 0.8169 -0.3937, 0.9252 0.8169 -0.3937, 0.9646 0.876 -0.3937, 0.9252 0.876 -0.3937, 0.9149 0.8761 -0.393, 0.9149 0.8168 -0.393, 0.9048 0.8764 -0.391, 0.9048 0.8165 -0.391, 0.8951 0.877 -0.3877, 0.8951 0.8159 -0.3877, 0.8858 0.8777 -0.3832, 0.8858 0.8152 -0.3832, 0.8773 0.8787 -0.3774, 0.8773 0.8142 -0.3774, 0.8695 0.8131 -0.3706, 0.8695 0.8798 -0.3706, 0.857 0.8104 -0.3543, 0.857 0.8825 -0.3543, 0.8491 0.8072 -0.3353, 0.8491 0.8857 -0.3353, 0.8465 0.8038 -0.315, 0.8465 0.8891 -0.315, 0.8465 0.7972 -0.0197, 0.8465 0.8957 -0.0197, 0.8465 0.7972 -0.2756, 0.8465 0.8957 -0.2756, 0.7874 0.7972 0.0394, 0.7874 0.8957 0.0394, 0.8027 0.7972 0.0374, 0.8027 0.8957 0.0374, 0.8169 0.7972 0.0315, 0.8169 0.8957 0.0315, 0.8292 0.7972 0.0221, 0.8292 0.8957 0.0221, 0.8385 0.7972 0.0098, 0.8385 0.8957 0.0098, 0.8444 0.7972 -0.0044, 0.8444 0.8957 -0.0044, 0.7283 0.7972 0.0394, 0.7283 0.8957 0.0394
            ]
        }
        coordIndex [
            0,1,2,-1,2,1,3,-1,3,1,4,-1,4,1,5,-1,4,5,6,-1,6,5,7,-1,6,7,8,-1,8,7,9,-1,8,9,10,-1,10,9,11,-1,10,11,12,-1,11,13,12,-1,12,13,14,-1,12,14,15,-1,15,14,16,-1,15,16,17,-1,17,16,18,-1,17,18,19,-1,19,18,20,-1,19,20,21,-1,22,23,24,-1,24,23,25,-1,24,25,20,-1,20,25,21,-1,26,27,28,-1,28,27,29,-1,28,29,30,-1,30,29,31,-1,30,31,32,-1,32,31,33,-1,32,33,34,-1,34,33,35,-1,34,35,36,-1,36,35,37,-1,36,37,22,-1,22,37,23,-1,38,39,26,-1,26,39,27,-1,
        ]
    }
}
Shape{
    appearance Appearance {
        material  Material 	{
            diffuseColor 0.25098039215686274 0.25098039215686274 0.25098039215686274
            specularColor 0.12549019607843137 0.12549019607843137 0.12549019607843137
            ambientIntensity 0.251
            transparency 0.0
            shininess 0.5
        }
    }
    geometry IndexedFaceSet {
        ccw TRUE
        solid FALSE
        coord DEF co Coordinate {
            point [
                0.2067 0.5039 0.126, 0.2067 0.5039 0.2756, 0.2067 0.6142 0.126, 0.2067 0.6142 0.2756, -0.2067 0.6142 0.126, -0.2067 0.6142 0.2756, -0.2067 0.5039 0.126, -0.2067 0.5039 0.2756, -0.6535 0.5039 0.126, -0.6535 0.5039 0.2756, -0.6535 0.6142 0.126, -0.6535 0.6142 0.2756, -1.0628 0.6142 0.126, -1.0628 0.6142 0.2756, -1.0628 0.5039 0.126, -1.0628 0.5039 0.2756
            ]
        }
        coordIndex [
            0,1,2,-1,2,1,3,-1,4,5,6,-1,6,5,7,-1,8,9,10,-1,10,9,11,-1,12,13,14,-1,14,13,15,-1,
        ]
    }
}
Shape{
    appearance Appearance {
        material  Material 	{
            diffuseColor 0.7529411764705882 0.7529411764705882 0.7529411764705882
            specularColor 0.3764705882352941 0.3764705882352941 0.3764705882352941
            ambientIntensity 0.7529
            transparency 0.0
            shininess 0.5
        }
    }
    geometry IndexedFaceSet {
        ccw TRUE
        solid FALSE
        coord DEF co Coordinate {
            point [
                -0.8465 0.8038 -0.315, -0.8465 0.8891 -0.315, -0.8465 0.7972 -0.2756, -0.8465 0.8957 -0.2756, -0.8465 0.7972 -0.0197, -0.8465 0.8957 -0.0197, -0.7874 0.7972 0.0394, -0.7874 0.8957 0.0394, -0.7283 0.7972 0.0394, -0.7283 0.8957 0.0394, -0.8444 0.7972 -0.0044, -0.8444 0.8957 -0.0044, -0.8385 0.7972 0.0098, -0.8385 0.8957 0.0098, -0.8292 0.7972 0.0221, -0.8292 0.8957 0.0221, -0.8169 0.7972 0.0315, -0.8169 0.8957 0.0315, -0.8027 0.7972 0.0374, -0.8027 0.8957 0.0374, -0.8695 0.8131 -0.3706, -0.857 0.8825 -0.3543, -0.857 0.8104 -0.3543, -0.8491 0.8857 -0.3353, -0.8491 0.8072 -0.3353, -0.9252 0.8169 -0.3937, -0.9252 0.876 -0.3937, -0.9149 0.8168 -0.393, -0.9149 0.8761 -0.393, -0.9048 0.8165 -0.391, -0.9048 0.8764 -0.391, -0.8951 0.8159 -0.3877, -0.8951 0.877 -0.3877, -0.8858 0.8152 -0.3832, -0.8858 0.8777 -0.3832, -0.8773 0.8142 -0.3774, -0.8773 0.8787 -0.3774, -0.8695 0.8798 -0.3706, -0.9646 0.8169 -0.3937, -0.9646 0.876 -0.3937
            ]
        }
        coordIndex [
            0,1,2,-1,2,1,3,-1,2,3,4,-1,4,3,5,-1,6,7,8,-1,8,7,9,-1,4,5,10,-1,10,5,11,-1,10,11,12,-1,12,11,13,-1,12,13,14,-1,14,13,15,-1,14,15,16,-1,16,15,17,-1,16,17,18,-1,18,17,19,-1,18,19,6,-1,6,19,7,-1,20,21,22,-1,22,21,23,-1,22,23,24,-1,24,23,1,-1,24,1,0,-1,25,26,27,-1,27,26,28,-1,27,28,29,-1,29,28,30,-1,29,30,31,-1,31,30,32,-1,31,32,33,-1,33,32,34,-1,33,34,35,-1,35,34,36,-1,35,36,20,-1,20,36,37,-1,20,37,21,-1,25,38,26,-1,26,38,39,-1,
        ]
    }
}
Shape{
    appearance Appearance {
        material  Material 	{
            diffuseColor 0.25098039215686274 0.25098039215686274 0.25098039215686274
            specularColor 0.12549019607843137 0.12549019607843137 0.12549019607843137
            ambientIntensity 0.251
            transparency 0.0
            shininess 0.5
        }
    }
    geometry IndexedFaceSet {
        ccw TRUE
        solid FALSE
        coord DEF co Coordinate {
            point [
                -1.24 0.5039 0.3543, -1.24 0.5025 0.3543, -1.2047 0.5039 0.3543, -1.5128 0.3465 0.3032, -1.5388 0.3465 0.3228, -1.5112 0.3745 0.3228, -1.3105 0.4705 0.3032, -1.3156 0.4895 0.3228, -1.24 0.4827 0.3032, -1.2642 0.4983 0.3228, -1.24 0.5025 0.3228, -1.4722 0.386 0.3032, -1.485 0.401 0.3228, -1.3961 0.4373 0.3032, -1.438 0.4327 0.3228, -1.4052 0.4547 0.3228, -1.3545 0.4744 0.3228, -1.24 0.3465 0.3032, -1.5388 0.3465 0.126, -1.24 0.3465 0.126, -1.4046 0.3465 0.126, -1.6417 0.1181 0.1102, -1.6811 0.1181 0.0709, -1.6362 0.1827 0.1102, -1.6749 0.1905 0.0709, -1.6361 0.1838 0.1102, -1.6157 0.2574 0.1102, -1.6524 0.2716 0.0709, -1.608 0.2732 0.1102, -1.6381 0.3027 0.0712, -1.5873 0.3156 0.1102, -1.6417 -0.1181 0.1102, -1.6811 -0.1181 0.0709, -1.6749 -0.1905 0.0709, -1.6362 -0.1827 0.1102, -1.6361 -0.1838 0.1102, -1.6524 -0.2716 0.0709, -1.6157 -0.2574 0.1102, -1.6381 -0.3027 0.0712, -1.608 -0.2732 0.1102, -1.5873 -0.3156 0.1102
            ]
        }
        coordIndex [
            0,1,2,-1,3,4,5,-1,6,7,8,-1,8,7,9,-1,8,9,10,-1,3,5,11,-1,11,5,12,-1,11,12,13,-1,12,14,13,-1,13,14,15,-1,13,15,6,-1,6,15,16,-1,6,16,7,-1,17,3,11,-1,11,13,17,-1,17,13,6,-1,17,6,8,-1,18,4,3,-1,17,19,3,-1,3,19,20,-1,3,20,18,-1,21,22,23,-1,23,22,24,-1,23,24,25,-1,25,24,26,-1,26,24,27,-1,26,27,28,-1,28,27,29,-1,28,29,30,-1,21,31,22,-1,22,31,32,-1,33,32,31,-1,31,34,33,-1,33,34,35,-1,33,35,36,-1,36,35,37,-1,36,37,38,-1,38,37,39,-1,38,39,40,-1,
        ]
    }
}
Shape{
    appearance Appearance {
        material  Material 	{
            diffuseColor 0.7529411764705882 0.7529411764705882 0.7529411764705882
            specularColor 0.3764705882352941 0.3764705882352941 0.3764705882352941
            ambientIntensity 0.7529
            transparency 0.0
            shininess 0.5
        }
    }
    geometry IndexedFaceSet {
        ccw TRUE
        solid FALSE
        coord DEF co Coordinate {
            point [
                -1.5244 0.4155 0.0079, -1.5039 0.4173 0.0079, -1.5039 0.378 0.0472, -1.5175 0.3768 0.0472, -1.5204 0.3759 0.0472, -1.5498 0.408 0.0079, -1.5499 0.3631 0.0472, -1.573 0.395 0.0079, -1.5394 0.369 0.0472, -1.5345 0.3718 0.0472, -1.5513 0.3621 0.0472, -1.5582 0.3616 0.0433, -1.5926 0.3772 0.0079, -1.5746 0.3596 0.0316, -1.5931 0.3575 0.0183, -1.6003 0.3675 0.0079, -1.5615 0.3523 0.0647, -1.5675 0.3456 0.0757, -1.6139 0.3389 0.0351, -1.5594 0.3544 0.0611, -1.5979 0.3532 0.0222, -1.556 0.3576 0.0553, -1.5873 0.3156 0.1102, -1.6381 0.3027 0.0712, -1.5778 0.3309 0.0927, -1.6263 0.3209 0.0531, -1.3316 0.4764 0.0308, -1.5039 0.4764 0.2835, -1.3255 0.4764 0.0395, -1.3241 0.4764 0.0432, -1.3336 0.4764 0.028, -1.3418 0.4764 0.0206, -1.3449 0.4764 0.0179, -1.3189 0.4764 0.2835, -1.3189 0.4764 0.0669, -1.3991 0.4764 0.2835, -1.3201 0.4764 0.0571, -1.3208 0.4764 0.0517, -1.3541 0.4764 0.0128, -1.3552 0.4764 0.0122, -1.368 0.4764 0.0087, -1.3684 0.4764 0.0086, -1.378 0.4764 0.0079, -1.5039 0.4764 0.0079, -1.3197 0.378 0.057, -1.3189 0.378 0.0669, -1.3316 0.3944 0.0308, -1.341 0.4044 0.0208, -1.3417 0.4048 0.0204, -1.3518 0.4112 0.014, -1.3542 0.4121 0.0131, -1.3622 0.4152 0.01, -1.3681 0.4162 0.0089, -1.3728 0.4171 0.0081, -1.378 0.4173 0.0079, -1.3301 0.3928 0.0324, -1.3223 0.378 0.0472, -1.3243 0.3819 0.0433
            ]
        }
        coordIndex [
            0,1,2,-1,2,3,0,-1,0,3,4,-1,0,4,5,-1,6,7,8,-1,8,7,5,-1,8,5,9,-1,9,5,4,-1,6,10,7,-1,7,10,11,-1,7,11,12,-1,11,13,12,-1,12,13,14,-1,12,14,15,-1,16,17,18,-1,16,18,19,-1,19,18,20,-1,19,20,14,-1,14,13,19,-1,19,13,11,-1,19,11,21,-1,21,11,10,-1,22,23,24,-1,24,23,25,-1,24,25,17,-1,17,25,18,-1,26,27,28,-1,28,27,29,-1,26,30,27,-1,27,30,31,-1,27,31,32,-1,33,34,35,-1,35,34,36,-1,35,36,27,-1,27,36,37,-1,27,37,29,-1,32,38,27,-1,27,38,39,-1,27,39,40,-1,40,41,27,-1,27,41,42,-1,27,42,43,-1,36,34,44,-1,44,34,45,-1,26,46,47,-1,26,47,30,-1,30,47,48,-1,30,48,31,-1,31,48,49,-1,31,49,32,-1,32,49,50,-1,32,50,38,-1,38,50,51,-1,38,51,39,-1,39,51,52,-1,39,52,40,-1,40,52,53,-1,40,53,41,-1,41,53,54,-1,41,54,42,-1,46,26,55,-1,55,26,28,-1,55,28,29,-1,36,44,37,-1,37,44,56,-1,37,56,29,-1,29,56,57,-1,29,57,55,-1,57,56,2,-1,57,2,55,-1,2,1,54,-1,54,53,2,-1,2,53,52,-1,2,52,51,-1,51,50,2,-1,2,50,49,-1,2,49,48,-1,48,47,2,-1,2,47,46,-1,2,46,55,-1,
        ]
    }
}
Shape{
    appearance Appearance {
        material  Material 	{
            diffuseColor 0.25098039215686274 0.25098039215686274 0.25098039215686274
            specularColor 0.12549019607843137 0.12549019607843137 0.12549019607843137
            ambientIntensity 0.251
            transparency 0.0
            shininess 0.5
        }
    }
    geometry IndexedFaceSet {
        ccw TRUE
        solid FALSE
        coord DEF co Coordinate {
            point [
                -1.24 -0.3465 0.3032, -1.24 -0.3465 0.126, -1.24 -0.374 0.126, -1.24 -0.6142 0.126, -1.24 -0.6142 0.3543, -1.24 -0.6024 0.3543, -1.24 -0.4827 0.3032, -1.24 -0.5025 0.3228, -1.24 -0.5032 0.3543, -1.1416 -0.6142 0.3543, -1.0628 -0.6142 0.2756, -1.0628 -0.6142 0.126, -1.1416 -0.6024 0.3543, -1.0628 -0.5039 0.2756, -1.1416 -0.5039 0.3543, -0.6693 -0.5039 0.2953, -0.6693 -0.5039 0.2835, -0.6535 -0.5039 0.2756, -0.652 -0.5039 0.337, -0.6614 -0.5039 0.3248, -0.6673 -0.5039 0.3106, -0.6535 -0.5039 0.126, -0.7874 -0.5039 0.126, -1.0628 -0.5039 0.126, -1.0433 -0.5039 0.2835, -1.0433 -0.5039 0.2953, -1.1024 -0.5039 0.3543, -1.0453 -0.5039 0.3106, -1.0871 -0.5039 0.3523, -0.6398 -0.5039 0.3464, -0.5748 -0.5039 0.3543, -0.6102 -0.5039 0.3543, -0.6255 -0.5039 0.3523, -1.0512 -0.5039 0.3248, -1.0606 -0.5039 0.337, -1.0728 -0.5039 0.3464
            ]
        }
        coordIndex [
            0,1,2,-1,3,4,5,-1,0,2,6,-1,6,2,3,-1,6,3,7,-1,7,3,5,-1,7,5,8,-1,9,4,10,-1,10,4,3,-1,10,3,11,-1,9,10,12,-1,12,10,13,-1,12,13,14,-1,15,16,17,-1,18,19,20,-1,21,17,22,-1,22,17,16,-1,22,16,23,-1,23,16,24,-1,23,24,13,-1,13,24,14,-1,14,24,25,-1,14,25,26,-1,26,25,27,-1,26,27,28,-1,18,20,29,-1,17,30,15,-1,15,30,31,-1,15,31,20,-1,20,31,32,-1,20,32,29,-1,33,34,27,-1,27,34,35,-1,27,35,28,-1,
        ]
    }
}
Shape{
    appearance Appearance {
        material  Material 	{
            diffuseColor 0.7529411764705882 0.7529411764705882 0.7529411764705882
            specularColor 0.3764705882352941 0.3764705882352941 0.3764705882352941
            ambientIntensity 0.7529
            transparency 0.0
            shininess 0.5
        }
    }
    geometry IndexedFaceSet {
        ccw TRUE
        solid FALSE
        coord DEF co Coordinate {
            point [
                -1.001 -0.8775 -0.3848, -1.0127 -0.8788 -0.3767, -1.0098 -0.8145 -0.3794, -1.0384 -0.8846 -0.3422, -1.0419 -0.8869 -0.3281, -1.041 -0.8069 -0.3339, -1.0427 -0.8875 -0.3248, -1.0433 -0.8891 -0.315, -1.0433 -0.8038 -0.315, -1.0417 -0.806 -0.3281, -1.0362 -0.8839 -0.3465, -1.0364 -0.809 -0.3466, -1.0298 -0.8818 -0.359, -1.0353 -0.8095 -0.3496, -1.0263 -0.8811 -0.363, -1.0264 -0.8118 -0.3632, -1.0169 -0.8793 -0.3738, -1.0248 -0.8123 -0.3657, -1.0127 -0.8141 -0.3768, -0.9962 -0.8772 -0.3866, -0.9962 -0.8157 -0.3867, -0.9837 -0.8764 -0.3913, -0.993 -0.816 -0.3884, -0.9777 -0.8763 -0.3921, -0.9646 -0.8169 -0.3937, -0.9646 -0.876 -0.3937, -0.9748 -0.8168 -0.393, -0.9777 -0.8167 -0.3923, -0.8488 -0.886 -0.3339, -0.8481 -0.8869 -0.3281, -1.0433 -0.8957 -0.2756, -0.8465 -0.8891 -0.315, -0.8465 -0.8957 -0.2756, -0.8968 -0.8769 -0.3884, -0.8936 -0.8772 -0.3867, -0.8799 -0.8784 -0.3794, -0.9252 -0.876 -0.3937, -0.9149 -0.8761 -0.393, -0.9121 -0.8762 -0.3923, -0.8771 -0.8788 -0.3768, -0.865 -0.8807 -0.3657, -0.8634 -0.8811 -0.3632, -0.8545 -0.8834 -0.3496, -0.8534 -0.8839 -0.3466, -0.8456 -0.8957 -0.0098, -0.8414 -0.8957 0.0041, -1.0433 -0.8957 0.1457, -0.834 -0.8957 0.0166, -0.8237 -0.8957 0.0269, -0.8465 -0.8957 -0.0197, -0.6701 -0.8957 0.0885, -0.6693 -0.8957 0.0984, -0.7185 -0.8957 0.0402, -0.8112 -0.8957 0.0344, -0.7973 -0.8957 0.0385, -0.6693 -0.8957 0.1457, -0.7874 -0.8957 0.0394, -0.7283 -0.8957 0.0394, -0.692 -0.8957 0.0518, -0.6818 -0.8957 0.0621, -0.6743 -0.8957 0.0746, -0.7045 -0.8957 0.0444, -0.6693 -0.8916 0.1762, -1.0433 -0.8916 0.1762, -0.6693 -0.8798 0.2047, -1.0433 -0.8798 0.2047, -0.6693 -0.8611 0.2292, -1.0433 -0.8611 0.2292, -0.6693 -0.8366 0.248, -1.0433 -0.8366 0.248, -0.6693 -0.8081 0.2598, -1.0433 -0.8081 0.2598, -0.6693 -0.7776 0.2638, -1.0433 -0.7776 0.2638, -0.6693 -0.622 0.2638, -1.0433 -0.622 0.2638, -0.6693 -0.622 0.1654, -1.0433 -0.622 0.1654, -1.0433 -0.5915 0.1694, -0.6693 -0.5915 0.1694, -1.0433 -0.563 0.1812, -0.6693 -0.563 0.1812, -1.0433 -0.5385 0.1999, -0.6693 -0.5385 0.1999, -1.0433 -0.5198 0.2244, -0.6693 -0.5198 0.2244, -1.0433 -0.508 0.2529, -0.6693 -0.508 0.2529, -1.0433 -0.5039 0.2835, -0.6693 -0.5039 0.2835, -0.6693 -0.7776 0.1654, -1.0433 -0.7776 0.1654, -0.6693 -0.7972 0.1457, -1.0433 -0.7972 0.1457, -0.6693 -0.7967 0.1501, -1.0433 -0.7967 0.1501, -0.6693 -0.7953 0.1542, -1.0433 -0.7953 0.1542, -0.6693 -0.7929 0.1579, -1.0433 -0.7929 0.1579, -0.6693 -0.7898 0.1611, -1.0433 -0.7898 0.1611, -0.6693 -0.7861 0.1634, -1.0433 -0.7861 0.1634, -0.6693 -0.7819 0.1649, -1.0433 -0.7819 0.1649, -0.7973 -0.7972 0.0385, -0.8112 -0.7972 0.0344, -0.7874 -0.7972 0.0394, -0.8237 -0.7972 0.0269, -0.834 -0.7972 0.0166, -0.8414 -0.7972 0.0041, -0.8465 -0.7972 -0.2756, -1.0433 -0.7972 -0.2756, -0.8465 -0.7972 -0.0197, -0.8456 -0.7972 -0.0098, -0.6693 -0.7972 0.0984, -0.7283 -0.7972 0.0394, -0.7185 -0.7972 0.0402, -0.6743 -0.7972 0.0746, -0.6818 -0.7972 0.0621, -0.692 -0.7972 0.0518, -0.6701 -0.7972 0.0885, -0.7045 -0.7972 0.0444, -0.8471 -0.8054 -0.3248, -0.8479 -0.806 -0.3281, -0.9121 -0.8167 -0.3921, -0.8513 -0.8083 -0.3422, -0.8535 -0.809 -0.3465, -0.8599 -0.8111 -0.359, -0.8635 -0.8118 -0.363, -0.8728 -0.8136 -0.3738, -0.8771 -0.8141 -0.3767, -0.8465 -0.8038 -0.315, -0.8936 -0.8157 -0.3866, -0.9061 -0.8165 -0.3913, -0.8888 -0.8154 -0.3848, -0.9252 -0.8169 -0.3937
            ]
        }
        coordIndex [
            0,1,2,-1,3,4,5,-1,6,7,8,-1,6,8,4,-1,4,8,9,-1,4,9,5,-1,3,5,10,-1,10,5,11,-1,10,11,12,-1,12,11,13,-1,12,13,14,-1,14,13,15,-1,14,15,16,-1,16,15,17,-1,16,17,1,-1,1,17,18,-1,1,18,2,-1,0,2,19,-1,19,2,20,-1,19,20,21,-1,21,20,22,-1,21,22,23,-1,24,25,26,-1,26,25,23,-1,26,23,27,-1,27,23,22,-1,28,29,30,-1,30,29,31,-1,30,31,32,-1,12,14,30,-1,30,14,16,-1,30,16,1,-1,33,34,30,-1,30,34,35,-1,1,0,30,-1,30,0,19,-1,30,19,21,-1,21,23,30,-1,30,23,25,-1,30,25,36,-1,36,37,30,-1,30,37,38,-1,30,38,33,-1,35,39,30,-1,30,39,40,-1,30,40,41,-1,41,42,30,-1,30,42,43,-1,30,43,28,-1,6,4,7,-1,7,4,30,-1,12,30,10,-1,10,30,4,-1,10,4,3,-1,44,45,46,-1,46,45,47,-1,46,47,48,-1,30,32,46,-1,46,32,49,-1,46,49,44,-1,50,51,52,-1,48,53,46,-1,46,53,54,-1,46,54,55,-1,55,54,56,-1,55,56,51,-1,51,56,57,-1,51,57,52,-1,58,59,60,-1,50,52,60,-1,60,52,61,-1,60,61,58,-1,46,55,62,-1,46,62,63,-1,63,62,64,-1,63,64,65,-1,65,64,66,-1,65,66,67,-1,67,66,68,-1,67,68,69,-1,69,68,70,-1,69,70,71,-1,71,70,72,-1,71,72,73,-1,74,75,72,-1,72,75,73,-1,76,77,78,-1,76,78,79,-1,79,78,80,-1,79,80,81,-1,81,80,82,-1,81,82,83,-1,83,82,84,-1,83,84,85,-1,85,84,86,-1,85,86,87,-1,87,86,88,-1,87,88,89,-1,90,91,76,-1,76,91,77,-1,92,93,94,-1,94,93,95,-1,94,95,96,-1,96,95,97,-1,96,97,98,-1,98,97,99,-1,98,99,100,-1,100,99,101,-1,100,101,102,-1,102,101,103,-1,102,103,104,-1,104,103,105,-1,104,105,90,-1,90,105,91,-1,106,107,93,-1,106,93,108,-1,107,109,93,-1,93,109,110,-1,93,110,111,-1,112,113,114,-1,114,113,93,-1,114,93,115,-1,115,93,111,-1,93,92,108,-1,108,92,116,-1,108,116,117,-1,117,116,118,-1,119,120,121,-1,116,122,118,-1,118,122,119,-1,118,119,123,-1,123,119,121,-1,124,125,15,-1,22,20,126,-1,13,11,112,-1,112,11,5,-1,5,9,112,-1,112,9,8,-1,112,8,113,-1,125,127,15,-1,15,127,128,-1,15,128,129,-1,129,130,15,-1,15,130,131,-1,15,131,132,-1,13,112,15,-1,15,112,133,-1,15,133,124,-1,134,135,126,-1,24,26,27,-1,126,20,134,-1,134,20,2,-1,134,2,18,-1,132,136,15,-1,15,136,134,-1,15,134,17,-1,17,134,18,-1,137,24,126,-1,126,24,27,-1,126,27,22,-1,116,51,50,-1,116,50,122,-1,122,50,60,-1,122,60,119,-1,119,60,59,-1,119,59,120,-1,120,59,58,-1,120,58,121,-1,121,58,61,-1,121,61,123,-1,123,61,52,-1,123,52,118,-1,118,52,57,-1,118,57,117,-1,
        ]
    }
}
Shape{
    appearance Appearance {
        material  Material 	{
            diffuseColor 0.25098039215686274 0.25098039215686274 0.25098039215686274
            specularColor 0.12549019607843137 0.12549019607843137 0.12549019607843137
            ambientIntensity 0.251
            transparency 0.0
            shininess 0.5
        }
    }
    geometry IndexedFaceSet {
        ccw TRUE
        solid FALSE
        coord DEF co Coordinate {
            point [
                -0.5748 -0.5039 0.3543, -0.6535 -0.5039 0.2756, -0.5748 -0.6024 0.3543, -0.6535 -0.6142 0.2756, -0.5748 -0.6142 0.3543, -0.2067 -0.6142 0.126, -0.2067 -0.6142 0.2756, -0.3898 -0.6142 0.126, -0.2854 -0.6142 0.3543, -0.6535 -0.6142 0.126, -0.2854 -0.6024 0.3543, -0.2067 -0.5039 0.2756, -0.2854 -0.5039 0.3543, -0.2559 -0.5039 0.3543, -0.1673 -0.5039 0.126, -0.1673 -0.5039 0.126, -0.1969 -0.5039 0.126, -0.1796 -0.5039 0.1354, -0.2067 -0.5039 0.126, -0.1889 -0.5039 0.1476, -0.2264 -0.5039 0.3464, -0.1989 -0.5039 0.3106, -0.2141 -0.5039 0.337, -0.2048 -0.5039 0.3248, -0.2406 -0.5039 0.3523, -0.1969 -0.5039 0.2953, -0.1969 -0.5039 0.1772, -0.1948 -0.5039 0.1619, -0.1531 -0.5039 0.1201, -0.1378 -0.5039 0.1181, 0.0 -0.5039 0.126, 0.1378 -0.5039 0.1181, 0.1673 -0.5039 0.126, 0.1531 -0.5039 0.1201, 0.2854 -0.5039 0.3543, 0.1988 -0.5039 0.3543, 0.2067 -0.5039 0.2756, 0.1969 -0.5039 0.126, 0.2067 -0.5039 0.126, 0.1988 -0.5039 0.5039, 0.1949 -0.5039 0.5039, 0.1949 -0.5039 0.2953, 0.1889 -0.5039 0.1476, 0.1796 -0.5039 0.1354, 0.1673 -0.5039 0.126, 0.1969 -0.5039 0.2953, 0.1969 -0.5039 0.1772, 0.1948 -0.5039 0.1619
            ]
        }
        coordIndex [
            0,1,2,-1,2,1,3,-1,2,3,4,-1,5,6,7,-1,7,6,8,-1,8,4,7,-1,7,4,3,-1,7,3,9,-1,8,6,10,-1,10,6,11,-1,10,11,12,-1,13,12,11,-1,14,15,16,-1,16,15,17,-1,16,17,18,-1,18,17,19,-1,20,21,22,-1,22,21,23,-1,20,24,21,-1,21,24,13,-1,21,13,25,-1,25,13,11,-1,25,11,26,-1,26,11,18,-1,26,18,27,-1,27,18,19,-1,28,14,29,-1,29,14,30,-1,29,30,31,-1,31,30,32,-1,31,32,33,-1,34,35,36,-1,36,35,37,-1,36,37,38,-1,39,40,35,-1,35,40,41,-1,42,43,37,-1,37,43,44,-1,37,44,32,-1,41,45,35,-1,35,45,46,-1,35,46,37,-1,37,46,47,-1,37,47,42,-1,
        ]
    }
}
Shape{
    appearance Appearance {
        material  Material 	{
            diffuseColor 0.7529411764705882 0.7529411764705882 0.7529411764705882
            specularColor 0.3764705882352941 0.3764705882352941 0.3764705882352941
            ambientIntensity 0.7529
            transparency 0.0
            shininess 0.5
        }
    }
    geometry IndexedFaceSet {
        ccw TRUE
        solid FALSE
        coord DEF co Coordinate {
            point [
                -1.5039 -0.4764 0.2835, -1.5039 -0.4764 0.0079, -1.378 -0.4764 0.0079, -1.3681 -0.4764 0.0091, -1.3627 -0.4764 0.0098, -1.3542 -0.4764 0.0131, -1.3506 -0.4764 0.0145, -1.3418 -0.4764 0.0206, -1.3991 -0.4764 0.2835, -1.339 -0.4764 0.0225, -1.3316 -0.4764 0.0308, -1.3289 -0.4764 0.0338, -1.3238 -0.4764 0.0431, -1.3232 -0.4764 0.0442, -1.3197 -0.4764 0.057, -1.3196 -0.4764 0.0574, -1.3189 -0.4764 0.0669, -1.3189 -0.4764 0.2835, -1.5743 -0.3601 0.0323, -1.5513 -0.3621 0.0472, -1.5499 -0.3631 0.0472, -1.5926 -0.3772 0.0079, -1.6003 -0.3675 0.0079, -1.5931 -0.3575 0.0183, -1.5818 -0.3594 0.0275, -1.573 -0.395 0.0079, -1.5394 -0.369 0.0472, -1.5498 -0.408 0.0079, -1.5039 -0.378 0.0472, -1.5039 -0.4173 0.0079, -1.5175 -0.3768 0.0472, -1.5244 -0.4155 0.0079, -1.5204 -0.3759 0.0472, -1.5345 -0.3718 0.0472, -1.3615 -0.4151 0.0101, -1.3681 -0.4163 0.0089, -1.3223 -0.378 0.0472, -1.3243 -0.3819 0.0433, -1.3304 -0.3933 0.0319, -1.3718 -0.417 0.0082, -1.378 -0.4173 0.0079, -1.3315 -0.3944 0.0308, -1.3414 -0.4046 0.0206, -1.3417 -0.4048 0.0204, -1.3517 -0.4112 0.014, -1.3542 -0.4122 0.013, -1.3197 -0.378 0.057, -1.3189 -0.378 0.0669
            ]
        }
        coordIndex [
            0,1,2,-1,2,3,0,-1,0,3,4,-1,0,4,5,-1,5,6,0,-1,0,6,7,-1,0,7,8,-1,7,9,8,-1,8,9,10,-1,8,10,11,-1,11,12,8,-1,8,12,13,-1,8,13,14,-1,14,15,8,-1,8,15,16,-1,8,16,17,-1,18,19,20,-1,21,22,23,-1,23,24,21,-1,21,24,18,-1,21,18,25,-1,18,20,25,-1,25,20,26,-1,25,26,27,-1,28,29,30,-1,30,29,31,-1,30,31,32,-1,32,31,27,-1,32,27,33,-1,33,27,26,-1,34,35,28,-1,36,37,28,-1,28,37,38,-1,35,39,28,-1,28,39,40,-1,28,40,29,-1,38,41,28,-1,28,41,42,-1,28,42,43,-1,43,44,28,-1,28,44,45,-1,28,45,34,-1,37,36,14,-1,14,36,46,-1,14,46,15,-1,15,46,47,-1,15,47,16,-1,3,2,40,-1,14,13,37,-1,37,13,12,-1,37,12,38,-1,38,12,11,-1,38,11,41,-1,41,11,10,-1,41,10,42,-1,42,10,9,-1,42,9,43,-1,43,9,7,-1,43,7,44,-1,44,7,6,-1,44,6,45,-1,45,6,5,-1,45,5,34,-1,34,5,4,-1,34,4,35,-1,35,4,3,-1,35,3,39,-1,39,3,40,-1,
        ]
    }
}
Shape{
    appearance Appearance {
        material  Material 	{
            diffuseColor 0.25098039215686274 0.25098039215686274 0.25098039215686274
            specularColor 0.12549019607843137 0.12549019607843137 0.12549019607843137
            ambientIntensity 0.251
            transparency 0.0
            shininess 0.5
        }
    }
    geometry IndexedFaceSet {
        ccw TRUE
        solid FALSE
        coord DEF co Coordinate {
            point [
                -1.5675 -0.3456 0.0757, -1.6139 -0.3389 0.0351, -1.5778 -0.3309 0.0927, -1.6263 -0.321 0.053, -1.5873 -0.3156 0.1102, -1.6381 -0.3027 0.0712, -1.5592 -0.3543 0.0611, -1.5559 -0.3576 0.0553, -1.5818 -0.3594 0.0275, -1.5544 -0.3593 0.0526, -1.5743 -0.3601 0.0323, -1.5513 -0.3621 0.0472, -1.6044 -0.3505 0.0235, -1.5994 -0.3536 0.0212, -1.5931 -0.3575 0.0183
            ]
        }
        coordIndex [
            0,1,2,-1,2,1,3,-1,2,3,4,-1,4,3,5,-1,6,7,8,-1,8,7,9,-1,8,9,10,-1,10,9,11,-1,1,0,12,-1,12,0,6,-1,12,6,13,-1,13,6,8,-1,13,8,14,-1,
        ]
    }
}
Shape{
    appearance Appearance {
        material  Material 	{
            diffuseColor 0.7529411764705882 0.7529411764705882 0.7529411764705882
            specularColor 0.3764705882352941 0.3764705882352941 0.3764705882352941
            ambientIntensity 0.7529
            transparency 0.0
            shininess 0.5
        }
    }
    geometry IndexedFaceSet {
        ccw TRUE
        solid FALSE
        coord DEF co Coordinate {
            point [
                1.5244 -0.4155 0.0079, 1.5039 -0.4173 0.0079, 1.5039 -0.378 0.0472, 1.5175 -0.3768 0.0472, 1.5204 -0.3759 0.0472, 1.5498 -0.408 0.0079, 1.5499 -0.3631 0.0472, 1.573 -0.395 0.0079, 1.5394 -0.369 0.0472, 1.5345 -0.3718 0.0472, 1.5513 -0.3621 0.0472, 1.5582 -0.3615 0.0433, 1.5926 -0.3772 0.0079, 1.5746 -0.3596 0.0316, 1.5931 -0.3575 0.0183, 1.6003 -0.3675 0.0079, 1.5615 -0.3523 0.0647, 1.5675 -0.3456 0.0757, 1.6139 -0.3389 0.0351, 1.5594 -0.3544 0.0611, 1.5979 -0.3532 0.0222, 1.556 -0.3576 0.0553, 1.5873 -0.3156 0.1102, 1.6381 -0.3031 0.0709, 1.5778 -0.3309 0.0927, 1.6263 -0.3211 0.0529, 1.5039 -0.4764 0.0079, 1.5039 -0.4764 0.2835, 1.378 -0.4764 0.0079, 1.3991 -0.4764 0.2835, 1.3684 -0.4764 0.0086, 1.3255 -0.4764 0.0395, 1.3316 -0.4764 0.0308, 1.3336 -0.4764 0.028, 1.3201 -0.4764 0.0571, 1.3189 -0.4764 0.0669, 1.3189 -0.4764 0.2835, 1.3208 -0.4764 0.0517, 1.3241 -0.4764 0.0432, 1.3418 -0.4764 0.0206, 1.3449 -0.4764 0.0179, 1.3541 -0.4764 0.0128, 1.3552 -0.4764 0.0122, 1.368 -0.4764 0.0087, 1.3189 -0.378 0.0669, 1.3197 -0.378 0.057, 1.3316 -0.3944 0.0308, 1.341 -0.4044 0.0208, 1.3417 -0.4048 0.0204, 1.3518 -0.4112 0.014, 1.3542 -0.4121 0.0131, 1.3622 -0.4152 0.01, 1.3681 -0.4162 0.0089, 1.3728 -0.4171 0.0081, 1.378 -0.4173 0.0079, 1.3243 -0.3819 0.0433, 1.3301 -0.3928 0.0324, 1.3223 -0.378 0.0472
            ]
        }
        coordIndex [
            0,1,2,-1,2,3,0,-1,0,3,4,-1,0,4,5,-1,6,7,8,-1,8,7,5,-1,8,5,9,-1,9,5,4,-1,6,10,7,-1,7,10,11,-1,7,11,12,-1,11,13,12,-1,12,13,14,-1,12,14,15,-1,16,17,18,-1,16,18,19,-1,19,18,20,-1,19,20,14,-1,14,13,19,-1,19,13,11,-1,19,11,21,-1,21,11,10,-1,22,23,24,-1,24,23,25,-1,24,25,17,-1,17,25,18,-1,26,27,28,-1,28,27,29,-1,28,29,30,-1,31,32,29,-1,29,32,33,-1,34,29,35,-1,35,29,36,-1,34,37,29,-1,29,37,38,-1,29,38,31,-1,33,39,29,-1,29,39,40,-1,29,40,41,-1,41,42,29,-1,29,42,43,-1,29,43,30,-1,35,44,45,-1,32,46,47,-1,32,47,33,-1,33,47,48,-1,33,48,39,-1,39,48,49,-1,39,49,40,-1,40,49,50,-1,40,50,41,-1,41,50,51,-1,41,51,42,-1,42,51,52,-1,42,52,43,-1,43,52,53,-1,43,53,30,-1,30,53,54,-1,30,54,28,-1,38,55,56,-1,46,32,56,-1,56,32,31,-1,56,31,38,-1,55,38,57,-1,57,38,37,-1,57,37,45,-1,45,37,34,-1,45,34,35,-1,51,50,2,-1,2,50,49,-1,49,48,2,-1,2,48,47,-1,2,47,46,-1,2,1,54,-1,46,56,2,-1,2,56,55,-1,2,55,57,-1,54,53,2,-1,2,53,52,-1,2,52,51,-1,
        ]
    }
}
Shape{
    appearance Appearance {
        material  Material 	{
            diffuseColor 0.25098039215686274 0.25098039215686274 0.25098039215686274
            specularColor 0.12549019607843137 0.12549019607843137 0.12549019607843137
            ambientIntensity 0.251
            transparency 0.0
            shininess 0.5
        }
    }
    geometry IndexedFaceSet {
        ccw TRUE
        solid FALSE
        coord DEF co Coordinate {
            point [
                1.24 -0.4827 0.3032, 1.24 -0.5025 0.3228, 1.24 -0.6142 0.126, 1.24 -0.5025 0.3543, 1.24 -0.5039 0.3543, 1.24 -0.3465 0.3032, 1.24 -0.374 0.126, 1.24 -0.3465 0.126, 1.24 -0.6024 0.3543, 1.24 -0.6142 0.3543, 0.2854 -0.5039 0.3543, 0.2067 -0.5039 0.2756, 0.2854 -0.6024 0.3543, 0.2067 -0.6142 0.2756, 0.2854 -0.6142 0.3543, 0.3898 -0.6142 0.126, 0.6535 -0.6142 0.126, 0.6535 -0.6142 0.2756, 0.2067 -0.6142 0.126, 0.5748 -0.6142 0.3543, 0.5748 -0.6024 0.3543, 0.6535 -0.5039 0.2756, 0.5748 -0.5039 0.3543, 1.0433 -0.5039 0.2835, 0.6693 -0.5039 0.2835, 0.7874 -0.5039 0.126, 0.6535 -0.5039 0.126, 1.0433 -0.5039 0.2953, 1.1024 -0.5039 0.3543, 1.0453 -0.5039 0.3106, 1.0871 -0.5039 0.3523, 1.0628 -0.5039 0.126, 1.0628 -0.5039 0.2756, 1.1416 -0.5039 0.3543, 0.6673 -0.5039 0.3106, 0.6102 -0.5039 0.3543, 0.6693 -0.5039 0.2953, 1.0728 -0.5039 0.3464, 1.0606 -0.5039 0.337, 1.0512 -0.5039 0.3248, 0.6614 -0.5039 0.3248, 0.652 -0.5039 0.337, 0.6398 -0.5039 0.3464, 0.6255 -0.5039 0.3523
            ]
        }
        coordIndex [
            0,1,2,-1,1,3,4,-1,0,2,5,-1,5,2,6,-1,5,6,7,-1,1,4,2,-1,2,4,8,-1,2,8,9,-1,10,11,12,-1,12,11,13,-1,12,13,14,-1,15,16,17,-1,13,18,14,-1,14,18,15,-1,14,15,19,-1,19,15,17,-1,19,17,20,-1,20,17,21,-1,20,21,22,-1,23,24,25,-1,25,24,26,-1,27,28,29,-1,29,28,30,-1,25,31,23,-1,23,31,32,-1,23,32,27,-1,27,32,33,-1,27,33,28,-1,34,35,36,-1,36,35,22,-1,36,22,24,-1,24,22,21,-1,24,21,26,-1,30,37,29,-1,29,37,38,-1,29,38,39,-1,34,40,41,-1,41,42,34,-1,34,42,43,-1,34,43,35,-1,
        ]
    }
}
Shape{
    appearance Appearance {
        material  Material 	{
            diffuseColor 0.7529411764705882 0.7529411764705882 0.7529411764705882
            specularColor 0.3764705882352941 0.3764705882352941 0.3764705882352941
            ambientIntensity 0.7529
            transparency 0.0
            shininess 0.5
        }
    }
    geometry IndexedFaceSet {
        ccw TRUE
        solid FALSE
        coord DEF co Coordinate {
            point [
                1.0433 -0.7972 0.1457, 0.6693 -0.7972 0.1457, 1.0433 -0.7967 0.1501, 0.6693 -0.7967 0.1501, 1.0433 -0.7953 0.1542, 0.6693 -0.7953 0.1542, 1.0433 -0.7929 0.1579, 0.6693 -0.7929 0.1579, 1.0433 -0.7898 0.1611, 0.6693 -0.7898 0.1611, 1.0433 -0.7861 0.1634, 0.6693 -0.7861 0.1634, 1.0433 -0.7819 0.1649, 0.6693 -0.7819 0.1649, 1.0433 -0.7776 0.1654, 0.6693 -0.7776 0.1654, 0.6693 -0.622 0.1654, 1.0433 -0.622 0.1654, 0.6693 -0.5039 0.2835, 1.0433 -0.5039 0.2835, 1.0433 -0.508 0.2529, 0.6693 -0.508 0.2529, 1.0433 -0.5198 0.2244, 0.6693 -0.5198 0.2244, 1.0433 -0.5385 0.1999, 0.6693 -0.5385 0.1999, 1.0433 -0.563 0.1812, 0.6693 -0.563 0.1812, 1.0433 -0.5915 0.1694, 0.6693 -0.5915 0.1694, 0.6693 -0.7776 0.2638, 1.0433 -0.7776 0.2638, 0.6693 -0.622 0.2638, 1.0433 -0.622 0.2638, 0.6693 -0.8081 0.2598, 1.0433 -0.8081 0.2598, 0.6693 -0.8366 0.248, 1.0433 -0.8366 0.248, 0.6693 -0.8611 0.2292, 1.0433 -0.8611 0.2292, 0.6693 -0.8798 0.2047, 1.0433 -0.8798 0.2047, 0.6693 -0.8916 0.1762, 1.0433 -0.8916 0.1762, 0.6693 -0.8957 0.1457, 1.0433 -0.8957 0.1457, 0.7973 -0.8957 0.0385, 0.8112 -0.8957 0.0344, 0.8237 -0.8957 0.0269, 0.834 -0.8957 0.0166, 0.8414 -0.8957 0.0041, 0.7874 -0.8957 0.0394, 0.7283 -0.8957 0.0394, 0.8465 -0.8957 -0.2756, 1.0433 -0.8957 -0.2756, 0.8465 -0.8957 -0.0197, 0.8456 -0.8957 -0.0098, 0.6743 -0.8957 0.0746, 0.6818 -0.8957 0.0621, 0.692 -0.8957 0.0518, 0.6693 -0.8957 0.0984, 0.6701 -0.8957 0.0885, 0.7185 -0.8957 0.0402, 0.7045 -0.8957 0.0444, 0.7283 -0.7972 0.0394, 0.7185 -0.7972 0.0402, 0.7045 -0.7972 0.0444, 0.692 -0.7972 0.0518, 0.6818 -0.7972 0.0621, 0.6743 -0.7972 0.0746, 0.6701 -0.7972 0.0885, 0.6693 -0.7972 0.0984, 0.8456 -0.7972 -0.0098, 0.8414 -0.7972 0.0041, 0.834 -0.7972 0.0166, 0.8237 -0.7972 0.0269, 0.8112 -0.7972 0.0344, 0.7973 -0.7972 0.0385, 1.0433 -0.7972 -0.2756, 0.8465 -0.7972 -0.2756, 0.8465 -0.7972 -0.0197, 0.7874 -0.7972 0.0394, 1.041 -0.886 -0.3339, 1.0417 -0.8869 -0.3281, 1.0433 -0.8891 -0.315, 0.8599 -0.8818 -0.359, 0.8635 -0.8811 -0.363, 0.8728 -0.8793 -0.3738, 0.8771 -0.8788 -0.3767, 0.993 -0.8769 -0.3884, 0.9962 -0.8772 -0.3867, 1.0098 -0.8784 -0.3794, 0.8888 -0.8775 -0.3848, 0.8936 -0.8772 -0.3866, 0.9061 -0.8764 -0.3913, 0.9121 -0.8763 -0.3921, 0.9252 -0.876 -0.3937, 0.9646 -0.876 -0.3937, 0.9748 -0.8761 -0.393, 0.9777 -0.8762 -0.3923, 1.0127 -0.8788 -0.3768, 1.0248 -0.8807 -0.3657, 1.0264 -0.8811 -0.3632, 1.0353 -0.8834 -0.3496, 1.0364 -0.8839 -0.3466, 0.8471 -0.8875 -0.3248, 0.8479 -0.8869 -0.3281, 0.8465 -0.8891 -0.315, 0.8535 -0.8839 -0.3465, 0.8513 -0.8846 -0.3422, 0.9646 -0.8169 -0.3937, 0.9777 -0.8167 -0.3921, 1.0127 -0.8141 -0.3767, 0.9837 -0.8165 -0.3913, 0.9962 -0.8157 -0.3866, 1.001 -0.8154 -0.3848, 1.0419 -0.806 -0.3281, 1.0169 -0.8136 -0.3738, 1.0263 -0.8118 -0.363, 1.0298 -0.8111 -0.359, 1.0362 -0.809 -0.3465, 1.0384 -0.8083 -0.3422, 1.0427 -0.8054 -0.3248, 1.0433 -0.8038 -0.315, 0.8799 -0.8145 -0.3794, 0.8771 -0.8141 -0.3768, 0.8968 -0.816 -0.3884, 0.8936 -0.8157 -0.3867, 0.9252 -0.8169 -0.3937, 0.9149 -0.8168 -0.393, 0.9121 -0.8167 -0.3923, 0.865 -0.8123 -0.3657, 0.8634 -0.8118 -0.3632, 0.8545 -0.8095 -0.3496, 0.8534 -0.809 -0.3466, 0.8488 -0.8069 -0.3339, 0.8481 -0.806 -0.3281, 0.8465 -0.8038 -0.315
            ]
        }
        coordIndex [
            0,1,2,-1,2,1,3,-1,2,3,4,-1,4,3,5,-1,4,5,6,-1,6,5,7,-1,6,7,8,-1,8,7,9,-1,8,9,10,-1,10,9,11,-1,10,11,12,-1,12,11,13,-1,12,13,14,-1,14,13,15,-1,16,17,15,-1,15,17,14,-1,18,19,20,-1,18,20,21,-1,21,20,22,-1,21,22,23,-1,23,22,24,-1,23,24,25,-1,25,24,26,-1,25,26,27,-1,27,26,28,-1,27,28,29,-1,29,28,17,-1,29,17,16,-1,30,31,32,-1,32,31,33,-1,31,30,34,-1,31,34,35,-1,35,34,36,-1,35,36,37,-1,37,36,38,-1,37,38,39,-1,39,38,40,-1,39,40,41,-1,41,40,42,-1,41,42,43,-1,43,42,44,-1,43,44,45,-1,46,47,45,-1,47,48,45,-1,45,48,49,-1,45,49,50,-1,46,45,51,-1,51,45,44,-1,51,44,52,-1,53,54,55,-1,55,54,45,-1,55,45,56,-1,56,45,50,-1,57,58,59,-1,44,60,52,-1,52,60,61,-1,52,61,62,-1,62,61,57,-1,62,57,63,-1,63,57,59,-1,64,52,62,-1,64,62,65,-1,65,62,63,-1,65,63,66,-1,66,63,59,-1,66,59,67,-1,67,59,58,-1,67,58,68,-1,68,58,57,-1,68,57,69,-1,69,57,61,-1,69,61,70,-1,70,61,60,-1,70,60,71,-1,72,73,0,-1,0,73,74,-1,0,74,75,-1,75,76,0,-1,0,76,77,-1,0,77,1,-1,78,79,0,-1,0,79,80,-1,0,80,72,-1,77,81,1,-1,1,81,64,-1,1,64,71,-1,71,64,65,-1,71,65,70,-1,67,68,69,-1,70,65,69,-1,69,65,66,-1,69,66,67,-1,82,83,53,-1,53,83,84,-1,53,84,54,-1,85,86,53,-1,53,86,87,-1,53,87,88,-1,89,90,53,-1,53,90,91,-1,88,92,53,-1,53,92,93,-1,53,93,94,-1,94,95,53,-1,53,95,96,-1,53,96,97,-1,97,98,53,-1,53,98,99,-1,53,99,89,-1,91,100,53,-1,53,100,101,-1,53,101,102,-1,102,103,53,-1,53,103,104,-1,53,104,82,-1,105,106,107,-1,107,106,53,-1,85,53,108,-1,108,53,106,-1,108,106,109,-1,97,110,98,-1,98,110,111,-1,98,111,99,-1,112,100,91,-1,99,111,89,-1,89,111,113,-1,89,113,90,-1,90,113,114,-1,90,114,91,-1,91,114,115,-1,91,115,112,-1,116,83,82,-1,100,112,101,-1,101,112,117,-1,101,117,102,-1,102,117,118,-1,102,118,103,-1,103,118,119,-1,103,119,104,-1,104,119,120,-1,104,120,82,-1,82,120,121,-1,82,121,116,-1,83,116,84,-1,84,116,122,-1,84,122,123,-1,124,125,114,-1,79,78,123,-1,121,120,79,-1,79,120,119,-1,119,118,79,-1,79,118,117,-1,79,117,112,-1,126,127,111,-1,123,122,79,-1,79,122,116,-1,79,116,121,-1,113,111,114,-1,114,111,127,-1,114,127,124,-1,128,129,130,-1,125,131,114,-1,114,131,132,-1,114,132,133,-1,133,134,114,-1,114,134,135,-1,114,135,136,-1,112,115,79,-1,79,115,114,-1,79,114,137,-1,137,114,136,-1,110,128,111,-1,111,128,130,-1,111,130,126,-1,
        ]
    }
}
Shape{
    appearance Appearance {
        material  Material 	{
            diffuseColor 0.25098039215686274 0.25098039215686274 0.25098039215686274
            specularColor 0.12549019607843137 0.12549019607843137 0.12549019607843137
            ambientIntensity 0.251
            transparency 0.0
            shininess 0.5
        }
    }
    geometry IndexedFaceSet {
        ccw TRUE
        solid FALSE
        coord DEF co Coordinate {
            point [
                1.1416 -0.5039 0.3543, 1.0628 -0.5039 0.2756, 1.1416 -0.6024 0.3543, 1.0628 -0.6142 0.2756, 1.1416 -0.6142 0.3543, 1.24 -0.6142 0.3543, 1.24 -0.6142 0.126, 1.0628 -0.6142 0.126, 0.1988 -0.5039 0.5039, 1.2008 -0.5039 0.5039, 1.2008 -0.437 0.5709, 0.1949 -0.5039 0.5039, -1.2008 -0.437 0.5709, -1.2008 -0.5039 0.5039
            ]
        }
        coordIndex [
            0,1,2,-1,2,1,3,-1,2,3,4,-1,5,4,6,-1,6,4,3,-1,6,3,7,-1,8,9,10,-1,8,10,11,-1,11,10,12,-1,11,12,13,-1,
        ]
    }
}
Shape{
    appearance Appearance {
        material  Material 	{
            diffuseColor 0.7529411764705882 0.7529411764705882 0.7529411764705882
            specularColor 0.3764705882352941 0.3764705882352941 0.3764705882352941
            ambientIntensity 0.7529
            transparency 0.0
            shininess 0.5
        }
    }
    geometry IndexedFaceSet {
        ccw TRUE
        solid FALSE
        coord DEF co Coordinate {
            point [
                1.2991 -0.5015 0.2835, 1.2991 -0.5015 0.2953, 1.3204 -0.4978 0.2835, 1.2989 -0.5017 0.2998, 1.2978 -0.5018 0.3051, 1.296 -0.5021 0.3141, 1.2937 -0.5023 0.3189, 1.3203 -0.4967 2.185, 1.2899 -0.5026 0.3268, 1.2863 -0.5027 0.3313, 1.2807 -0.503 0.3381, 1.2761 -0.5032 0.3415, 1.2693 -0.5035 0.3465, 1.2559 -0.5039 2.185, 1.2637 -0.5037 0.3489, 1.2559 -0.5039 0.3522, 1.3437 -0.4938 0.2835, 1.3418 -0.4943 2.185, 1.3871 -0.481 0.2835, 1.4111 -0.47 2.185, 1.4929 -0.4222 0.2835, 1.4794 -0.433 0.2835, 1.4928 -0.4221 2.185, 1.441 -0.4568 0.2835, 1.4233 -0.4657 2.185, 1.4113 -0.4707 0.2835, 1.3991 -0.4764 0.2835, 1.5142 -0.4051 0.2835, 1.4965 -0.4198 2.185, 1.5456 -0.3731 0.2835, 1.5576 -0.3587 2.185, 1.56 -0.3551 0.2835, 1.608 -0.2732 0.1102, 1.5873 -0.3156 0.1102, 1.5675 -0.3456 0.2835, 1.5778 -0.3309 0.0927, 1.5675 -0.3456 0.0757, 1.5598 -0.355 2.185, 1.6035 -0.2855 2.185, 1.6078 -0.2733 2.185, 1.6417 -0.1181 2.185, 1.6417 -0.1181 0.1102, 1.6345 -0.1825 2.185, 1.6362 -0.1827 0.1102, 1.6321 -0.204 2.185, 1.6361 -0.1838 0.1102, 1.6157 -0.2574 0.1102
            ]
        }
        coordIndex [
            0,1,2,-1,2,1,3,-1,2,3,4,-1,5,6,7,-1,6,8,7,-1,7,8,9,-1,7,9,10,-1,10,11,7,-1,7,11,12,-1,7,12,13,-1,13,12,14,-1,13,14,15,-1,4,5,2,-1,2,5,7,-1,2,7,16,-1,16,7,17,-1,16,17,18,-1,18,17,19,-1,20,21,22,-1,22,21,23,-1,22,23,24,-1,24,23,25,-1,24,25,19,-1,19,25,26,-1,19,26,18,-1,20,22,27,-1,27,22,28,-1,27,28,29,-1,29,28,30,-1,29,30,31,-1,32,33,34,-1,34,33,35,-1,34,35,36,-1,30,37,31,-1,31,37,38,-1,31,38,34,-1,34,38,39,-1,34,39,32,-1,40,41,42,-1,42,41,43,-1,42,43,44,-1,44,43,45,-1,44,45,39,-1,39,45,46,-1,39,46,32,-1,
        ]
    }
}
Shape{
    appearance Appearance {
        material  Material 	{
            diffuseColor 0.25098039215686274 0.25098039215686274 0.25098039215686274
            specularColor 0.12549019607843137 0.12549019607843137 0.12549019607843137
            ambientIntensity 0.251
            transparency 0.0
            shininess 0.5
        }
    }
    geometry IndexedFaceSet {
        ccw TRUE
        solid FALSE
        coord DEF co Coordinate {
            point [
                1.24 -0.5039 0.3543, 1.24 -0.5025 0.3543, 1.2047 -0.5039 0.3543
            ]
        }
        coordIndex [
            0,1,2,-1,
        ]
    }
}
Shape{
    appearance Appearance {
        material  Material 	{
            diffuseColor 0.7529411764705882 0.7529411764705882 0.7529411764705882
            specularColor 0.3764705882352941 0.3764705882352941 0.3764705882352941
            ambientIntensity 0.7529
            transparency 0.0
            shininess 0.5
        }
    }
    geometry IndexedFaceSet {
        ccw TRUE
        solid FALSE
        coord DEF co Coordinate {
            point [
                1.6078 0.2733 2.185, 1.6157 0.2574 0.1102, 1.6321 0.204 2.185, 1.6361 0.1838 0.1102, 1.6345 0.1825 2.185, 1.6362 0.1827 0.1102, 1.6417 0.1181 2.185, 1.6417 0.1181 0.1102, 1.608 0.2732 0.1102, 1.5675 0.3456 0.2835, 1.5873 0.3156 0.1102, 1.5675 0.3456 0.0757, 1.4233 0.4657 2.185, 1.4699 0.4395 0.2835, 1.4928 0.4221 2.185, 1.4929 0.4222 0.2835, 1.4965 0.4198 2.185, 1.5055 0.4127 0.2835, 1.5576 0.3587 2.185, 1.5381 0.3814 0.2835, 1.5598 0.355 2.185, 1.5599 0.355 0.2835, 1.6035 0.2855 2.185, 1.3418 0.4943 2.185, 1.3991 0.4764 0.2835, 1.4111 0.47 2.185, 1.4114 0.4709 0.2835, 1.4312 0.4619 0.2835, 1.2559 0.5039 2.185, 1.2559 0.5039 0.3522, 1.3203 0.4967 2.185, 1.2602 0.5038 0.3508, 1.2637 0.5037 0.349, 1.2732 0.5033 0.3441, 1.2761 0.5032 0.3416, 1.2838 0.5029 0.3349, 1.2863 0.5028 0.3314, 1.2922 0.5024 0.3229, 1.2937 0.5023 0.319, 1.2973 0.502 0.3097, 1.3205 0.4981 0.2835, 1.3561 0.4907 0.2835, 1.2978 0.5018 0.3051, 1.2991 0.5015 0.2953, 1.3118 0.4999 0.2835, 1.2991 0.5015 0.2835, -1.6345 0.1825 2.185, -1.6417 0.1181 2.185, -1.6417 0.1181 0.1102, -1.2991 0.5015 0.2835, -1.2991 0.5015 0.2953, -1.3204 0.4978 0.2835, -1.2989 0.5017 0.2998, -1.2978 0.5018 0.3051, -1.296 0.5021 0.3141, -1.2937 0.5023 0.3189, -1.3203 0.4967 2.185, -1.2899 0.5026 0.3268, -1.2863 0.5028 0.3313, -1.2807 0.503 0.3381, -1.2761 0.5032 0.3415, -1.2693 0.5035 0.3465, -1.2559 0.5039 2.185, -1.2637 0.5037 0.3489, -1.2559 0.5039 0.3522, -1.4113 0.4707 0.2835, -1.3991 0.4764 0.2835, -1.4111 0.47 2.185, -1.3871 0.481 0.2835, -1.3418 0.4943 2.185, -1.3437 0.4938 0.2835, -1.441 0.4568 0.2835, -1.4233 0.4657 2.185, -1.4794 0.433 0.2835, -1.4928 0.4221 2.185, -1.4929 0.4222 0.2835, -1.5142 0.4051 0.2835, -1.4965 0.4198 2.185, -1.5456 0.3731 0.2835, -1.5576 0.3587 2.185, -1.56 0.3551 0.2835, -1.5778 0.3309 0.0927, -1.5675 0.3456 0.0757, -1.5675 0.3456 0.2835, -1.6078 0.2733 2.185, -1.6035 0.2855 2.185, -1.5598 0.355 2.185, -1.6362 0.1827 0.1102, -1.6361 0.1838 0.1102, -1.6321 0.204 2.185, -1.6157 0.2574 0.1102, -1.608 0.2732 0.1102, -1.5873 0.3156 0.1102
            ]
        }
        coordIndex [
            0,1,2,-1,2,1,3,-1,2,3,4,-1,4,3,5,-1,4,5,6,-1,6,5,7,-1,8,9,10,-1,10,9,11,-1,12,13,14,-1,14,13,15,-1,14,15,16,-1,16,15,17,-1,16,17,18,-1,18,17,19,-1,18,19,20,-1,20,19,21,-1,20,21,22,-1,22,21,9,-1,22,9,0,-1,0,9,8,-1,0,8,1,-1,23,24,25,-1,25,24,26,-1,25,26,12,-1,12,26,27,-1,12,27,13,-1,28,29,30,-1,30,29,31,-1,31,32,30,-1,30,32,33,-1,30,33,34,-1,34,35,30,-1,30,35,36,-1,30,36,37,-1,38,39,40,-1,37,38,30,-1,30,38,40,-1,30,40,23,-1,23,40,41,-1,23,41,24,-1,39,42,40,-1,40,42,43,-1,40,43,44,-1,44,43,45,-1,46,47,48,-1,49,50,51,-1,51,50,52,-1,51,52,53,-1,54,55,56,-1,55,57,56,-1,56,57,58,-1,56,58,59,-1,59,60,56,-1,56,60,61,-1,56,61,62,-1,62,61,63,-1,62,63,64,-1,65,66,67,-1,67,66,68,-1,67,68,69,-1,69,68,70,-1,69,70,56,-1,56,70,51,-1,56,51,54,-1,54,51,53,-1,65,67,71,-1,71,67,72,-1,71,72,73,-1,73,72,74,-1,73,74,75,-1,75,74,76,-1,76,74,77,-1,76,77,78,-1,78,77,79,-1,78,79,80,-1,81,82,83,-1,84,83,85,-1,85,83,80,-1,85,80,86,-1,86,80,79,-1,48,87,46,-1,46,87,88,-1,46,88,89,-1,89,88,90,-1,89,90,84,-1,84,90,91,-1,84,91,83,-1,83,91,92,-1,83,92,81,-1,
        ]
    }
}
Shape{
    appearance Appearance {
        material  Material 	{
            diffuseColor 0.25098039215686274 0.25098039215686274 0.25098039215686274
            specularColor 0.12549019607843137 0.12549019607843137 0.12549019607843137
            ambientIntensity 0.251
            transparency 0.0
            shininess 0.5
        }
    }
    geometry IndexedFaceSet {
        ccw TRUE
        solid FALSE
        coord DEF co Coordinate {
            point [
                1.2008 0.5039 0.5039, -1.2008 0.5039 0.5039, 1.2008 0.437 0.5709, -1.2008 0.437 0.5709
            ]
        }
        coordIndex [
            0,1,2,-1,2,1,3,-1,
        ]
    }
}
Shape{
    appearance Appearance {
        material  Material 	{
            diffuseColor 0.7529411764705882 0.7529411764705882 0.7529411764705882
            specularColor 0.3764705882352941 0.3764705882352941 0.3764705882352941
            ambientIntensity 0.7529
            transparency 0.0
            shininess 0.5
        }
    }
    geometry IndexedFaceSet {
        ccw TRUE
        solid FALSE
        coord DEF co Coordinate {
            point [
                -1.4233 -0.4657 2.185, -1.4111 -0.47 2.185, -1.4114 -0.4709 0.2835, -1.6078 -0.2733 2.185, -1.6157 -0.2574 0.1102, -1.6321 -0.204 2.185, -1.6361 -0.1838 0.1102, -1.6345 -0.1825 2.185, -1.6362 -0.1827 0.1102, -1.6417 -0.1181 2.185, -1.6417 -0.1181 0.1102, -1.5675 -0.3456 0.0757, -1.5778 -0.3309 0.0927, -1.5675 -0.3456 0.2835, -1.5873 -0.3156 0.1102, -1.608 -0.2732 0.1102, -1.4312 -0.4619 0.2835, -1.4699 -0.4394 0.2835, -1.4928 -0.4221 2.185, -1.4929 -0.4222 0.2835, -1.4965 -0.4198 2.185, -1.5055 -0.4127 0.2835, -1.5576 -0.3587 2.185, -1.5381 -0.3814 0.2835, -1.5598 -0.355 2.185, -1.5599 -0.355 0.2835, -1.6035 -0.2855 2.185, -1.2559 -0.5039 2.185, -1.2559 -0.5039 0.3522, -1.3203 -0.4967 2.185, -1.2602 -0.5038 0.3508, -1.2633 -0.5037 0.3492, -1.2732 -0.5033 0.3441, -1.2758 -0.5032 0.3418, -1.2838 -0.5029 0.3349, -1.2861 -0.5028 0.3316, -1.2922 -0.5024 0.3229, -1.2937 -0.5023 0.3191, -1.2973 -0.502 0.3097, -1.3204 -0.4981 0.2835, -1.3418 -0.4943 2.185, -1.3561 -0.4907 0.2835, -1.3991 -0.4764 0.2835, -1.2978 -0.5018 0.3052, -1.2991 -0.5015 0.2953, -1.3118 -0.4999 0.2835, -1.2991 -0.5015 0.2835
            ]
        }
        coordIndex [
            0,1,2,-1,3,4,5,-1,5,4,6,-1,5,6,7,-1,7,6,8,-1,7,8,9,-1,9,8,10,-1,11,12,13,-1,13,12,14,-1,13,14,15,-1,2,16,0,-1,0,16,17,-1,0,17,18,-1,18,17,19,-1,18,19,20,-1,20,19,21,-1,20,21,22,-1,22,21,23,-1,22,23,24,-1,24,23,25,-1,24,25,26,-1,26,25,13,-1,26,13,3,-1,3,13,15,-1,3,15,4,-1,27,28,29,-1,29,28,30,-1,30,31,29,-1,29,31,32,-1,29,32,33,-1,33,34,29,-1,29,34,35,-1,29,35,36,-1,37,38,39,-1,36,37,29,-1,29,37,39,-1,29,39,40,-1,40,39,41,-1,40,41,1,-1,1,41,42,-1,1,42,2,-1,38,43,39,-1,39,43,44,-1,39,44,45,-1,45,44,46,-1,
        ]
    }
}
Shape{
    appearance Appearance {
        material  Material 	{
            diffuseColor 0.25098039215686274 0.25098039215686274 0.25098039215686274
            specularColor 0.12549019607843137 0.12549019607843137 0.12549019607843137
            ambientIntensity 0.251
            transparency 0.0
            shininess 0.5
        }
    }
    geometry IndexedFaceSet {
        ccw TRUE
        solid FALSE
        coord DEF co Coordinate {
            point [
                1.5381 0.3814 0.2835, 1.5549 0.3592 0.2835, 1.5599 0.355 0.2835, 1.5562 0.3579 0.2835, 1.5675 0.3456 0.2835, 1.5039 0.378 0.2835, 1.5204 0.3759 0.2835, 1.5055 0.4127 0.2835, 1.5232 0.3756 0.2835, 1.5396 0.3694 0.2835, 1.3991 0.4764 0.2835, 1.3189 0.4764 0.2835, 1.4114 0.4709 0.2835, 1.3189 0.378 0.2835, 1.4312 0.4619 0.2835, 1.4699 0.4395 0.2835, 1.4929 0.4222 0.2835
            ]
        }
        coordIndex [
            0,1,2,-1,2,1,3,-1,2,3,4,-1,5,6,7,-1,7,6,8,-1,7,8,0,-1,0,8,9,-1,0,9,1,-1,10,11,12,-1,12,11,13,-1,12,13,14,-1,14,13,15,-1,5,7,13,-1,13,7,16,-1,13,16,15,-1,
        ]
    }
}
Shape{
    appearance Appearance {
        material  Material 	{
            diffuseColor 0.7529411764705882 0.7529411764705882 0.7529411764705882
            specularColor 0.3764705882352941 0.3764705882352941 0.3764705882352941
            ambientIntensity 0.7529
            transparency 0.0
            shininess 0.5
        }
    }
    geometry IndexedFaceSet {
        ccw TRUE
        solid FALSE
        coord DEF co Coordinate {
            point [
                1.3189 0.378 0.2835, 1.3189 0.4764 0.2835, 1.3189 0.378 0.0669, 1.3189 0.4764 0.0669, 1.5675 0.3456 0.0757, 1.5675 0.3456 0.2835, 1.5592 0.3543 0.0611, 1.5562 0.3579 0.2835, 1.5559 0.3576 0.0553, 1.5513 0.3621 0.0472, 1.5544 0.3593 0.0526, 1.5425 0.3679 0.0472, 1.5396 0.3694 0.2835, 1.5549 0.3592 0.2835, 1.5039 0.378 0.2835, 1.5039 0.378 0.0472, 1.5204 0.3759 0.2835, 1.5204 0.3758 0.0472, 1.5232 0.3756 0.2835, 1.5238 0.3754 0.0472, 1.5394 0.3691 0.0472, 1.3209 0.378 0.0516, 1.3223 0.378 0.0472
            ]
        }
        coordIndex [
            0,1,2,-1,2,1,3,-1,4,5,6,-1,6,5,7,-1,6,7,8,-1,9,10,11,-1,11,10,12,-1,8,7,10,-1,10,7,13,-1,10,13,12,-1,14,15,16,-1,16,15,17,-1,16,17,18,-1,18,17,19,-1,18,19,12,-1,12,19,20,-1,12,20,11,-1,15,14,0,-1,0,2,15,-1,15,2,21,-1,15,21,22,-1,
        ]
    }
}
Shape{
    appearance Appearance {
        material  Material 	{
            diffuseColor 0.25098039215686274 0.25098039215686274 0.25098039215686274
            specularColor 0.12549019607843137 0.12549019607843137 0.12549019607843137
            ambientIntensity 0.251
            transparency 0.0
            shininess 0.5
        }
    }
    geometry IndexedFaceSet {
        ccw TRUE
        solid FALSE
        coord DEF co Coordinate {
            point [
                1.1378 -0.1499 0.0669, 1.1574 -0.1496 0.126, 1.1771 -0.1496 0.126, 1.1377 -0.2002 0.067, 1.1377 -0.374 0.0669, 1.1771 -0.374 0.126, 1.1771 -0.374 0.126, 1.0276 -0.374 0.0276, 1.1377 -0.374 0.0276, 1.0277 -0.374 0.0669, 1.008 -0.374 0.126, 1.008 -0.1496 0.126, 1.0276 -0.1499 0.0671, 1.0276 -0.2001 0.0671, 1.008 -0.374 0.126, 1.0276 -0.1496 0.126, 1.0276 -0.1496 0.0787, 1.0276 -0.1496 0.0765, 1.0276 -0.1497 0.0748
            ]
        }
        coordIndex [
            0,1,2,-1,3,0,2,-1,3,2,4,-1,4,2,5,-1,4,5,6,-1,7,8,9,-1,9,8,4,-1,9,4,10,-1,10,4,6,-1,11,12,13,-1,9,10,13,-1,13,10,14,-1,13,14,11,-1,11,15,16,-1,16,17,11,-1,11,17,18,-1,11,18,12,-1,
        ]
    }
}
Shape{
    appearance Appearance {
        material  Material 	{
            diffuseColor 1.0 1.0 0.0
            specularColor 1.0 1.0 0.0
            ambientIntensity 0.886
            transparency 0.0
            shininess 0.5
        }
    }
    geometry IndexedFaceSet {
        ccw TRUE
        solid FALSE
        coord DEF co Coordinate {
            point [
                1.0276 -0.1496 0.126, 1.1378 -0.1496 0.126, 1.0276 -0.1496 0.0787, 1.1378 -0.1496 0.0787
            ]
        }
        coordIndex [
            0,1,2,-1,2,1,3,-1,
        ]
    }
}
Shape{
    appearance Appearance {
        material  Material 	{
            diffuseColor 0.25098039215686274 0.25098039215686274 0.25098039215686274
            specularColor 0.12549019607843137 0.12549019607843137 0.12549019607843137
            ambientIntensity 0.251
            transparency 0.0
            shininess 0.5
        }
    }
    geometry IndexedFaceSet {
        ccw TRUE
        solid FALSE
        coord DEF co Coordinate {
            point [
                1.1574 -0.1496 0.126, 1.1378 -0.1499 0.0669, 1.1378 -0.1497 0.0748, 1.1378 -0.1496 0.0765, 1.1378 -0.1496 0.0787, 1.1378 -0.1496 0.126, 0.5668 -0.374 0.126, 0.5471 -0.374 0.0669, 0.5668 -0.1496 0.126, 0.5472 -0.2001 0.0671, 0.5472 -0.1499 0.0671, 0.4174 -0.374 0.126, 0.4371 -0.374 0.0669, 0.5472 -0.374 0.0276, 0.4371 -0.374 0.0276, 0.4371 -0.2001 0.0671, 0.4174 -0.1496 0.126, 0.437 -0.15 0.0671
            ]
        }
        coordIndex [
            0,1,2,-1,2,3,0,-1,0,3,4,-1,0,4,5,-1,6,7,8,-1,8,7,9,-1,8,9,10,-1,6,11,7,-1,7,11,12,-1,7,12,13,-1,13,12,14,-1,12,11,15,-1,15,11,16,-1,15,16,17,-1,
        ]
    }
}
Shape{
    appearance Appearance {
        material  Material 	{
            diffuseColor 1.0 1.0 0.0
            specularColor 1.0 1.0 0.0
            ambientIntensity 0.886
            transparency 0.0
            shininess 0.5
        }
    }
    geometry IndexedFaceSet {
        ccw TRUE
        solid FALSE
        coord DEF co Coordinate {
            point [
                0.5472 -0.1499 0.0671, 0.5472 -0.1496 0.0755, 0.5668 -0.1496 0.126, 0.5472 -0.1496 0.0787, 0.4174 -0.1496 0.126, 0.437 -0.1496 0.0779, 0.437 -0.15 0.0671
            ]
        }
        coordIndex [
            0,1,2,-1,2,1,3,-1,2,3,4,-1,4,3,5,-1,4,5,6,-1,
        ]
    }
}
Shape{
    appearance Appearance {
        material  Material 	{
            diffuseColor 0.25098039215686274 0.25098039215686274 0.25098039215686274
            specularColor 0.12549019607843137 0.12549019607843137 0.12549019607843137
            ambientIntensity 0.251
            transparency 0.0
            shininess 0.5
        }
    }
    geometry IndexedFaceSet {
        ccw TRUE
        solid FALSE
        coord DEF co Coordinate {
            point [
                -0.5472 -0.374 0.0276, -0.4371 -0.374 0.0276, -0.5471 -0.374 0.0669, -0.4371 -0.374 0.0669, -0.5668 -0.374 0.126, -0.4174 -0.374 0.126, -0.5472 -0.2001 0.0671, -0.5668 -0.1496 0.126, -0.5472 -0.15 0.067, -0.5472 -0.1496 0.0787, -0.437 -0.1496 0.0787, -0.4174 -0.1496 0.126, -0.437 -0.1499 0.0671, -0.4371 -0.2001 0.0671, 0.2284 0.374 0.126, 0.3621 0.374 0.126, 0.2481 0.374 0.0669, 0.3424 0.374 0.0669, 0.2481 0.374 0.0276, 0.3425 0.374 0.0276, 0.3425 0.2002 0.067, 0.3621 0.1496 0.126, 0.3425 0.1499 0.0672
            ]
        }
        coordIndex [
            0,1,2,-1,2,1,3,-1,2,3,4,-1,4,3,5,-1,2,4,6,-1,6,4,7,-1,6,7,8,-1,9,8,7,-1,9,7,10,-1,10,7,11,-1,10,11,12,-1,5,3,11,-1,11,3,13,-1,11,13,12,-1,14,15,16,-1,16,15,17,-1,16,17,18,-1,18,17,19,-1,17,15,20,-1,20,15,21,-1,20,21,22,-1,
        ]
    }
}
Shape{
    appearance Appearance {
        material  Material 	{
            diffuseColor 1.0 1.0 0.0
            specularColor 1.0 1.0 0.0
            ambientIntensity 0.886
            transparency 0.0
            shininess 0.5
        }
    }
    geometry IndexedFaceSet {
        ccw TRUE
        solid FALSE
        coord DEF co Coordinate {
            point [
                0.2284 0.1496 0.126, 0.248 0.1499 0.0672, 0.248 0.1496 0.0787, 0.3621 0.1496 0.126, 0.3425 0.1496 0.0787, 0.3425 0.1499 0.0672
            ]
        }
        coordIndex [
            0,1,2,-1,0,2,3,-1,3,2,4,-1,3,4,5,-1,
        ]
    }
}
Shape{
    appearance Appearance {
        material  Material 	{
            diffuseColor 0.25098039215686274 0.25098039215686274 0.25098039215686274
            specularColor 0.12549019607843137 0.12549019607843137 0.12549019607843137
            ambientIntensity 0.251
            transparency 0.0
            shininess 0.5
        }
    }
    geometry IndexedFaceSet {
        ccw TRUE
        solid FALSE
        coord DEF co Coordinate {
            point [
                0.2284 0.374 0.126, 0.2481 0.374 0.0669, 0.2284 0.1496 0.126, 0.2481 0.2001 0.0672, 0.248 0.1499 0.0672, -0.1653 0.374 0.126, -0.0316 0.374 0.126, -0.1456 0.374 0.0669, -0.0513 0.374 0.0669, -0.1456 0.374 0.0276, -0.0512 0.374 0.0276, -0.0512 0.2002 0.067, -0.0316 0.1496 0.126, -0.0512 0.1499 0.0672, -0.1457 0.1499 0.0672, -0.1457 0.1496 0.0755, -0.1653 0.1496 0.126, -0.1457 0.1496 0.0787, -0.0512 0.1496 0.0787, -0.1456 0.2001 0.0671, -0.5668 0.374 0.126, -0.4174 0.374 0.126, -0.5471 0.374 0.0669, -0.4371 0.374 0.0669, -0.5472 0.374 0.0276, -0.4371 0.374 0.0276, -0.4371 0.2001 0.0671, -0.4174 0.1496 0.126, -0.437 0.1499 0.0671, -0.437 0.1496 0.0755, -0.5472 0.15 0.067, -0.5472 0.1496 0.0755, -0.5668 0.1496 0.126, -0.5472 0.1496 0.0787, -0.437 0.1496 0.0787, -0.5472 0.2001 0.0671, -1.1401 0.1496 0.0742, -1.1574 0.1496 0.126, -1.1771 0.1496 0.126, -1.1771 0.374 0.126, -1.1771 0.374 0.126, -1.1377 0.374 0.0669, -1.1384 0.1732 0.0679, -1.1377 0.2001 0.067, -1.0276 0.374 0.0276, -1.1377 0.374 0.0276, -1.0277 0.374 0.0669, -1.008 0.374 0.126, -1.008 0.1496 0.126, -1.0276 0.15 0.0671, -1.0276 0.2001 0.0671, -1.008 0.374 0.126, -1.0276 0.1496 0.0776, -1.0276 0.1496 0.126
            ]
        }
        coordIndex [
            0,1,2,-1,2,1,3,-1,2,3,4,-1,5,6,7,-1,7,6,8,-1,7,8,9,-1,9,8,10,-1,8,6,11,-1,11,6,12,-1,11,12,13,-1,14,15,16,-1,16,15,17,-1,16,17,12,-1,12,17,18,-1,12,18,13,-1,5,7,16,-1,16,7,19,-1,16,19,14,-1,20,21,22,-1,22,21,23,-1,22,23,24,-1,24,23,25,-1,23,21,26,-1,26,21,27,-1,26,27,28,-1,29,28,27,-1,30,31,32,-1,32,31,33,-1,32,33,27,-1,27,33,34,-1,27,34,29,-1,20,22,32,-1,32,22,35,-1,32,35,30,-1,36,37,38,-1,39,40,41,-1,42,36,38,-1,39,41,38,-1,38,41,43,-1,38,43,42,-1,44,45,46,-1,46,45,41,-1,46,41,47,-1,47,41,40,-1,48,49,50,-1,46,47,50,-1,50,47,51,-1,50,51,48,-1,49,48,52,-1,52,48,53,-1,
        ]
    }
}
Shape{
    appearance Appearance {
        material  Material 	{
            diffuseColor 1.0 1.0 0.0
            specularColor 1.0 1.0 0.0
            ambientIntensity 0.886
            transparency 0.0
            shininess 0.5
        }
    }
    geometry IndexedFaceSet {
        ccw TRUE
        solid FALSE
        coord DEF co Coordinate {
            point [
                -1.0276 0.1496 0.126, -1.1378 0.1496 0.126, -1.0276 0.1496 0.0776, -1.1401 0.1496 0.0742
            ]
        }
        coordIndex [
            0,1,2,-1,2,1,3,-1,
        ]
    }
}
Shape{
    appearance Appearance {
        material  Material 	{
            diffuseColor 0.25098039215686274 0.25098039215686274 0.25098039215686274
            specularColor 0.12549019607843137 0.12549019607843137 0.12549019607843137
            ambientIntensity 0.251
            transparency 0.0
            shininess 0.5
        }
    }
    geometry IndexedFaceSet {
        ccw TRUE
        solid FALSE
        coord DEF co Coordinate {
            point [
                -1.1378 0.1496 0.126, -1.1574 0.1496 0.126, -1.1401 0.1496 0.0742, 1.0276 0.2001 0.0671, 1.0276 0.15 0.0671, 1.008 0.1496 0.126, 1.0277 0.374 0.0669, 1.008 0.374 0.126, 1.008 0.374 0.126, 1.1771 0.374 0.126, 1.1377 0.374 0.0669, 1.1377 0.374 0.0276, 1.0276 0.374 0.0276, 1.1771 0.374 0.126, 1.1771 0.1496 0.126, 1.1394 0.1497 0.072, 1.1377 0.2001 0.0669, 1.1384 0.1724 0.0679, 1.1574 0.1496 0.126, 1.1378 0.1496 0.126
            ]
        }
        coordIndex [
            0,1,2,-1,3,4,5,-1,3,5,6,-1,6,5,7,-1,6,7,8,-1,8,9,10,-1,11,12,10,-1,10,12,6,-1,10,6,8,-1,13,14,15,-1,10,9,16,-1,16,9,13,-1,16,13,17,-1,17,13,15,-1,15,14,18,-1,19,15,18,-1,
        ]
    }
}
Shape{
    appearance Appearance {
        material  Material 	{
            diffuseColor 1.0 1.0 0.0
            specularColor 1.0 1.0 0.0
            ambientIntensity 0.886
            transparency 0.0
            shininess 0.5
        }
    }
    geometry IndexedFaceSet {
        ccw TRUE
        solid FALSE
        coord DEF co Coordinate {
            point [
                1.1378 0.1496 0.126, 1.0276 0.1496 0.126, 1.1394 0.1497 0.072, 1.0276 0.1496 0.0787
            ]
        }
        coordIndex [
            0,1,2,-1,2,1,3,-1,
        ]
    }
}
Shape{
    appearance Appearance {
        material  Material 	{
            diffuseColor 0.25098039215686274 0.25098039215686274 0.25098039215686274
            specularColor 0.12549019607843137 0.12549019607843137 0.12549019607843137
            ambientIntensity 0.251
            transparency 0.0
            shininess 0.5
        }
    }
    geometry IndexedFaceSet {
        ccw TRUE
        solid FALSE
        coord DEF co Coordinate {
            point [
                1.008 0.1496 0.126, 1.0276 0.15 0.0671, 1.0276 0.1497 0.0748, 1.0276 0.1496 0.0765, 1.0276 0.1496 0.0787, 1.0276 0.1496 0.126, -0.3621 0.374 0.126, -0.2284 0.374 0.126, -0.3424 0.374 0.0669, -0.2481 0.374 0.0669, -0.3425 0.374 0.0276, -0.2481 0.374 0.0276, -0.2481 0.2002 0.067, -0.2284 0.1496 0.126, -0.248 0.1499 0.0672, -0.3425 0.1499 0.0672, -0.3425 0.1496 0.0755, -0.3621 0.1496 0.126, -0.3425 0.1496 0.0787, -0.248 0.1496 0.0787, -0.3425 0.2001 0.0671, 0.0316 0.374 0.126, 0.1653 0.374 0.126, 0.0513 0.374 0.0669, 0.1456 0.374 0.0669, 0.0512 0.374 0.0276, 0.1456 0.374 0.0276, 0.1456 0.2002 0.067, 0.1653 0.1496 0.126, 0.1457 0.1499 0.0672
            ]
        }
        coordIndex [
            0,1,2,-1,2,3,0,-1,0,3,4,-1,0,4,5,-1,6,7,8,-1,8,7,9,-1,8,9,10,-1,10,9,11,-1,9,7,12,-1,12,7,13,-1,12,13,14,-1,15,16,17,-1,17,16,18,-1,17,18,13,-1,13,18,19,-1,13,19,14,-1,6,8,17,-1,17,8,20,-1,17,20,15,-1,21,22,23,-1,23,22,24,-1,23,24,25,-1,25,24,26,-1,24,22,27,-1,27,22,28,-1,27,28,29,-1,
        ]
    }
}
Shape{
    appearance Appearance {
        material  Material 	{
            diffuseColor 1.0 1.0 0.0
            specularColor 1.0 1.0 0.0
            ambientIntensity 0.886
            transparency 0.0
            shininess 0.5
        }
    }
    geometry IndexedFaceSet {
        ccw TRUE
        solid FALSE
        coord DEF co Coordinate {
            point [
                0.0316 0.1496 0.126, 0.0512 0.1499 0.0672, 0.0512 0.1496 0.0787, 0.1653 0.1496 0.126, 0.1457 0.1496 0.0787, 0.1457 0.1499 0.0672
            ]
        }
        coordIndex [
            0,1,2,-1,0,2,3,-1,3,2,4,-1,3,4,5,-1,
        ]
    }
}
Shape{
    appearance Appearance {
        material  Material 	{
            diffuseColor 0.25098039215686274 0.25098039215686274 0.25098039215686274
            specularColor 0.12549019607843137 0.12549019607843137 0.12549019607843137
            ambientIntensity 0.251
            transparency 0.0
            shininess 0.5
        }
    }
    geometry IndexedFaceSet {
        ccw TRUE
        solid FALSE
        coord DEF co Coordinate {
            point [
                0.0316 0.374 0.126, 0.0513 0.374 0.0669, 0.0316 0.1496 0.126, 0.0512 0.2001 0.0672, 0.0512 0.1499 0.0672, 0.5472 0.374 0.0276, 0.4371 0.374 0.0276, 0.5471 0.374 0.0669, 0.4371 0.374 0.0669, 0.5668 0.374 0.126, 0.4174 0.374 0.126, 0.5472 0.2001 0.0671, 0.5668 0.1496 0.126, 0.5472 0.15 0.067
            ]
        }
        coordIndex [
            0,1,2,-1,2,1,3,-1,2,3,4,-1,5,6,7,-1,7,6,8,-1,7,8,9,-1,9,8,10,-1,7,9,11,-1,11,9,12,-1,11,12,13,-1,
        ]
    }
}
Shape{
    appearance Appearance {
        material  Material 	{
            diffuseColor 1.0 1.0 0.0
            specularColor 1.0 1.0 0.0
            ambientIntensity 0.886
            transparency 0.0
            shininess 0.5
        }
    }
    geometry IndexedFaceSet {
        ccw TRUE
        solid FALSE
        coord DEF co Coordinate {
            point [
                0.5472 0.1496 0.0787, 0.5472 0.15 0.067, 0.5668 0.1496 0.126, 0.437 0.1496 0.0787, 0.4174 0.1496 0.126, 0.437 0.1499 0.0671
            ]
        }
        coordIndex [
            0,1,2,-1,0,2,3,-1,3,2,4,-1,3,4,5,-1,
        ]
    }
}
Shape{
    appearance Appearance {
        material  Material 	{
            diffuseColor 0.25098039215686274 0.25098039215686274 0.25098039215686274
            specularColor 0.12549019607843137 0.12549019607843137 0.12549019607843137
            ambientIntensity 0.251
            transparency 0.0
            shininess 0.5
        }
    }
    geometry IndexedFaceSet {
        ccw TRUE
        solid FALSE
        coord DEF co Coordinate {
            point [
                0.4174 0.374 0.126, 0.4371 0.374 0.0669, 0.4174 0.1496 0.126, 0.4371 0.2001 0.0671, 0.437 0.1499 0.0671, -0.3425 -0.374 0.0276, -0.2481 -0.374 0.0276, -0.3424 -0.374 0.0669, -0.2481 -0.374 0.0669, -0.3621 -0.374 0.126, -0.2284 -0.374 0.126, -0.3425 -0.2002 0.067, -0.3621 -0.1496 0.126, -0.3425 -0.1499 0.0672, -0.248 -0.1499 0.0672, -0.248 -0.1496 0.0755, -0.2284 -0.1496 0.126, -0.248 -0.1496 0.0787, -0.3425 -0.1496 0.0787, -0.2481 -0.2001 0.0671, -0.1456 -0.374 0.0276, -0.0512 -0.374 0.0276, -0.1456 -0.374 0.0669, -0.0513 -0.374 0.0669, -0.1653 -0.374 0.126, -0.0316 -0.374 0.126, -0.1456 -0.2002 0.067, -0.1653 -0.1496 0.126, -0.1457 -0.1499 0.0672
            ]
        }
        coordIndex [
            0,1,2,-1,2,1,3,-1,2,3,4,-1,5,6,7,-1,7,6,8,-1,7,8,9,-1,9,8,10,-1,7,9,11,-1,11,9,12,-1,11,12,13,-1,14,15,16,-1,16,15,17,-1,16,17,12,-1,12,17,18,-1,12,18,13,-1,10,8,16,-1,16,8,19,-1,16,19,14,-1,20,21,22,-1,22,21,23,-1,22,23,24,-1,24,23,25,-1,22,24,26,-1,26,24,27,-1,26,27,28,-1,
        ]
    }
}
Shape{
    appearance Appearance {
        material  Material 	{
            diffuseColor 1.0 1.0 0.0
            specularColor 1.0 1.0 0.0
            ambientIntensity 0.886
            transparency 0.0
            shininess 0.5
        }
    }
    geometry IndexedFaceSet {
        ccw TRUE
        solid FALSE
        coord DEF co Coordinate {
            point [
                -0.1457 -0.1496 0.0787, -0.1457 -0.1499 0.0672, -0.1653 -0.1496 0.126, -0.0512 -0.1496 0.0787, -0.0316 -0.1496 0.126, -0.0512 -0.1499 0.0672
            ]
        }
        coordIndex [
            0,1,2,-1,0,2,3,-1,3,2,4,-1,3,4,5,-1,
        ]
    }
}
Shape{
    appearance Appearance {
        material  Material 	{
            diffuseColor 0.25098039215686274 0.25098039215686274 0.25098039215686274
            specularColor 0.12549019607843137 0.12549019607843137 0.12549019607843137
            ambientIntensity 0.251
            transparency 0.0
            shininess 0.5
        }
    }
    geometry IndexedFaceSet {
        ccw TRUE
        solid FALSE
        coord DEF co Coordinate {
            point [
                -0.0316 -0.374 0.126, -0.0513 -0.374 0.0669, -0.0316 -0.1496 0.126, -0.0512 -0.2001 0.0672, -0.0512 -0.1499 0.0672, 0.0512 -0.374 0.0276, 0.1456 -0.374 0.0276, 0.0513 -0.374 0.0669, 0.1456 -0.374 0.0669, 0.0316 -0.374 0.126, 0.1653 -0.374 0.126, 0.0512 -0.2002 0.067, 0.0316 -0.1496 0.126, 0.0512 -0.1499 0.0672
            ]
        }
        coordIndex [
            0,1,2,-1,2,1,3,-1,2,3,4,-1,5,6,7,-1,7,6,8,-1,7,8,9,-1,9,8,10,-1,7,9,11,-1,11,9,12,-1,11,12,13,-1,
        ]
    }
}
Shape{
    appearance Appearance {
        material  Material 	{
            diffuseColor 1.0 1.0 0.0
            specularColor 1.0 1.0 0.0
            ambientIntensity 0.886
            transparency 0.0
            shininess 0.5
        }
    }
    geometry IndexedFaceSet {
        ccw TRUE
        solid FALSE
        coord DEF co Coordinate {
            point [
                0.1457 -0.1499 0.0672, 0.1457 -0.1496 0.0755, 0.1653 -0.1496 0.126, 0.1457 -0.1496 0.0787, 0.0316 -0.1496 0.126, 0.0512 -0.1496 0.0787, 0.0512 -0.1499 0.0672
            ]
        }
        coordIndex [
            0,1,2,-1,2,1,3,-1,2,3,4,-1,4,3,5,-1,4,5,6,-1,
        ]
    }
}
Shape{
    appearance Appearance {
        material  Material 	{
            diffuseColor 0.25098039215686274 0.25098039215686274 0.25098039215686274
            specularColor 0.12549019607843137 0.12549019607843137 0.12549019607843137
            ambientIntensity 0.251
            transparency 0.0
            shininess 0.5
        }
    }
    geometry IndexedFaceSet {
        ccw TRUE
        solid FALSE
        coord DEF co Coordinate {
            point [
                0.1653 -0.374 0.126, 0.1456 -0.374 0.0669, 0.1653 -0.1496 0.126, 0.1456 -0.2001 0.0672, 0.1457 -0.1499 0.0672, 0.2481 -0.374 0.0276, 0.3425 -0.374 0.0276, 0.2481 -0.374 0.0669, 0.3424 -0.374 0.0669, 0.2284 -0.374 0.126, 0.3621 -0.374 0.126, 0.2481 -0.2002 0.067, 0.2284 -0.1496 0.126, 0.248 -0.1499 0.0672, 0.3425 -0.1499 0.0672, 0.3425 -0.1496 0.0755, 0.3621 -0.1496 0.126, 0.3425 -0.1496 0.0787, 0.248 -0.1496 0.0787, 0.3425 -0.2001 0.0671, -1.0276 -0.2001 0.0671, -1.0276 -0.15 0.0671, -1.008 -0.1496 0.126, -1.0277 -0.374 0.0669, -1.008 -0.374 0.126, -1.008 -0.374 0.126, -1.1771 -0.374 0.126, -1.1377 -0.374 0.0669, -1.1377 -0.374 0.0276, -1.0276 -0.374 0.0276, -1.1771 -0.374 0.126, -1.1771 -0.1496 0.126, -1.1394 -0.1497 0.072, -1.1377 -0.2001 0.0669, -1.1384 -0.1724 0.0679, -1.1574 -0.1496 0.126, -1.1378 -0.1496 0.126
            ]
        }
        coordIndex [
            0,1,2,-1,2,1,3,-1,2,3,4,-1,5,6,7,-1,7,6,8,-1,7,8,9,-1,9,8,10,-1,7,9,11,-1,11,9,12,-1,11,12,13,-1,14,15,16,-1,16,15,17,-1,16,17,12,-1,12,17,18,-1,12,18,13,-1,10,8,16,-1,16,8,19,-1,16,19,14,-1,20,21,22,-1,20,22,23,-1,23,22,24,-1,23,24,25,-1,25,26,27,-1,28,29,27,-1,27,29,23,-1,27,23,25,-1,30,31,32,-1,27,26,33,-1,33,26,30,-1,33,30,34,-1,34,30,32,-1,32,31,35,-1,36,32,35,-1,
        ]
    }
}
Shape{
    appearance Appearance {
        material  Material 	{
            diffuseColor 1.0 1.0 0.0
            specularColor 1.0 1.0 0.0
            ambientIntensity 0.886
            transparency 0.0
            shininess 0.5
        }
    }
    geometry IndexedFaceSet {
        ccw TRUE
        solid FALSE
        coord DEF co Coordinate {
            point [
                -1.1378 -0.1496 0.126, -1.0276 -0.1496 0.126, -1.1394 -0.1497 0.072, -1.0276 -0.1496 0.0787
            ]
        }
        coordIndex [
            0,1,2,-1,2,1,3,-1,
        ]
    }
}
Shape{
    appearance Appearance {
        material  Material 	{
            diffuseColor 0.25098039215686274 0.25098039215686274 0.25098039215686274
            specularColor 0.12549019607843137 0.12549019607843137 0.12549019607843137
            ambientIntensity 0.251
            transparency 0.0
            shininess 0.5
        }
    }
    geometry IndexedFaceSet {
        ccw TRUE
        solid FALSE
        coord DEF co Coordinate {
            point [
                -1.008 -0.1496 0.126, -1.0276 -0.15 0.0671, -1.0276 -0.1497 0.0748, -1.0276 -0.1496 0.0765, -1.0276 -0.1496 0.0787, -1.0276 -0.1496 0.126, -1.0628 -0.5039 0.126, -1.0628 -0.5039 0.2756, -1.0628 -0.6142 0.126, -1.0628 -0.6142 0.2756, -0.6535 -0.6142 0.126, -0.6535 -0.6142 0.2756, -0.6535 -0.5039 0.126, -0.6535 -0.5039 0.2756, -0.2067 -0.5039 0.126, -0.2067 -0.5039 0.2756, -0.2067 -0.6142 0.126, -0.2067 -0.6142 0.2756, 0.2067 -0.6142 0.126, 0.2067 -0.6142 0.2756, 0.2067 -0.5039 0.126, 0.2067 -0.5039 0.2756, 0.6535 -0.5039 0.126, 0.6535 -0.5039 0.2756, 0.6535 -0.6142 0.126, 0.6535 -0.6142 0.2756, 1.0628 -0.6142 0.126, 1.0628 -0.6142 0.2756, 1.0628 -0.5039 0.126, 1.0628 -0.5039 0.2756, 1.24 -0.3465 0.3032, 1.24 -0.3465 0.126, 1.5128 -0.3465 0.3032, 1.5388 -0.3465 0.126, 1.5388 -0.3465 0.3228, 1.6306 -0.1496 0.0, 1.6306 -0.1496 0.126, 1.2933 -0.1496 0.0, 1.2933 -0.1496 0.126, 1.2933 0.1102 0.0, 1.2933 0.0 0.126, 1.2933 0.1102 0.126, 1.3248 0.1417 0.126, 1.3248 0.1417 0.0, 1.632 0.1417 0.126, 1.632 0.1417 0.0, 1.6378 0.0708 0.126, 1.6378 0.0708 0.0, 1.6337 0.1302 0.126, -1.6306 0.1496 0.0, -1.6306 0.1496 0.126, -1.2933 0.1496 0.0, -1.4046 0.1496 0.126, -1.2933 0.1496 0.126, -1.2933 -0.1102 0.0, -1.2933 0.0 0.126, -1.2933 -0.1102 0.126, -1.3248 -0.1417 0.126, -1.3248 -0.1417 0.0, -1.632 -0.1417 0.126, -1.632 -0.1417 0.0, -1.4046 -0.1417 0.126, -1.6378 -0.0708 0.126, -1.6378 -0.0708 0.0, -1.6337 -0.1306 0.126, -1.24 -0.3465 0.126, -1.24 -0.3465 0.3032, -1.4046 -0.3465 0.126, -1.5128 -0.3465 0.3032, -1.5388 -0.3465 0.126, -1.5388 -0.3465 0.3228
            ]
        }
        coordIndex [
            0,1,2,-1,2,3,0,-1,0,3,4,-1,0,4,5,-1,6,7,8,-1,8,7,9,-1,10,11,12,-1,12,11,13,-1,14,15,16,-1,16,15,17,-1,18,19,20,-1,20,19,21,-1,22,23,24,-1,24,23,25,-1,26,27,28,-1,28,27,29,-1,30,31,32,-1,32,31,33,-1,32,33,34,-1,35,36,37,-1,37,36,38,-1,37,38,39,-1,39,38,40,-1,39,40,41,-1,41,42,39,-1,39,42,43,-1,42,44,43,-1,43,44,45,-1,46,47,48,-1,48,47,45,-1,48,45,44,-1,49,50,51,-1,51,50,52,-1,51,52,53,-1,51,53,54,-1,54,53,55,-1,54,55,56,-1,56,57,54,-1,54,57,58,-1,59,60,61,-1,61,60,58,-1,61,58,57,-1,62,63,64,-1,64,63,60,-1,64,60,59,-1,65,66,67,-1,67,66,68,-1,67,68,69,-1,69,68,70,-1,
        ]
    }
}
Shape{
    appearance Appearance {
        material  Material 	{
            diffuseColor 0.7529411764705882 0.7529411764705882 0.7529411764705882
            specularColor 0.3764705882352941 0.3764705882352941 0.3764705882352941
            ambientIntensity 0.7529
            transparency 0.0
            shininess 0.5
        }
    }
    geometry IndexedFaceSet {
        ccw TRUE
        solid FALSE
        coord DEF co Coordinate {
            point [
                -1.5675 0.3456 0.2835, -1.5675 0.3456 0.0757, -1.5561 0.3578 0.2835, -1.5615 0.3523 0.0647, -1.5594 0.3544 0.0611, -1.556 0.3576 0.0553, -1.5513 0.3621 0.0472, -1.5499 0.3631 0.0472, -1.5542 0.3598 0.2835, -1.5396 0.3694 0.2835, -1.5039 0.378 0.0472, -1.5039 0.378 0.2835, -1.5175 0.3768 0.0472, -1.5204 0.376 0.2835, -1.5204 0.3759 0.0472, -1.5223 0.3758 0.2835, -1.5345 0.3718 0.0472, -1.5394 0.369 0.0472, -1.3189 0.4764 0.0669, -1.3189 0.4764 0.2835, -1.3189 0.378 0.0669, -1.3189 0.378 0.2835
            ]
        }
        coordIndex [
            0,1,2,-1,2,1,3,-1,2,3,4,-1,5,6,7,-1,4,5,2,-1,2,5,7,-1,2,7,8,-1,8,7,9,-1,10,11,12,-1,12,11,13,-1,12,13,14,-1,14,13,15,-1,14,15,16,-1,16,15,9,-1,16,9,17,-1,17,9,7,-1,18,19,20,-1,20,19,21,-1,
        ]
    }
}
Shape{
    appearance Appearance {
        material  Material 	{
            diffuseColor 0.25098039215686274 0.25098039215686274 0.25098039215686274
            specularColor 0.12549019607843137 0.12549019607843137 0.12549019607843137
            ambientIntensity 0.251
            transparency 0.0
            shininess 0.5
        }
    }
    geometry IndexedFaceSet {
        ccw TRUE
        solid FALSE
        coord DEF co Coordinate {
            point [
                -1.5675 0.3456 0.2835, -1.5561 0.3578 0.2835, -1.56 0.3551 0.2835, -1.5542 0.3598 0.2835, -1.5456 0.3731 0.2835, -1.5396 0.3694 0.2835, -1.5142 0.4051 0.2835, -1.3189 0.4764 0.2835, -1.3991 0.4764 0.2835, -1.3189 0.378 0.2835, -1.4113 0.4707 0.2835, -1.5223 0.3758 0.2835, -1.5204 0.376 0.2835, -1.4929 0.4222 0.2835, -1.5039 0.378 0.2835, -1.4794 0.433 0.2835, -1.441 0.4568 0.2835
            ]
        }
        coordIndex [
            0,1,2,-1,2,1,3,-1,2,3,4,-1,4,3,5,-1,4,5,6,-1,7,8,9,-1,9,8,10,-1,5,11,6,-1,6,11,12,-1,6,12,13,-1,13,12,14,-1,13,14,15,-1,15,14,9,-1,15,9,16,-1,16,9,10,-1,
        ]
    }
}
Shape{
    appearance Appearance {
        material  Material 	{
            diffuseColor 0.7529411764705882 0.7529411764705882 0.7529411764705882
            specularColor 0.3764705882352941 0.3764705882352941 0.3764705882352941
            ambientIntensity 0.7529
            transparency 0.0
            shininess 0.5
        }
    }
    geometry IndexedFaceSet {
        ccw TRUE
        solid FALSE
        coord DEF co Coordinate {
            point [
                -1.3189 0.378 0.2835, -1.5039 0.378 0.2835, -1.3189 0.378 0.0669, -1.5039 0.378 0.0472, -1.3197 0.378 0.057, -1.3223 0.378 0.0472
            ]
        }
        coordIndex [
            0,1,2,-1,2,1,3,-1,2,3,4,-1,4,3,5,-1,
        ]
    }
}
Shape{
    appearance Appearance {
        material  Material 	{
            diffuseColor 0.25098039215686274 0.25098039215686274 0.25098039215686274
            specularColor 0.12549019607843137 0.12549019607843137 0.12549019607843137
            ambientIntensity 0.251
            transparency 0.0
            shininess 0.5
        }
    }
    geometry IndexedFaceSet {
        ccw TRUE
        solid FALSE
        coord DEF co Coordinate {
            point [
                -1.24 -0.3465 0.3032, -1.24 -0.4827 0.3032, -1.3105 -0.4705 0.3032, -1.3961 -0.4373 0.3032, -1.4722 -0.386 0.3032, -1.5128 -0.3465 0.3032, -1.24 -0.5025 0.3228, -1.2601 -0.499 0.3228, -1.3156 -0.4895 0.3228, -1.3507 -0.4759 0.3228, -1.4052 -0.4547 0.3228, -1.4346 -0.4349 0.3228, -1.485 -0.401 0.3228, -1.5083 -0.3774 0.3228, -1.5388 -0.3465 0.3228
            ]
        }
        coordIndex [
            0,1,2,-1,2,3,0,-1,0,3,4,-1,0,4,5,-1,1,6,7,-1,1,7,2,-1,7,8,2,-1,2,8,9,-1,2,9,3,-1,9,10,3,-1,3,10,11,-1,3,11,4,-1,4,11,12,-1,4,12,5,-1,5,12,13,-1,5,13,14,-1,
        ]
    }
}
Shape{
    appearance Appearance {
        material  Material 	{
            diffuseColor 0.7529411764705882 0.7529411764705882 0.7529411764705882
            specularColor 0.3764705882352941 0.3764705882352941 0.3764705882352941
            ambientIntensity 0.7529
            transparency 0.0
            shininess 0.5
        }
    }
    geometry IndexedFaceSet {
        ccw TRUE
        solid FALSE
        coord DEF co Coordinate {
            point [
                -0.9646 -0.8169 -0.3937, -0.9252 -0.8169 -0.3937, -0.9646 -0.876 -0.3937, -0.9252 -0.876 -0.3937, -0.9149 -0.8761 -0.393, -0.9121 -0.8167 -0.3921, -0.9121 -0.8762 -0.3923, -0.8771 -0.8141 -0.3767, -0.8771 -0.8788 -0.3768, -0.8799 -0.8784 -0.3794, -0.8968 -0.8769 -0.3884, -0.9061 -0.8165 -0.3913, -0.8936 -0.8772 -0.3867, -0.8936 -0.8157 -0.3866, -0.8888 -0.8154 -0.3848, -0.8479 -0.806 -0.3281, -0.8481 -0.8869 -0.3281, -0.8488 -0.886 -0.3339, -0.865 -0.8807 -0.3657, -0.8728 -0.8136 -0.3738, -0.8634 -0.8811 -0.3632, -0.8635 -0.8118 -0.363, -0.8545 -0.8834 -0.3496, -0.8599 -0.8111 -0.359, -0.8534 -0.8839 -0.3466, -0.8535 -0.809 -0.3465, -0.8513 -0.8083 -0.3422, -0.8465 -0.8891 -0.315, -0.8471 -0.8054 -0.3248, -0.8465 -0.8038 -0.315, -0.8465 -0.7972 -0.0197, -0.8465 -0.8957 -0.0197, -0.8465 -0.7972 -0.2756, -0.8465 -0.8957 -0.2756, -0.7874 -0.7972 0.0394, -0.7874 -0.8957 0.0394, -0.7973 -0.7972 0.0385, -0.7973 -0.8957 0.0385, -0.8112 -0.7972 0.0344, -0.8112 -0.8957 0.0344, -0.8237 -0.7972 0.0269, -0.8237 -0.8957 0.0269, -0.834 -0.7972 0.0166, -0.834 -0.8957 0.0166, -0.8414 -0.7972 0.0041, -0.8414 -0.8957 0.0041, -0.8456 -0.7972 -0.0098, -0.8456 -0.8957 -0.0098, -0.7283 -0.7972 0.0394, -0.7283 -0.8957 0.0394
            ]
        }
        coordIndex [
            0,1,2,-1,2,1,3,-1,3,1,4,-1,4,1,5,-1,4,5,6,-1,7,8,9,-1,6,5,10,-1,10,5,11,-1,10,11,12,-1,12,11,13,-1,12,13,9,-1,9,13,14,-1,9,14,7,-1,15,16,17,-1,8,7,18,-1,18,7,19,-1,18,19,20,-1,20,19,21,-1,20,21,22,-1,22,21,23,-1,22,23,24,-1,24,23,25,-1,24,25,17,-1,17,25,26,-1,17,26,15,-1,16,15,27,-1,27,15,28,-1,27,28,29,-1,30,31,32,-1,32,31,33,-1,32,33,29,-1,29,33,27,-1,34,35,36,-1,36,35,37,-1,36,37,38,-1,38,37,39,-1,38,39,40,-1,40,39,41,-1,40,41,42,-1,42,41,43,-1,42,43,44,-1,44,43,45,-1,44,45,46,-1,46,45,47,-1,46,47,30,-1,30,47,31,-1,48,49,34,-1,34,49,35,-1,
        ]
    }
}
Shape{
    appearance Appearance {
        material  Material 	{
            diffuseColor 0.25098039215686274 0.25098039215686274 0.25098039215686274
            specularColor 0.12549019607843137 0.12549019607843137 0.12549019607843137
            ambientIntensity 0.251
            transparency 0.0
            shininess 0.5
        }
    }
    geometry IndexedFaceSet {
        ccw TRUE
        solid FALSE
        coord DEF co Coordinate {
            point [
                -1.5381 -0.3814 0.2835, -1.5549 -0.3592 0.2835, -1.5599 -0.355 0.2835, -1.5562 -0.3579 0.2835, -1.5675 -0.3456 0.2835, -1.5039 -0.378 0.2835, -1.5204 -0.3759 0.2835, -1.5055 -0.4127 0.2835, -1.5232 -0.3756 0.2835, -1.5396 -0.3694 0.2835, -1.3991 -0.4764 0.2835, -1.3189 -0.4764 0.2835, -1.4114 -0.4709 0.2835, -1.3189 -0.378 0.2835, -1.4312 -0.4619 0.2835, -1.4699 -0.4394 0.2835, -1.4929 -0.4222 0.2835
            ]
        }
        coordIndex [
            0,1,2,-1,2,1,3,-1,2,3,4,-1,5,6,7,-1,7,6,8,-1,7,8,0,-1,0,8,9,-1,0,9,1,-1,10,11,12,-1,12,11,13,-1,12,13,14,-1,14,13,15,-1,5,7,13,-1,13,7,16,-1,13,16,15,-1,
        ]
    }
}
Shape{
    appearance Appearance {
        material  Material 	{
            diffuseColor 0.7529411764705882 0.7529411764705882 0.7529411764705882
            specularColor 0.3764705882352941 0.3764705882352941 0.3764705882352941
            ambientIntensity 0.7529
            transparency 0.0
            shininess 0.5
        }
    }
    geometry IndexedFaceSet {
        ccw TRUE
        solid FALSE
        coord DEF co Coordinate {
            point [
                -1.3189 -0.378 0.0669, -1.3189 -0.378 0.2835, -1.3189 -0.4764 0.0669, -1.3189 -0.4764 0.2835
            ]
        }
        coordIndex [
            0,1,2,-1,2,1,3,-1,
        ]
    }
}
Shape{
    appearance Appearance {
        material  Material 	{
            diffuseColor 0.25098039215686274 0.25098039215686274 0.25098039215686274
            specularColor 0.12549019607843137 0.12549019607843137 0.12549019607843137
            ambientIntensity 0.251
            transparency 0.0
            shininess 0.5
        }
    }
    geometry IndexedFaceSet {
        ccw TRUE
        solid FALSE
        coord DEF co Coordinate {
            point [
                -1.5204 -0.3759 0.2835, -1.5039 -0.378 0.2835, -1.5039 -0.378 0.0472, -1.5675 -0.3456 0.0757, -1.5675 -0.3456 0.2835, -1.5592 -0.3543 0.0611, -1.5562 -0.3579 0.2835, -1.5559 -0.3576 0.0553, -1.5513 -0.3621 0.0472, -1.5544 -0.3593 0.0526, -1.5499 -0.3631 0.0472, -1.5396 -0.3694 0.2835, -1.5549 -0.3592 0.2835, -1.5175 -0.3768 0.0472, -1.5204 -0.3759 0.0472, -1.5232 -0.3756 0.2835, -1.5345 -0.3718 0.0472, -1.5394 -0.369 0.0472, -1.3189 -0.378 0.2835, -1.3189 -0.378 0.0669, -1.3197 -0.378 0.057, -1.3223 -0.378 0.0472
            ]
        }
        coordIndex [
            0,1,2,-1,3,4,5,-1,5,4,6,-1,5,6,7,-1,8,9,10,-1,10,9,11,-1,7,6,9,-1,9,6,12,-1,9,12,11,-1,2,13,0,-1,0,13,14,-1,0,14,15,-1,15,14,16,-1,15,16,11,-1,11,16,17,-1,11,17,10,-1,2,1,18,-1,18,19,2,-1,2,19,20,-1,2,20,21,-1,
        ]
    }
}
Shape{
    appearance Appearance {
        material  Material 	{
            diffuseColor 0.7529411764705882 0.7529411764705882 0.7529411764705882
            specularColor 0.3764705882352941 0.3764705882352941 0.3764705882352941
            ambientIntensity 0.7529
            transparency 0.0
            shininess 0.5
        }
    }
    geometry IndexedFaceSet {
        ccw TRUE
        solid FALSE
        coord DEF co Coordinate {
            point [
                1.5675 -0.3456 0.2835, 1.5675 -0.3456 0.0757, 1.5561 -0.3578 0.2835, 1.5615 -0.3523 0.0647, 1.5594 -0.3544 0.0611, 1.556 -0.3576 0.0553, 1.5513 -0.3621 0.0472, 1.5499 -0.3631 0.0472, 1.5542 -0.3598 0.2835, 1.5396 -0.3694 0.2835, 1.5394 -0.369 0.0472, 1.5345 -0.3718 0.0472, 1.5223 -0.3758 0.2835, 1.5204 -0.3759 0.0472, 1.5204 -0.376 0.2835, 1.5175 -0.3768 0.0472, 1.5039 -0.378 0.2835, 1.5039 -0.378 0.0472
            ]
        }
        coordIndex [
            0,1,2,-1,2,1,3,-1,2,3,4,-1,5,6,7,-1,4,5,2,-1,2,5,7,-1,2,7,8,-1,8,7,9,-1,7,10,9,-1,9,10,11,-1,9,11,12,-1,12,11,13,-1,12,13,14,-1,14,13,15,-1,14,15,16,-1,16,15,17,-1,
        ]
    }
}
Shape{
    appearance Appearance {
        material  Material 	{
            diffuseColor 0.25098039215686274 0.25098039215686274 0.25098039215686274
            specularColor 0.12549019607843137 0.12549019607843137 0.12549019607843137
            ambientIntensity 0.251
            transparency 0.0
            shininess 0.5
        }
    }
    geometry IndexedFaceSet {
        ccw TRUE
        solid FALSE
        coord DEF co Coordinate {
            point [
                1.5675 -0.3456 0.2835, 1.5561 -0.3578 0.2835, 1.56 -0.3551 0.2835, 1.5542 -0.3598 0.2835, 1.5456 -0.3731 0.2835, 1.5396 -0.3694 0.2835, 1.5142 -0.4051 0.2835, 1.3189 -0.4764 0.2835, 1.3991 -0.4764 0.2835, 1.3189 -0.378 0.2835, 1.4113 -0.4707 0.2835, 1.5223 -0.3758 0.2835, 1.5204 -0.376 0.2835, 1.4929 -0.4222 0.2835, 1.5039 -0.378 0.2835, 1.4794 -0.433 0.2835, 1.441 -0.4568 0.2835
            ]
        }
        coordIndex [
            0,1,2,-1,2,1,3,-1,2,3,4,-1,4,3,5,-1,4,5,6,-1,7,8,9,-1,9,8,10,-1,5,11,6,-1,6,11,12,-1,6,12,13,-1,13,12,14,-1,13,14,15,-1,15,14,9,-1,15,9,16,-1,16,9,10,-1,
        ]
    }
}
Shape{
    appearance Appearance {
        material  Material 	{
            diffuseColor 0.7529411764705882 0.7529411764705882 0.7529411764705882
            specularColor 0.3764705882352941 0.3764705882352941 0.3764705882352941
            ambientIntensity 0.7529
            transparency 0.0
            shininess 0.5
        }
    }
    geometry IndexedFaceSet {
        ccw TRUE
        solid FALSE
        coord DEF co Coordinate {
            point [
                1.3189 -0.4764 0.2835, 1.3189 -0.378 0.2835, 1.3189 -0.4764 0.0669, 1.3189 -0.378 0.0669, 1.5039 -0.378 0.2835, 1.5039 -0.378 0.0472, 1.3197 -0.378 0.057, 1.3223 -0.378 0.0472
            ]
        }
        coordIndex [
            0,1,2,-1,2,1,3,-1,1,4,3,-1,3,4,5,-1,3,5,6,-1,6,5,7,-1,
        ]
    }
}
Shape{
    appearance Appearance {
        material  Material 	{
            diffuseColor 0.25098039215686274 0.25098039215686274 0.25098039215686274
            specularColor 0.12549019607843137 0.12549019607843137 0.12549019607843137
            ambientIntensity 0.251
            transparency 0.0
            shininess 0.5
        }
    }
    geometry IndexedFaceSet {
        ccw TRUE
        solid FALSE
        coord DEF co Coordinate {
            point [
                1.3105 -0.4705 0.3032, 1.3156 -0.4895 0.3228, 1.24 -0.4827 0.3032, 1.2605 -0.499 0.3228, 1.24 -0.5025 0.3228, 1.5128 -0.3465 0.3032, 1.5388 -0.3465 0.3228, 1.5097 -0.3759 0.3228, 1.4722 -0.386 0.3032, 1.485 -0.401 0.3228, 1.3961 -0.4373 0.3032, 1.4358 -0.4341 0.3228, 1.4052 -0.4547 0.3228, 1.3516 -0.4755 0.3228, 1.24 -0.3465 0.3032
            ]
        }
        coordIndex [
            0,1,2,-1,2,1,3,-1,2,3,4,-1,5,6,7,-1,5,7,8,-1,8,7,9,-1,8,9,10,-1,9,11,10,-1,10,11,12,-1,10,12,0,-1,0,12,13,-1,0,13,1,-1,14,5,8,-1,8,10,14,-1,14,10,0,-1,14,0,2,-1,
        ]
    }
}
Shape{
    appearance Appearance {
        material  Material 	{
            diffuseColor 0.7529411764705882 0.7529411764705882 0.7529411764705882
            specularColor 0.3764705882352941 0.3764705882352941 0.3764705882352941
            ambientIntensity 0.7529
            transparency 0.0
            shininess 0.5
        }
    }
    geometry IndexedFaceSet {
        ccw TRUE
        solid FALSE
        coord DEF co Coordinate {
            point [
                0.8465 -0.8038 -0.315, 0.8465 -0.8891 -0.315, 0.8465 -0.7972 -0.2756, 0.8465 -0.8957 -0.2756, 0.8465 -0.7972 -0.0197, 0.8465 -0.8957 -0.0197, 0.7874 -0.7972 0.0394, 0.7874 -0.8957 0.0394, 0.7283 -0.7972 0.0394, 0.7283 -0.8957 0.0394, 0.8456 -0.7972 -0.0098, 0.8456 -0.8957 -0.0098, 0.8414 -0.7972 0.0041, 0.8414 -0.8957 0.0041, 0.834 -0.7972 0.0166, 0.834 -0.8957 0.0166, 0.8237 -0.7972 0.0269, 0.8237 -0.8957 0.0269, 0.8112 -0.7972 0.0344, 0.8112 -0.8957 0.0344, 0.7973 -0.7972 0.0385, 0.7973 -0.8957 0.0385, 0.8888 -0.8775 -0.3848, 0.8771 -0.8788 -0.3767, 0.8799 -0.8145 -0.3794, 0.8513 -0.8846 -0.3422, 0.8479 -0.8869 -0.3281, 0.8488 -0.8069 -0.3339, 0.8471 -0.8875 -0.3248, 0.8481 -0.806 -0.3281, 0.8535 -0.8839 -0.3465, 0.8534 -0.809 -0.3466, 0.8599 -0.8818 -0.359, 0.8545 -0.8095 -0.3496, 0.8635 -0.8811 -0.363, 0.8634 -0.8118 -0.3632, 0.8728 -0.8793 -0.3738, 0.865 -0.8123 -0.3657, 0.8771 -0.8141 -0.3768, 0.8936 -0.8772 -0.3866, 0.8936 -0.8157 -0.3867, 0.9061 -0.8764 -0.3913, 0.8968 -0.816 -0.3884, 0.9121 -0.8763 -0.3921, 0.9252 -0.8169 -0.3937, 0.9252 -0.876 -0.3937, 0.9149 -0.8168 -0.393, 0.9121 -0.8167 -0.3923, 0.9646 -0.8169 -0.3937, 0.9646 -0.876 -0.3937
            ]
        }
        coordIndex [
            0,1,2,-1,2,1,3,-1,2,3,4,-1,4,3,5,-1,6,7,8,-1,8,7,9,-1,4,5,10,-1,10,5,11,-1,10,11,12,-1,12,11,13,-1,12,13,14,-1,14,13,15,-1,14,15,16,-1,16,15,17,-1,16,17,18,-1,18,17,19,-1,18,19,20,-1,20,19,21,-1,20,21,6,-1,6,21,7,-1,22,23,24,-1,25,26,27,-1,28,1,0,-1,28,0,26,-1,26,0,29,-1,26,29,27,-1,25,27,30,-1,30,27,31,-1,30,31,32,-1,32,31,33,-1,32,33,34,-1,34,33,35,-1,34,35,36,-1,36,35,37,-1,36,37,23,-1,23,37,38,-1,23,38,24,-1,22,24,39,-1,39,24,40,-1,39,40,41,-1,41,40,42,-1,41,42,43,-1,44,45,46,-1,46,45,43,-1,46,43,47,-1,47,43,42,-1,44,48,45,-1,45,48,49,-1,
        ]
    }
}
Shape{
    appearance Appearance {
        material  Material 	{
            diffuseColor 0.25098039215686274 0.25098039215686274 0.25098039215686274
            specularColor 0.12549019607843137 0.12549019607843137 0.12549019607843137
            ambientIntensity 0.251
            transparency 0.0
            shininess 0.5
        }
    }
    geometry IndexedFaceSet {
        ccw TRUE
        solid FALSE
        coord DEF co Coordinate {
            point [
                -1.3299 -0.2116 0.5709, -1.3345 -0.2062 0.5709, -1.4653 -0.3275 0.5709, -1.411 0.3725 0.5709, -1.4461 0.3454 0.5709, -1.3126 0.2319 0.5709, 1.33 -0.2116 0.5709, 1.3126 -0.2319 0.5709, 1.4653 -0.3275 0.5709, 1.2923 -0.2492 0.5709, 1.4024 -0.378 0.5709, 1.2868 -0.254 0.5709, 1.3302 -0.4139 0.5709, 1.1957 -0.2921 0.5709, 1.1659 -0.2952 0.5709, 1.2008 -0.437 0.5709, 1.1594 -0.2953 0.5709, -1.2008 -0.437 0.5709, -1.1594 -0.2953 0.5709, -1.1932 -0.2926 0.5709, -1.1957 -0.292 0.5709, -1.252 -0.4335 0.5709, -1.2262 -0.2847 0.5709, -1.2466 -0.2763 0.5709, -1.3302 -0.4139 0.5709, -1.2578 -0.2717 0.5709, -1.4024 -0.378 0.5709, 1.5517 -0.1924 0.5709, 1.357 -0.1658 0.5709, 1.5158 -0.2646 0.5709, 1.3517 -0.1785 0.5709, 1.3339 -0.207 0.5709, -1.5158 -0.2646 0.5709, -1.3339 0.207 0.5709, -1.506 0.2792 0.5709, -1.3517 0.1785 0.5709, -1.5153 0.2643 0.5709, -1.357 0.1658 0.5709, -1.5294 0.2416 0.5709, -1.3654 0.1455 0.5709, 1.376 -0.0787 0.5709, 1.3733 -0.1126 0.5709, 1.5713 -0.1142 0.5709, 1.3728 -0.115 0.5709, 1.3654 -0.1455 0.5709, 1.2594 -0.2708 0.5709, 1.2465 -0.2763 0.5709, 1.252 -0.4335 0.5709, 1.2289 -0.2838 0.5709, 1.1978 -0.2919 0.5709, 1.2262 0.2847 0.5709, 1.252 0.4333 0.5709, 1.1957 0.292 0.5709, 1.2137 0.4368 0.5709, 1.416 0.369 0.5709, 1.4022 0.3775 0.5709, 1.3126 0.2319 0.5709, -1.2865 -0.2541 0.5709, -1.2923 -0.2492 0.5709, -1.3126 -0.2319 0.5709, -1.3521 -0.1775 0.5709, -1.357 -0.1658 0.5709, -1.5517 -0.1924 0.5709, -1.376 0.0787 0.5709, -1.3733 0.1126 0.5709, -1.5713 0.1142 0.5709, -1.5484 0.2011 0.5709, -1.5513 0.1923 0.5709, -1.3728 0.115 0.5709, -1.5625 0.1586 0.5709, -1.5712 0.1152 0.5709, 1.2923 0.2492 0.5709, 1.3784 0.3922 0.5709, 1.2865 0.2541 0.5709, 1.3385 0.4107 0.5709, 1.2578 0.2717 0.5709, 1.3301 0.4135 0.5709, 1.2466 0.2763 0.5709, 1.2992 0.4239 0.5709, 1.2558 0.433 0.5709, 1.3521 0.1775 0.5709, 1.5096 0.2741 0.5709, 1.3345 0.2062 0.5709, 1.4824 0.3091 0.5709, 1.3299 0.2116 0.5709, 1.4648 0.327 0.5709, 1.4509 0.3411 0.5709, 1.5748 -0.063 0.5709, 1.5748 0.063 0.5709, 1.376 0.0787 0.5709, -1.3654 -0.1458 0.5709, -1.3729 -0.115 0.5709, -1.5713 -0.1142 0.5709, -1.3733 -0.113 0.5709, -1.5748 -0.063 0.5709, -1.376 -0.0787 0.5709, -1.5748 0.063 0.5709, -1.5747 0.073 0.5709, -1.33 0.2116 0.5709, -1.4648 0.327 0.5709, -1.4781 0.314 0.5709, -1.4022 0.3776 0.5709, -1.2923 0.2492 0.5709, -1.3727 0.3952 0.5709, -1.2868 0.254 0.5709, -1.3317 0.4133 0.5709, -1.2594 0.2708 0.5709, -1.3302 0.4138 0.5709, -1.2465 0.2763 0.5709, -1.2892 0.4265 0.5709, -1.2289 0.2838 0.5709, -1.252 0.4332 0.5709, -1.1978 0.2919 0.5709, -1.2455 0.4344 0.5709, -1.1957 0.2921 0.5709, -1.2008 0.437 0.5709, -1.1659 0.2952 0.5709, -1.1594 0.2953 0.5709, 1.2008 0.437 0.5709, 1.1594 0.2953 0.5709, 1.1932 0.2926 0.5709, 1.5722 0.1077 0.5709, 1.571 0.1142 0.5709, 1.3733 0.113 0.5709, 1.5642 0.1514 0.5709, 1.3729 0.115 0.5709, 1.5516 0.1924 0.5709, 1.3654 0.1458 0.5709, 1.5511 0.194 0.5709, 1.357 0.1658 0.5709, 1.5327 0.2355 0.5709, 1.5154 0.2644 0.5709
            ]
        }
        coordIndex [
            0,1,2,-1,3,4,5,-1,6,7,8,-1,8,7,9,-1,8,9,10,-1,10,9,11,-1,10,11,12,-1,13,14,15,-1,15,14,16,-1,15,16,17,-1,17,16,18,-1,18,19,17,-1,17,19,20,-1,17,20,21,-1,20,22,21,-1,21,22,23,-1,21,23,24,-1,24,23,25,-1,24,25,26,-1,27,28,29,-1,29,28,30,-1,29,30,8,-1,8,30,31,-1,8,31,6,-1,2,1,32,-1,33,34,35,-1,35,34,36,-1,35,36,37,-1,37,36,38,-1,37,38,39,-1,40,41,42,-1,42,41,43,-1,42,43,27,-1,27,43,44,-1,27,44,28,-1,11,45,12,-1,12,45,46,-1,12,46,47,-1,47,46,48,-1,47,48,15,-1,15,48,49,-1,15,49,13,-1,50,51,52,-1,52,51,53,-1,54,55,56,-1,25,57,26,-1,26,57,58,-1,26,58,2,-1,2,58,59,-1,2,59,0,-1,1,60,32,-1,32,60,61,-1,32,61,62,-1,63,64,65,-1,38,66,39,-1,39,66,67,-1,39,67,68,-1,68,67,69,-1,68,69,64,-1,64,69,70,-1,64,70,65,-1,56,55,71,-1,71,55,72,-1,71,72,73,-1,73,72,74,-1,73,74,75,-1,75,74,76,-1,75,76,77,-1,77,76,78,-1,77,78,50,-1,50,78,79,-1,50,79,51,-1,80,81,82,-1,82,81,83,-1,82,83,84,-1,84,83,85,-1,84,85,56,-1,56,85,86,-1,56,86,54,-1,42,87,40,-1,40,87,88,-1,40,88,89,-1,61,90,62,-1,62,90,91,-1,62,91,92,-1,92,91,93,-1,92,93,94,-1,94,93,95,-1,94,95,96,-1,96,95,63,-1,96,63,97,-1,97,63,65,-1,5,4,98,-1,98,4,99,-1,98,99,33,-1,33,99,100,-1,33,100,34,-1,3,5,101,-1,101,5,102,-1,101,102,103,-1,103,102,104,-1,103,104,105,-1,105,104,106,-1,105,106,107,-1,107,106,108,-1,107,108,109,-1,109,108,110,-1,109,110,111,-1,111,110,112,-1,111,112,113,-1,113,112,114,-1,113,114,115,-1,114,116,115,-1,115,116,117,-1,115,117,118,-1,118,117,119,-1,118,119,53,-1,53,119,120,-1,53,120,52,-1,88,121,89,-1,89,121,122,-1,89,122,123,-1,123,122,124,-1,123,124,125,-1,125,124,126,-1,125,126,127,-1,127,126,128,-1,127,128,129,-1,129,128,130,-1,129,130,80,-1,80,130,131,-1,80,131,81,-1,
        ]
    }
}
Shape{
    appearance Appearance {
        material  Material 	{
            diffuseColor 0.7529411764705882 0.7529411764705882 0.7529411764705882
            specularColor 0.3764705882352941 0.3764705882352941 0.3764705882352941
            ambientIntensity 0.7529
            transparency 0.0
            shininess 0.5
        }
    }
    geometry IndexedFaceSet {
        ccw TRUE
        solid FALSE
        coord DEF co Coordinate {
            point [
                1.6417 0.1181 0.1102, 1.6417 -0.1181 0.1102, 1.6417 0.1181 2.185, 1.6417 -0.1181 2.185, -1.6417 -0.1181 0.1102, -1.6417 0.1181 0.1102, -1.6417 -0.1181 2.185, -1.6417 0.1181 2.185
            ]
        }
        coordIndex [
            0,1,2,-1,2,1,3,-1,4,5,6,-1,6,5,7,-1,
        ]
    }
}
Shape{
    appearance Appearance {
        material  Material 	{
            diffuseColor 0.25098039215686274 0.25098039215686274 0.25098039215686274
            specularColor 0.12549019607843137 0.12549019607843137 0.12549019607843137
            ambientIntensity 0.251
            transparency 0.0
            shininess 0.5
        }
    }
    geometry IndexedFaceSet {
        ccw TRUE
        solid FALSE
        coord DEF co Coordinate {
            point [
                1.1377 -0.374 0.0669, 1.1377 -0.374 0.0276, 1.1377 -0.2002 0.067, 1.1377 -0.256 0.0276, 1.1377 -0.2017 0.0631, 1.1377 -0.2413 0.0294, 1.1377 -0.2298 0.0337, 1.1377 -0.2175 0.0417, 1.1377 -0.2088 0.0508
            ]
        }
        coordIndex [
            0,1,2,-1,2,1,3,-1,2,3,4,-1,4,3,5,-1,5,6,4,-1,4,6,7,-1,4,7,8,-1,
        ]
    }
}
Shape{
    appearance Appearance {
        material  Material 	{
            diffuseColor 1.0 1.0 0.0
            specularColor 1.0 1.0 0.0
            ambientIntensity 0.886
            transparency 0.0
            shininess 0.5
        }
    }
    geometry IndexedFaceSet {
        ccw TRUE
        solid FALSE
        coord DEF co Coordinate {
            point [
                1.1378 -0.1702 0.0182, 1.1378 -0.1584 0.0374, 1.1377 -0.2088 0.0508, 1.1377 -0.2017 0.0631, 1.1378 -0.1579 0.039, 1.1378 -0.1515 0.0588, 1.1377 -0.2002 0.067, 1.1378 -0.1509 0.0622, 1.1378 -0.1499 0.0669, 1.1378 -0.1702 0.0181, 1.1377 -0.2175 0.0417, 1.1378 -0.1846 0.0034, 1.1377 -0.2413 0.0294, 1.1377 -0.256 0.0276, 1.1378 -0.248 -0.0197, 1.1378 -0.4213 -0.0197, 1.1378 -0.2316 -0.0178, 1.1378 -0.2249 -0.0171, 1.1377 -0.2298 0.0337, 1.1378 -0.4331 0.0157, 1.1378 -0.4331 -0.0079, 1.1378 -0.4213 0.0276, 1.1377 -0.374 0.0276, 1.1378 -0.2084 -0.011, 1.1378 -0.2037 -0.0093, 1.1378 -0.1877 0.0014
            ]
        }
        coordIndex [
            0,1,2,-1,2,1,3,-1,1,4,3,-1,3,4,5,-1,3,5,6,-1,6,5,7,-1,6,7,8,-1,0,2,9,-1,9,2,10,-1,9,10,11,-1,12,13,14,-1,14,13,15,-1,14,16,12,-1,12,16,17,-1,12,17,18,-1,19,20,21,-1,21,20,15,-1,21,15,22,-1,22,15,13,-1,17,23,18,-1,18,23,24,-1,18,24,10,-1,10,24,25,-1,10,25,11,-1,
        ]
    }
}
Shape{
    appearance Appearance {
        material  Material 	{
            diffuseColor 0.25098039215686274 0.25098039215686274 0.25098039215686274
            specularColor 0.12549019607843137 0.12549019607843137 0.12549019607843137
            ambientIntensity 0.251
            transparency 0.0
            shininess 0.5
        }
    }
    geometry IndexedFaceSet {
        ccw TRUE
        solid FALSE
        coord DEF co Coordinate {
            point [
                1.0276 -0.374 0.0276, 1.0277 -0.374 0.0669, 1.0276 -0.256 0.0276, 1.0276 -0.2001 0.0671, 1.0277 -0.2514 0.0277, 1.0277 -0.2055 0.0554, 1.0277 -0.2138 0.0451, 1.0277 -0.227 0.0349, 1.0277 -0.2378 0.0302
            ]
        }
        coordIndex [
            0,1,2,-1,2,1,3,-1,2,3,4,-1,3,5,6,-1,6,7,3,-1,3,7,8,-1,3,8,4,-1,
        ]
    }
}
Shape{
    appearance Appearance {
        material  Material 	{
            diffuseColor 1.0 1.0 0.0
            specularColor 1.0 1.0 0.0
            ambientIntensity 0.886
            transparency 0.0
            shininess 0.5
        }
    }
    geometry IndexedFaceSet {
        ccw TRUE
        solid FALSE
        coord DEF co Coordinate {
            point [
                1.1377 -0.374 0.0276, 1.0276 -0.374 0.0276, 1.1378 -0.4213 0.0276, 1.0276 -0.4213 0.0276, 1.0277 -0.2378 0.0302, 1.0277 -0.227 0.0349, 1.0276 -0.2085 -0.0109, 1.0277 -0.2138 0.0451, 1.0276 -0.1877 0.0014, 1.0276 -0.2039 -0.0092, 1.0277 -0.2055 0.0554, 1.0276 -0.1586 0.0377, 1.0276 -0.1704 0.0182, 1.0276 -0.1705 0.0181, 1.0276 -0.1848 0.0033, 1.0276 -0.1499 0.0671, 1.0276 -0.1509 0.0622, 1.0276 -0.2001 0.0671, 1.0276 -0.1515 0.0594, 1.0276 -0.1581 0.0391, 1.0276 -0.248 -0.0197, 1.0277 -0.2514 0.0277, 1.0276 -0.2316 -0.0178, 1.0276 -0.2254 -0.017, 1.0276 -0.4213 -0.0197, 1.0276 -0.4331 -0.0079, 1.0276 -0.4331 0.0157, 1.0276 -0.256 0.0276, 1.1378 -0.248 -0.0197, 1.0276 -0.1496 0.0787, 1.1378 -0.1496 0.0787, 1.0276 -0.1496 0.0765, 1.1378 -0.1496 0.0765, 1.0276 -0.1497 0.0748, 1.1378 -0.1497 0.0748, 1.1378 -0.1499 0.0669, 1.1378 -0.1509 0.0622, 1.1378 -0.1515 0.0588, 1.1378 -0.1579 0.039, 1.1378 -0.1584 0.0374, 1.1378 -0.1702 0.0182, 1.1378 -0.1702 0.0181, 1.1378 -0.1846 0.0034, 1.1378 -0.1877 0.0014, 1.1378 -0.2037 -0.0093, 1.1378 -0.2084 -0.011, 1.1378 -0.2249 -0.0171, 1.1378 -0.2316 -0.0178
            ]
        }
        coordIndex [
            0,1,2,-1,2,1,3,-1,4,5,6,-1,7,8,5,-1,5,8,9,-1,5,9,6,-1,10,11,7,-1,7,11,12,-1,12,13,7,-1,7,13,14,-1,7,14,8,-1,15,16,17,-1,17,16,18,-1,17,18,10,-1,10,18,19,-1,10,19,11,-1,20,21,22,-1,22,21,4,-1,22,4,23,-1,23,4,6,-1,24,25,26,-1,26,3,24,-1,24,3,1,-1,24,1,20,-1,20,1,27,-1,20,27,21,-1,28,20,22,-1,29,30,31,-1,31,30,32,-1,31,32,33,-1,33,32,34,-1,33,34,15,-1,15,34,35,-1,15,35,16,-1,16,35,36,-1,16,36,18,-1,18,36,37,-1,18,37,19,-1,19,37,38,-1,19,38,11,-1,38,39,11,-1,11,39,40,-1,11,40,12,-1,12,40,41,-1,12,41,13,-1,13,41,42,-1,13,42,14,-1,14,42,8,-1,8,42,43,-1,8,43,9,-1,9,43,44,-1,9,44,6,-1,6,44,45,-1,6,45,23,-1,23,45,46,-1,23,46,22,-1,22,46,47,-1,22,47,28,-1,
        ]
    }
}
Shape{
    appearance Appearance {
        material  Material 	{
            diffuseColor 0.25098039215686274 0.25098039215686274 0.25098039215686274
            specularColor 0.12549019607843137 0.12549019607843137 0.12549019607843137
            ambientIntensity 0.251
            transparency 0.0
            shininess 0.5
        }
    }
    geometry IndexedFaceSet {
        ccw TRUE
        solid FALSE
        coord DEF co Coordinate {
            point [
                0.5471 -0.374 0.0669, 0.5472 -0.374 0.0276, 0.5472 -0.2001 0.0671, 0.5472 -0.2559 0.0276, 0.5471 -0.2177 0.0414, 0.5471 -0.2295 0.0336, 0.5471 -0.2405 0.0295, 0.5471 -0.2084 0.0512, 0.5471 -0.2018 0.0625
            ]
        }
        coordIndex [
            0,1,2,-1,2,1,3,-1,4,3,5,-1,5,3,6,-1,4,7,3,-1,3,7,8,-1,3,8,2,-1,
        ]
    }
}
Shape{
    appearance Appearance {
        material  Material 	{
            diffuseColor 1.0 1.0 0.0
            specularColor 1.0 1.0 0.0
            ambientIntensity 0.886
            transparency 0.0
            shininess 0.5
        }
    }
    geometry IndexedFaceSet {
        ccw TRUE
        solid FALSE
        coord DEF co Coordinate {
            point [
                0.5472 -0.433 0.0157, 0.5472 -0.433 -0.0079, 0.5472 -0.4212 -0.0197, 0.5472 -0.17 0.0186, 0.5472 -0.1584 0.0375, 0.5471 -0.2084 0.0512, 0.5471 -0.2018 0.0625, 0.5472 -0.1577 0.0397, 0.5472 -0.1516 0.0589, 0.5472 -0.2001 0.0671, 0.5472 -0.1508 0.0631, 0.5472 -0.1499 0.0671, 0.5472 -0.1702 0.0182, 0.5471 -0.2177 0.0414, 0.5472 -0.1847 0.0034, 0.5471 -0.2295 0.0336, 0.5471 -0.2405 0.0295, 0.5472 -0.2249 -0.0171, 0.5472 -0.4212 0.0276, 0.5472 -0.374 0.0276, 0.5472 -0.2559 0.0276, 0.5472 -0.248 -0.0197, 0.5472 -0.2315 -0.0178, 0.5472 -0.2082 -0.0109, 0.5472 -0.2037 -0.0093, 0.5472 -0.1874 0.0016
            ]
        }
        coordIndex [
            0,1,2,-1,3,4,5,-1,5,4,6,-1,4,7,6,-1,6,7,8,-1,6,8,9,-1,9,8,10,-1,9,10,11,-1,3,5,12,-1,12,5,13,-1,12,13,14,-1,15,16,17,-1,18,0,19,-1,19,0,2,-1,19,2,20,-1,20,2,21,-1,20,21,16,-1,16,21,22,-1,16,22,17,-1,17,23,15,-1,15,23,24,-1,15,24,13,-1,13,24,25,-1,13,25,14,-1,
        ]
    }
}
Shape{
    appearance Appearance {
        material  Material 	{
            diffuseColor 0.25098039215686274 0.25098039215686274 0.25098039215686274
            specularColor 0.12549019607843137 0.12549019607843137 0.12549019607843137
            ambientIntensity 0.251
            transparency 0.0
            shininess 0.5
        }
    }
    geometry IndexedFaceSet {
        ccw TRUE
        solid FALSE
        coord DEF co Coordinate {
            point [
                0.4371 -0.374 0.0276, 0.4371 -0.374 0.0669, 0.4371 -0.2559 0.0276, 0.4371 -0.2001 0.0671, 0.4371 -0.2513 0.0277, 0.4371 -0.2055 0.0553, 0.4371 -0.214 0.0449, 0.4371 -0.2272 0.0348, 0.4371 -0.2378 0.0302
            ]
        }
        coordIndex [
            0,1,2,-1,2,1,3,-1,2,3,4,-1,3,5,6,-1,6,7,3,-1,3,7,8,-1,3,8,4,-1,
        ]
    }
}
Shape{
    appearance Appearance {
        material  Material 	{
            diffuseColor 1.0 1.0 0.0
            specularColor 1.0 1.0 0.0
            ambientIntensity 0.886
            transparency 0.0
            shininess 0.5
        }
    }
    geometry IndexedFaceSet {
        ccw TRUE
        solid FALSE
        coord DEF co Coordinate {
            point [
                0.5472 -0.374 0.0276, 0.4371 -0.374 0.0276, 0.5472 -0.4212 0.0276, 0.437 -0.4212 0.0276, 0.4371 -0.2001 0.0671, 0.437 -0.15 0.0671, 0.437 -0.1509 0.0631, 0.4371 -0.2055 0.0553, 0.437 -0.1577 0.0397, 0.437 -0.1701 0.0187, 0.4371 -0.214 0.0449, 0.437 -0.1872 0.0013, 0.4371 -0.2272 0.0348, 0.437 -0.2081 -0.0112, 0.4371 -0.2378 0.0302, 0.437 -0.2314 -0.0183, 0.4371 -0.2513 0.0277, 0.437 -0.248 -0.0197, 0.437 -0.4212 -0.0197, 0.437 -0.433 -0.0079, 0.437 -0.433 0.0157, 0.4371 -0.2559 0.0276, 0.5472 -0.1508 0.0631, 0.5472 -0.1516 0.0589, 0.5472 -0.1499 0.0671, 0.5472 -0.1496 0.0755, 0.437 -0.1496 0.0779, 0.5472 -0.1496 0.0787, 0.5472 -0.248 -0.0197, 0.5472 -0.2315 -0.0178, 0.5472 -0.2249 -0.0171, 0.5472 -0.1847 0.0034, 0.5472 -0.1874 0.0016, 0.5472 -0.2037 -0.0093, 0.5472 -0.2082 -0.0109, 0.5472 -0.1577 0.0397, 0.5472 -0.1584 0.0375, 0.5472 -0.17 0.0186, 0.5472 -0.1702 0.0182
            ]
        }
        coordIndex [
            0,1,2,-1,2,1,3,-1,4,5,6,-1,4,6,7,-1,6,8,7,-1,7,8,9,-1,7,9,10,-1,10,9,11,-1,10,11,12,-1,12,11,13,-1,12,13,14,-1,14,13,15,-1,14,15,16,-1,16,15,17,-1,18,19,20,-1,20,3,18,-1,18,3,1,-1,18,1,17,-1,17,1,21,-1,17,21,16,-1,6,22,23,-1,6,23,8,-1,22,6,24,-1,24,6,5,-1,24,5,25,-1,25,5,26,-1,25,26,27,-1,28,17,29,-1,29,17,15,-1,29,15,30,-1,30,15,13,-1,31,32,11,-1,11,32,33,-1,11,33,13,-1,13,33,34,-1,13,34,30,-1,23,35,8,-1,8,35,36,-1,8,36,9,-1,9,36,37,-1,9,37,11,-1,11,37,38,-1,11,38,31,-1,
        ]
    }
}
Shape{
    appearance Appearance {
        material  Material 	{
            diffuseColor 0.25098039215686274 0.25098039215686274 0.25098039215686274
            specularColor 0.12549019607843137 0.12549019607843137 0.12549019607843137
            ambientIntensity 0.251
            transparency 0.0
            shininess 0.5
        }
    }
    geometry IndexedFaceSet {
        ccw TRUE
        solid FALSE
        coord DEF co Coordinate {
            point [
                -0.5472 -0.374 0.0276, -0.5471 -0.374 0.0669, -0.5472 -0.2559 0.0276, -0.5472 -0.2001 0.0671, -0.5471 -0.2513 0.0277, -0.5471 -0.2055 0.0553, -0.5471 -0.214 0.0449, -0.5471 -0.2272 0.0348, -0.5471 -0.2378 0.0302
            ]
        }
        coordIndex [
            0,1,2,-1,2,1,3,-1,2,3,4,-1,3,5,6,-1,6,7,3,-1,3,7,8,-1,3,8,4,-1,
        ]
    }
}
Shape{
    appearance Appearance {
        material  Material 	{
            diffuseColor 1.0 1.0 0.0
            specularColor 1.0 1.0 0.0
            ambientIntensity 0.886
            transparency 0.0
            shininess 0.5
        }
    }
    geometry IndexedFaceSet {
        ccw TRUE
        solid FALSE
        coord DEF co Coordinate {
            point [
                -0.437 -0.4212 0.0276, -0.4371 -0.374 0.0276, -0.5472 -0.4212 0.0276, -0.5472 -0.374 0.0276
            ]
        }
        coordIndex [
            0,1,2,-1,2,1,3,-1,
        ]
    }
}
Shape{
    appearance Appearance {
        material  Material 	{
            diffuseColor 0.25098039215686274 0.25098039215686274 0.25098039215686274
            specularColor 0.12549019607843137 0.12549019607843137 0.12549019607843137
            ambientIntensity 0.251
            transparency 0.0
            shininess 0.5
        }
    }
    geometry IndexedFaceSet {
        ccw TRUE
        solid FALSE
        coord DEF co Coordinate {
            point [
                -0.4371 -0.374 0.0669, -0.4371 -0.374 0.0276, -0.4371 -0.2001 0.0671, -0.4371 -0.2559 0.0276, -0.4371 -0.2177 0.0414, -0.4371 -0.2295 0.0336, -0.4371 -0.2405 0.0295, -0.4371 -0.2084 0.0512, -0.4371 -0.2019 0.0624
            ]
        }
        coordIndex [
            0,1,2,-1,2,1,3,-1,4,3,5,-1,5,3,6,-1,4,7,3,-1,3,7,8,-1,3,8,2,-1,
        ]
    }
}
Shape{
    appearance Appearance {
        material  Material 	{
            diffuseColor 1.0 1.0 0.0
            specularColor 1.0 1.0 0.0
            ambientIntensity 0.886
            transparency 0.0
            shininess 0.5
        }
    }
    geometry IndexedFaceSet {
        ccw TRUE
        solid FALSE
        coord DEF co Coordinate {
            point [
                -0.5472 -0.2001 0.0671, -0.5472 -0.15 0.067, -0.5472 -0.1512 0.0623, -0.5472 -0.1557 0.0443, -0.5472 -0.1583 0.0392, -0.5471 -0.2055 0.0553, -0.5472 -0.2177 -0.0152, -0.5471 -0.2378 0.0302, -0.5472 -0.2085 -0.0109, -0.5471 -0.2272 0.0348, -0.5471 -0.214 0.0449, -0.5472 -0.1878 0.0015, -0.5472 -0.1972 -0.0057, -0.5472 -0.1659 0.0242, -0.5472 -0.1708 0.0186, -0.5472 -0.1808 0.0068, -0.5472 -0.248 -0.0197, -0.5471 -0.2513 0.0277, -0.5472 -0.2398 -0.0194, -0.5472 -0.2316 -0.0178, -0.5472 -0.4212 -0.0197, -0.5472 -0.374 0.0276, -0.5472 -0.2559 0.0276, -0.5472 -0.433 -0.0079, -0.5472 -0.433 0.0157, -0.5472 -0.4212 0.0276, -0.437 -0.248 -0.0197, -0.437 -0.2403 -0.0194, -0.437 -0.2317 -0.0177, -0.437 -0.2178 -0.0149, -0.437 -0.2086 -0.0107, -0.437 -0.197 -0.0054, -0.437 -0.1879 0.0015, -0.437 -0.1806 0.007, -0.437 -0.1708 0.0186, -0.437 -0.1659 0.0245, -0.437 -0.1584 0.0393, -0.437 -0.1556 0.0449, -0.437 -0.1512 0.0623, -0.437 -0.1499 0.0671, -0.437 -0.1496 0.0787, -0.5472 -0.1496 0.0787, -0.437 -0.433 0.0157, -0.437 -0.433 -0.0079, -0.437 -0.4212 -0.0197, -0.4371 -0.2405 0.0295, -0.4371 -0.2559 0.0276, -0.4371 -0.2295 0.0336, -0.4371 -0.2019 0.0624, -0.4371 -0.2084 0.0512, -0.4371 -0.2177 0.0414, -0.437 -0.4212 0.0276, -0.4371 -0.374 0.0276, -0.4371 -0.2001 0.0671
            ]
        }
        coordIndex [
            0,1,2,-1,2,3,0,-1,0,3,4,-1,0,4,5,-1,6,7,8,-1,8,7,9,-1,10,11,9,-1,9,11,12,-1,9,12,8,-1,4,13,5,-1,5,13,14,-1,5,14,10,-1,10,14,15,-1,10,15,11,-1,16,17,18,-1,18,17,7,-1,18,7,19,-1,19,7,6,-1,20,21,16,-1,16,21,22,-1,16,22,17,-1,20,23,21,-1,21,23,24,-1,21,24,25,-1,26,16,27,-1,27,16,18,-1,27,18,28,-1,28,18,19,-1,28,19,29,-1,29,19,6,-1,29,6,30,-1,30,6,8,-1,30,8,31,-1,31,8,12,-1,31,12,32,-1,32,12,11,-1,32,11,33,-1,33,11,15,-1,33,15,34,-1,34,15,14,-1,34,14,35,-1,35,14,13,-1,35,13,36,-1,36,13,4,-1,36,4,37,-1,37,4,3,-1,37,3,38,-1,38,3,2,-1,38,2,39,-1,39,2,1,-1,39,1,40,-1,40,1,41,-1,42,43,44,-1,27,45,46,-1,27,28,45,-1,45,28,29,-1,45,29,47,-1,48,49,35,-1,29,30,47,-1,47,30,31,-1,47,31,50,-1,51,42,52,-1,52,42,44,-1,52,44,46,-1,46,44,26,-1,46,26,27,-1,35,36,48,-1,48,36,37,-1,48,37,53,-1,53,37,38,-1,53,38,39,-1,31,32,50,-1,50,32,33,-1,50,33,49,-1,49,33,34,-1,49,34,35,-1,
        ]
    }
}
Shape{
    appearance Appearance {
        material  Material 	{
            diffuseColor 0.25098039215686274 0.25098039215686274 0.25098039215686274
            specularColor 0.12549019607843137 0.12549019607843137 0.12549019607843137
            ambientIntensity 0.251
            transparency 0.0
            shininess 0.5
        }
    }
    geometry IndexedFaceSet {
        ccw TRUE
        solid FALSE
        coord DEF co Coordinate {
            point [
                0.3425 0.374 0.0276, 0.3424 0.374 0.0669, 0.3425 0.2559 0.0276, 0.3425 0.2002 0.067, 0.3424 0.2514 0.0277, 0.3424 0.2068 0.0538, 0.3424 0.2148 0.0442, 0.3424 0.2378 0.0302, 0.3424 0.2265 0.0352
            ]
        }
        coordIndex [
            0,1,2,-1,2,1,3,-1,2,3,4,-1,3,5,4,-1,4,5,6,-1,4,6,7,-1,7,6,8,-1,
        ]
    }
}
Shape{
    appearance Appearance {
        material  Material 	{
            diffuseColor 1.0 1.0 0.0
            specularColor 1.0 1.0 0.0
            ambientIntensity 0.886
            transparency 0.0
            shininess 0.5
        }
    }
    geometry IndexedFaceSet {
        ccw TRUE
        solid FALSE
        coord DEF co Coordinate {
            point [
                0.2481 0.374 0.0276, 0.3425 0.374 0.0276, 0.248 0.4212 0.0276, 0.3425 0.4212 0.0276
            ]
        }
        coordIndex [
            0,1,2,-1,2,1,3,-1,
        ]
    }
}
Shape{
    appearance Appearance {
        material  Material 	{
            diffuseColor 0.25098039215686274 0.25098039215686274 0.25098039215686274
            specularColor 0.12549019607843137 0.12549019607843137 0.12549019607843137
            ambientIntensity 0.251
            transparency 0.0
            shininess 0.5
        }
    }
    geometry IndexedFaceSet {
        ccw TRUE
        solid FALSE
        coord DEF co Coordinate {
            point [
                0.2481 0.374 0.0669, 0.2481 0.374 0.0276, 0.2481 0.2001 0.0672, 0.2481 0.2559 0.0276, 0.2481 0.2016 0.0632, 0.2481 0.2413 0.0294, 0.2481 0.2298 0.0337, 0.2481 0.2175 0.0417, 0.2481 0.2088 0.0509
            ]
        }
        coordIndex [
            0,1,2,-1,2,1,3,-1,2,3,4,-1,4,3,5,-1,5,6,4,-1,4,6,7,-1,4,7,8,-1,
        ]
    }
}
Shape{
    appearance Appearance {
        material  Material 	{
            diffuseColor 1.0 1.0 0.0
            specularColor 1.0 1.0 0.0
            ambientIntensity 0.886
            transparency 0.0
            shininess 0.5
        }
    }
    geometry IndexedFaceSet {
        ccw TRUE
        solid FALSE
        coord DEF co Coordinate {
            point [
                0.3425 0.2002 0.067, 0.3425 0.1499 0.0672, 0.3425 0.1512 0.0623, 0.3425 0.2176 -0.0151, 0.3424 0.2378 0.0302, 0.3425 0.2085 -0.0109, 0.3424 0.2265 0.0352, 0.3425 0.248 -0.0197, 0.3424 0.2514 0.0277, 0.3425 0.2397 -0.0194, 0.3425 0.2316 -0.0178, 0.3424 0.2148 0.0442, 0.3425 0.1878 0.0015, 0.3425 0.1971 -0.0057, 0.3424 0.2068 0.0538, 0.3425 0.1708 0.0186, 0.3425 0.1807 0.007, 0.3425 0.1556 0.0445, 0.3425 0.1583 0.0392, 0.3425 0.1658 0.0244, 0.3425 0.4212 -0.0197, 0.3425 0.433 -0.0079, 0.3425 0.433 0.0157, 0.3425 0.4212 0.0276, 0.3425 0.374 0.0276, 0.3425 0.2559 0.0276, 0.248 0.248 -0.0197, 0.248 0.2315 -0.0183, 0.3425 0.1496 0.0787, 0.248 0.1496 0.0787, 0.248 0.1499 0.0672, 0.248 0.151 0.0623, 0.248 0.158 0.039, 0.248 0.1704 0.0182, 0.248 0.1875 0.0011, 0.248 0.2083 -0.0113, 0.248 0.433 0.0157, 0.248 0.433 -0.0079, 0.248 0.4212 -0.0197, 0.2481 0.2001 0.0672, 0.2481 0.2016 0.0632, 0.248 0.4212 0.0276, 0.2481 0.374 0.0276, 0.2481 0.2559 0.0276, 0.2481 0.2413 0.0294, 0.2481 0.2298 0.0337, 0.2481 0.2175 0.0417, 0.2481 0.2088 0.0509
            ]
        }
        coordIndex [
            0,1,2,-1,3,4,5,-1,5,4,6,-1,7,8,9,-1,9,8,4,-1,9,4,10,-1,10,4,3,-1,11,12,6,-1,6,12,13,-1,6,13,5,-1,14,15,11,-1,11,15,16,-1,11,16,12,-1,2,17,0,-1,0,17,18,-1,0,18,14,-1,14,18,19,-1,14,19,15,-1,20,21,22,-1,22,23,20,-1,20,23,24,-1,20,24,7,-1,7,24,25,-1,7,25,8,-1,7,9,26,-1,26,9,27,-1,28,29,1,-1,1,29,30,-1,1,30,2,-1,2,30,31,-1,2,31,17,-1,17,31,32,-1,33,19,32,-1,32,19,18,-1,32,18,17,-1,34,16,33,-1,33,16,15,-1,33,15,19,-1,35,13,34,-1,34,13,12,-1,34,12,16,-1,9,10,27,-1,27,10,3,-1,27,3,35,-1,35,3,5,-1,35,5,13,-1,36,37,38,-1,30,39,31,-1,31,39,40,-1,41,36,42,-1,42,36,38,-1,42,38,43,-1,43,38,26,-1,43,26,44,-1,44,26,27,-1,44,27,45,-1,45,27,35,-1,45,35,46,-1,46,35,34,-1,46,34,47,-1,47,34,33,-1,47,33,40,-1,40,33,32,-1,40,32,31,-1,
        ]
    }
}
Shape{
    appearance Appearance {
        material  Material 	{
            diffuseColor 0.25098039215686274 0.25098039215686274 0.25098039215686274
            specularColor 0.12549019607843137 0.12549019607843137 0.12549019607843137
            ambientIntensity 0.251
            transparency 0.0
            shininess 0.5
        }
    }
    geometry IndexedFaceSet {
        ccw TRUE
        solid FALSE
        coord DEF co Coordinate {
            point [
                -0.0512 0.374 0.0276, -0.0513 0.374 0.0669, -0.0512 0.2559 0.0276, -0.0512 0.2002 0.067, -0.0513 0.2517 0.0277, -0.0513 0.2069 0.0537, -0.0513 0.2147 0.0443, -0.0513 0.2264 0.0354, -0.0513 0.2379 0.0303
            ]
        }
        coordIndex [
            0,1,2,-1,2,1,3,-1,2,3,4,-1,4,3,5,-1,5,6,4,-1,4,6,7,-1,4,7,8,-1,
        ]
    }
}
Shape{
    appearance Appearance {
        material  Material 	{
            diffuseColor 1.0 1.0 0.0
            specularColor 1.0 1.0 0.0
            ambientIntensity 0.886
            transparency 0.0
            shininess 0.5
        }
    }
    geometry IndexedFaceSet {
        ccw TRUE
        solid FALSE
        coord DEF co Coordinate {
            point [
                -0.1456 0.374 0.0276, -0.0512 0.374 0.0276, -0.1457 0.4212 0.0276, -0.0512 0.4212 0.0276
            ]
        }
        coordIndex [
            0,1,2,-1,2,1,3,-1,
        ]
    }
}
Shape{
    appearance Appearance {
        material  Material 	{
            diffuseColor 0.25098039215686274 0.25098039215686274 0.25098039215686274
            specularColor 0.12549019607843137 0.12549019607843137 0.12549019607843137
            ambientIntensity 0.251
            transparency 0.0
            shininess 0.5
        }
    }
    geometry IndexedFaceSet {
        ccw TRUE
        solid FALSE
        coord DEF co Coordinate {
            point [
                -0.1456 0.374 0.0669, -0.1456 0.374 0.0276, -0.1456 0.2001 0.0671, -0.1456 0.2559 0.0276, -0.1456 0.2016 0.0632, -0.1456 0.2413 0.0294, -0.1456 0.2298 0.0337, -0.1456 0.2175 0.0417, -0.1456 0.2088 0.0509
            ]
        }
        coordIndex [
            0,1,2,-1,2,1,3,-1,2,3,4,-1,4,3,5,-1,5,6,4,-1,4,6,7,-1,4,7,8,-1,
        ]
    }
}
Shape{
    appearance Appearance {
        material  Material 	{
            diffuseColor 1.0 1.0 0.0
            specularColor 1.0 1.0 0.0
            ambientIntensity 0.886
            transparency 0.0
            shininess 0.5
        }
    }
    geometry IndexedFaceSet {
        ccw TRUE
        solid FALSE
        coord DEF co Coordinate {
            point [
                -0.0512 0.4212 -0.0197, -0.0512 0.433 -0.0079, -0.0512 0.433 0.0157, -0.0512 0.1499 0.0672, -0.0512 0.151 0.0623, -0.0512 0.2002 0.067, -0.0512 0.158 0.039, -0.0513 0.2069 0.0537, -0.0512 0.1704 0.0182, -0.0513 0.2147 0.0443, -0.0512 0.1875 0.0011, -0.0513 0.2264 0.0354, -0.0512 0.2083 -0.0113, -0.0513 0.2379 0.0303, -0.0512 0.2315 -0.0183, -0.0513 0.2517 0.0277, -0.0512 0.248 -0.0197, -0.0512 0.4212 0.0276, -0.0512 0.374 0.0276, -0.0512 0.2559 0.0276, -0.0512 0.1496 0.0787, -0.1457 0.1496 0.0787, -0.1457 0.1496 0.0755, -0.1457 0.1499 0.0672, -0.1457 0.151 0.0623, -0.1457 0.158 0.039, -0.1457 0.1704 0.0182, -0.1457 0.1875 0.0011, -0.1457 0.2083 -0.0113, -0.1457 0.2315 -0.0183, -0.1457 0.248 -0.0197, -0.1456 0.2001 0.0671, -0.1456 0.2016 0.0632, -0.1457 0.4212 -0.0197, -0.1456 0.2559 0.0276, -0.1456 0.2413 0.0294, -0.1456 0.2298 0.0337, -0.1456 0.2175 0.0417, -0.1456 0.2088 0.0509, -0.1457 0.433 0.0157, -0.1457 0.433 -0.0079, -0.1457 0.4212 0.0276, -0.1456 0.374 0.0276
            ]
        }
        coordIndex [
            0,1,2,-1,3,4,5,-1,5,4,6,-1,5,6,7,-1,7,6,8,-1,7,8,9,-1,9,8,10,-1,9,10,11,-1,11,10,12,-1,11,12,13,-1,13,12,14,-1,13,14,15,-1,15,14,16,-1,2,17,0,-1,0,17,18,-1,0,18,16,-1,16,18,19,-1,16,19,15,-1,20,21,22,-1,20,22,3,-1,3,22,23,-1,3,23,4,-1,23,24,4,-1,4,24,25,-1,4,25,6,-1,6,25,26,-1,6,26,8,-1,8,26,27,-1,8,27,10,-1,10,27,28,-1,10,28,12,-1,12,28,29,-1,12,29,14,-1,14,29,30,-1,14,30,16,-1,23,31,24,-1,24,31,32,-1,33,30,34,-1,34,30,35,-1,35,30,29,-1,35,29,36,-1,36,29,28,-1,36,28,37,-1,37,28,27,-1,37,27,38,-1,38,27,26,-1,38,26,32,-1,32,26,25,-1,32,25,24,-1,39,40,41,-1,41,40,33,-1,41,33,42,-1,42,33,34,-1,
        ]
    }
}
Shape{
    appearance Appearance {
        material  Material 	{
            diffuseColor 0.25098039215686274 0.25098039215686274 0.25098039215686274
            specularColor 0.12549019607843137 0.12549019607843137 0.12549019607843137
            ambientIntensity 0.251
            transparency 0.0
            shininess 0.5
        }
    }
    geometry IndexedFaceSet {
        ccw TRUE
        solid FALSE
        coord DEF co Coordinate {
            point [
                -0.4371 0.374 0.0276, -0.4371 0.374 0.0669, -0.4371 0.2559 0.0276, -0.4371 0.2001 0.0671, -0.4371 0.2514 0.0277, -0.4371 0.2055 0.0554, -0.4371 0.2139 0.045, -0.4371 0.2271 0.0349, -0.4371 0.2378 0.0302
            ]
        }
        coordIndex [
            0,1,2,-1,2,1,3,-1,2,3,4,-1,3,5,6,-1,6,7,3,-1,3,7,8,-1,3,8,4,-1,
        ]
    }
}
Shape{
    appearance Appearance {
        material  Material 	{
            diffuseColor 1.0 1.0 0.0
            specularColor 1.0 1.0 0.0
            ambientIntensity 0.886
            transparency 0.0
            shininess 0.5
        }
    }
    geometry IndexedFaceSet {
        ccw TRUE
        solid FALSE
        coord DEF co Coordinate {
            point [
                -0.5472 0.374 0.0276, -0.4371 0.374 0.0276, -0.5472 0.4212 0.0276, -0.437 0.4212 0.0276
            ]
        }
        coordIndex [
            0,1,2,-1,2,1,3,-1,
        ]
    }
}
Shape{
    appearance Appearance {
        material  Material 	{
            diffuseColor 0.25098039215686274 0.25098039215686274 0.25098039215686274
            specularColor 0.12549019607843137 0.12549019607843137 0.12549019607843137
            ambientIntensity 0.251
            transparency 0.0
            shininess 0.5
        }
    }
    geometry IndexedFaceSet {
        ccw TRUE
        solid FALSE
        coord DEF co Coordinate {
            point [
                -0.5471 0.374 0.0669, -0.5472 0.374 0.0276, -0.5472 0.2001 0.0671, -0.5472 0.2559 0.0276, -0.5471 0.2177 0.0414, -0.5471 0.2295 0.0336, -0.5471 0.2405 0.0295, -0.5471 0.2084 0.0512, -0.5471 0.2018 0.0625
            ]
        }
        coordIndex [
            0,1,2,-1,2,1,3,-1,4,3,5,-1,5,3,6,-1,4,7,3,-1,3,7,8,-1,3,8,2,-1,
        ]
    }
}
Shape{
    appearance Appearance {
        material  Material 	{
            diffuseColor 1.0 1.0 0.0
            specularColor 1.0 1.0 0.0
            ambientIntensity 0.886
            transparency 0.0
            shininess 0.5
        }
    }
    geometry IndexedFaceSet {
        ccw TRUE
        solid FALSE
        coord DEF co Coordinate {
            point [
                -0.4371 0.2378 0.0302, -0.4371 0.2271 0.0349, -0.437 0.2085 -0.0109, -0.4371 0.2139 0.045, -0.437 0.1877 0.0014, -0.437 0.2039 -0.0092, -0.4371 0.2055 0.0554, -0.437 0.1586 0.0377, -0.437 0.1704 0.0182, -0.437 0.1705 0.0181, -0.437 0.1848 0.0033, -0.437 0.1499 0.0671, -0.437 0.1509 0.0622, -0.4371 0.2001 0.0671, -0.437 0.1515 0.0594, -0.437 0.1581 0.0391, -0.437 0.248 -0.0197, -0.4371 0.2514 0.0277, -0.437 0.2316 -0.0178, -0.437 0.2254 -0.017, -0.437 0.4212 -0.0197, -0.437 0.433 -0.0079, -0.437 0.433 0.0157, -0.437 0.4212 0.0276, -0.4371 0.374 0.0276, -0.4371 0.2559 0.0276, -0.5472 0.2315 -0.0183, -0.5472 0.248 -0.0197, -0.437 0.1496 0.0787, -0.5472 0.1496 0.0787, -0.437 0.1496 0.0755, -0.5472 0.1496 0.0755, -0.5472 0.15 0.067, -0.5472 0.151 0.0623, -0.5472 0.158 0.039, -0.5472 0.1704 0.0182, -0.5472 0.1875 0.0011, -0.5472 0.2083 -0.0113, -0.5472 0.433 0.0157, -0.5472 0.433 -0.0079, -0.5472 0.4212 -0.0197, -0.5472 0.2001 0.0671, -0.5471 0.2018 0.0625, -0.5472 0.4212 0.0276, -0.5472 0.374 0.0276, -0.5472 0.2559 0.0276, -0.5471 0.2405 0.0295, -0.5471 0.2295 0.0336, -0.5471 0.2177 0.0414, -0.5471 0.2084 0.0512
            ]
        }
        coordIndex [
            0,1,2,-1,3,4,1,-1,1,4,5,-1,1,5,2,-1,6,7,3,-1,3,7,8,-1,8,9,3,-1,3,9,10,-1,3,10,4,-1,11,12,13,-1,13,12,14,-1,13,14,6,-1,6,14,15,-1,6,15,7,-1,16,17,18,-1,18,17,0,-1,18,0,19,-1,19,0,2,-1,20,21,22,-1,22,23,20,-1,20,23,24,-1,20,24,16,-1,16,24,25,-1,16,25,17,-1,26,27,16,-1,28,29,30,-1,30,29,31,-1,30,31,11,-1,11,31,32,-1,11,32,12,-1,12,32,33,-1,12,33,14,-1,14,33,34,-1,14,34,15,-1,15,34,7,-1,7,34,35,-1,7,35,8,-1,8,35,9,-1,9,35,36,-1,9,36,10,-1,16,18,26,-1,26,18,19,-1,26,19,37,-1,19,2,37,-1,37,2,5,-1,37,5,36,-1,36,5,4,-1,36,4,10,-1,38,39,40,-1,32,41,33,-1,33,41,42,-1,43,38,44,-1,44,38,40,-1,44,40,45,-1,45,40,27,-1,45,27,46,-1,46,27,26,-1,46,26,47,-1,47,26,37,-1,47,37,48,-1,48,37,36,-1,48,36,49,-1,49,36,35,-1,49,35,42,-1,42,35,34,-1,42,34,33,-1,
        ]
    }
}
Shape{
    appearance Appearance {
        material  Material 	{
            diffuseColor 0.25098039215686274 0.25098039215686274 0.25098039215686274
            specularColor 0.12549019607843137 0.12549019607843137 0.12549019607843137
            ambientIntensity 0.251
            transparency 0.0
            shininess 0.5
        }
    }
    geometry IndexedFaceSet {
        ccw TRUE
        solid FALSE
        coord DEF co Coordinate {
            point [
                -1.1377 0.2178 0.0414, -1.1377 0.256 0.0276, -1.1377 0.2296 0.0336, -1.1377 0.2405 0.0295, -1.1377 0.374 0.0669, -1.1377 0.374 0.0276, -1.1377 0.2001 0.067, -1.1377 0.2085 0.0511
            ]
        }
        coordIndex [
            0,1,2,-1,2,1,3,-1,4,5,6,-1,6,5,1,-1,6,1,7,-1,7,1,0,-1,
        ]
    }
}
Shape{
    appearance Appearance {
        material  Material 	{
            diffuseColor 1.0 1.0 0.0
            specularColor 1.0 1.0 0.0
            ambientIntensity 0.886
            transparency 0.0
            shininess 0.5
        }
    }
    geometry IndexedFaceSet {
        ccw TRUE
        solid FALSE
        coord DEF co Coordinate {
            point [
                -1.1384 0.1732 0.0679, -1.1377 0.2001 0.067, -1.1377 0.2085 0.0511, -1.1377 0.2405 0.0295, -1.1377 0.256 0.0276, -1.1378 0.248 -0.0197, -1.1378 0.4213 -0.0197, -1.1378 0.1576 0.0399, -1.1378 0.1514 0.0601, -1.1381 0.1511 0.0622, -1.1401 0.1496 0.0742, -1.1377 0.2178 0.0414, -1.1378 0.1848 0.0033, -1.1378 0.1707 0.0183, -1.1378 0.2316 -0.0178, -1.1378 0.2248 -0.0171, -1.1377 0.2296 0.0336, -1.1378 0.1686 0.0206, -1.1378 0.1581 0.039, -1.1378 0.4331 0.0157, -1.1378 0.4331 -0.0079, -1.1378 0.4213 0.0276, -1.1377 0.374 0.0276, -1.1378 0.2085 -0.0111, -1.1378 0.2036 -0.0093, -1.1378 0.1878 0.0013
            ]
        }
        coordIndex [
            0,1,2,-1,3,4,5,-1,5,4,6,-1,7,8,0,-1,0,8,9,-1,0,9,10,-1,11,12,13,-1,5,14,3,-1,3,14,15,-1,3,15,16,-1,11,13,2,-1,2,13,17,-1,2,17,0,-1,0,17,18,-1,0,18,7,-1,19,20,21,-1,21,20,6,-1,21,6,22,-1,22,6,4,-1,15,23,16,-1,16,23,24,-1,16,24,11,-1,11,24,25,-1,11,25,12,-1,
        ]
    }
}
Shape{
    appearance Appearance {
        material  Material 	{
            diffuseColor 0.25098039215686274 0.25098039215686274 0.25098039215686274
            specularColor 0.12549019607843137 0.12549019607843137 0.12549019607843137
            ambientIntensity 0.251
            transparency 0.0
            shininess 0.5
        }
    }
    geometry IndexedFaceSet {
        ccw TRUE
        solid FALSE
        coord DEF co Coordinate {
            point [
                -1.0276 0.374 0.0276, -1.0277 0.374 0.0669, -1.0276 0.256 0.0276, -1.0276 0.2001 0.0671, -1.0277 0.2517 0.0277, -1.0277 0.2063 0.0543, -1.0277 0.2147 0.0443, -1.0277 0.2264 0.0354, -1.0277 0.238 0.0302
            ]
        }
        coordIndex [
            0,1,2,-1,2,1,3,-1,2,3,4,-1,4,3,5,-1,5,6,4,-1,4,6,7,-1,4,7,8,-1,
        ]
    }
}
Shape{
    appearance Appearance {
        material  Material 	{
            diffuseColor 1.0 1.0 0.0
            specularColor 1.0 1.0 0.0
            ambientIntensity 0.886
            transparency 0.0
            shininess 0.5
        }
    }
    geometry IndexedFaceSet {
        ccw TRUE
        solid FALSE
        coord DEF co Coordinate {
            point [
                -1.1377 0.374 0.0276, -1.0276 0.374 0.0276, -1.1378 0.4213 0.0276, -1.0276 0.4213 0.0276, -1.0276 0.15 0.0671, -1.0276 0.151 0.0621, -1.0276 0.2001 0.0671, -1.0276 0.158 0.0389, -1.0277 0.2063 0.0543, -1.0276 0.1705 0.0181, -1.0277 0.2147 0.0443, -1.0276 0.1876 0.001, -1.0277 0.2264 0.0354, -1.0276 0.2084 -0.0113, -1.0277 0.238 0.0302, -1.0276 0.2316 -0.0183, -1.0277 0.2517 0.0277, -1.0276 0.248 -0.0197, -1.0276 0.4213 -0.0197, -1.0276 0.4331 -0.0079, -1.0276 0.4331 0.0157, -1.0276 0.256 0.0276, -1.1378 0.248 -0.0197, -1.1378 0.2248 -0.0171, -1.1378 0.2316 -0.0178, -1.1378 0.2036 -0.0093, -1.1378 0.2085 -0.0111, -1.1378 0.1848 0.0033, -1.1378 0.1878 0.0013, -1.1378 0.1686 0.0206, -1.1378 0.1707 0.0183, -1.1378 0.1576 0.0399, -1.1378 0.1581 0.039, -1.0276 0.1496 0.0776, -1.1401 0.1496 0.0742, -1.1381 0.1511 0.0622, -1.1378 0.1514 0.0601
            ]
        }
        coordIndex [
            0,1,2,-1,2,1,3,-1,4,5,6,-1,6,5,7,-1,6,7,8,-1,8,7,9,-1,8,9,10,-1,10,9,11,-1,10,11,12,-1,12,11,13,-1,12,13,14,-1,14,13,15,-1,14,15,16,-1,16,15,17,-1,18,19,20,-1,20,3,18,-1,18,3,1,-1,18,1,17,-1,17,1,21,-1,17,21,16,-1,22,17,15,-1,13,23,15,-1,15,23,24,-1,15,24,22,-1,11,25,13,-1,13,25,26,-1,13,26,23,-1,9,27,11,-1,11,27,28,-1,11,28,25,-1,7,29,9,-1,9,29,30,-1,9,30,27,-1,5,31,7,-1,7,31,32,-1,7,32,29,-1,33,34,4,-1,4,34,35,-1,4,35,5,-1,5,35,36,-1,5,36,31,-1,
        ]
    }
}
Shape{
    appearance Appearance {
        material  Material 	{
            diffuseColor 0.25098039215686274 0.25098039215686274 0.25098039215686274
            specularColor 0.12549019607843137 0.12549019607843137 0.12549019607843137
            ambientIntensity 0.251
            transparency 0.0
            shininess 0.5
        }
    }
    geometry IndexedFaceSet {
        ccw TRUE
        solid FALSE
        coord DEF co Coordinate {
            point [
                1.0277 0.374 0.0669, 1.0276 0.374 0.0276, 1.0276 0.2001 0.0671, 1.0276 0.256 0.0276, 1.0277 0.2177 0.0415, 1.0277 0.2298 0.0335, 1.0277 0.2408 0.0294, 1.0277 0.2086 0.051, 1.0277 0.2015 0.0634
            ]
        }
        coordIndex [
            0,1,2,-1,2,1,3,-1,4,3,5,-1,5,3,6,-1,4,7,3,-1,3,7,8,-1,3,8,2,-1,
        ]
    }
}
Shape{
    appearance Appearance {
        material  Material 	{
            diffuseColor 1.0 1.0 0.0
            specularColor 1.0 1.0 0.0
            ambientIntensity 0.886
            transparency 0.0
            shininess 0.5
        }
    }
    geometry IndexedFaceSet {
        ccw TRUE
        solid FALSE
        coord DEF co Coordinate {
            point [
                1.0277 0.2015 0.0634, 1.0277 0.2086 0.051, 1.0276 0.1659 0.0245, 1.0276 0.2178 -0.0149, 1.0277 0.2298 0.0335, 1.0277 0.2408 0.0294, 1.0276 0.4213 -0.0197, 1.0276 0.248 -0.0197, 1.0276 0.256 0.0276, 1.0276 0.2403 -0.0194, 1.0276 0.2316 -0.0177, 1.0276 0.1581 0.0399, 1.0276 0.1556 0.0449, 1.0276 0.2001 0.0671, 1.0276 0.151 0.0631, 1.0276 0.15 0.0671, 1.0276 0.2084 -0.0106, 1.0276 0.197 -0.0054, 1.0277 0.2177 0.0415, 1.0276 0.1875 0.0018, 1.0276 0.1806 0.007, 1.0276 0.1705 0.019, 1.0276 0.4331 0.0157, 1.0276 0.4331 -0.0079, 1.0276 0.4213 0.0276, 1.0276 0.374 0.0276
            ]
        }
        coordIndex [
            0,1,2,-1,3,4,5,-1,6,7,8,-1,8,7,9,-1,8,9,5,-1,5,9,10,-1,5,10,3,-1,2,11,0,-1,0,11,12,-1,0,12,13,-1,13,12,14,-1,13,14,15,-1,3,16,4,-1,4,16,17,-1,4,17,18,-1,17,19,18,-1,18,19,20,-1,18,20,1,-1,1,20,21,-1,1,21,2,-1,22,23,24,-1,24,23,6,-1,24,6,25,-1,25,6,8,-1,
        ]
    }
}
Shape{
    appearance Appearance {
        material  Material 	{
            diffuseColor 0.25098039215686274 0.25098039215686274 0.25098039215686274
            specularColor 0.12549019607843137 0.12549019607843137 0.12549019607843137
            ambientIntensity 0.251
            transparency 0.0
            shininess 0.5
        }
    }
    geometry IndexedFaceSet {
        ccw TRUE
        solid FALSE
        coord DEF co Coordinate {
            point [
                1.1377 0.374 0.0276, 1.1377 0.374 0.0669, 1.1377 0.256 0.0276, 1.1377 0.2001 0.0669, 1.1377 0.2514 0.0277, 1.1377 0.2056 0.0552, 1.1377 0.2141 0.0448, 1.1377 0.2274 0.0348, 1.1377 0.2378 0.0302
            ]
        }
        coordIndex [
            0,1,2,-1,2,1,3,-1,2,3,4,-1,3,5,6,-1,6,7,3,-1,3,7,8,-1,3,8,4,-1,
        ]
    }
}
Shape{
    appearance Appearance {
        material  Material 	{
            diffuseColor 1.0 1.0 0.0
            specularColor 1.0 1.0 0.0
            ambientIntensity 0.886
            transparency 0.0
            shininess 0.5
        }
    }
    geometry IndexedFaceSet {
        ccw TRUE
        solid FALSE
        coord DEF co Coordinate {
            point [
                1.0276 0.374 0.0276, 1.1377 0.374 0.0276, 1.0276 0.4213 0.0276, 1.1378 0.4213 0.0276, 1.1378 0.1767 0.0109, 1.1377 0.2141 0.0448, 1.1378 0.1705 0.019, 1.1377 0.2056 0.0552, 1.1378 0.1629 0.0291, 1.1377 0.2001 0.0669, 1.1384 0.1724 0.0679, 1.1394 0.1497 0.072, 1.1388 0.1513 0.0632, 1.1377 0.2378 0.0302, 1.1377 0.2274 0.0348, 1.1378 0.2115 -0.013, 1.1378 0.1876 0.0018, 1.1378 0.1947 -0.0042, 1.1378 0.2081 -0.0112, 1.1378 0.1538 0.0497, 1.1378 0.1581 0.0399, 1.1378 0.248 -0.0197, 1.1377 0.2514 0.0277, 1.1378 0.2331 -0.0187, 1.1378 0.2315 -0.0182, 1.1378 0.4213 -0.0197, 1.1377 0.256 0.0276, 1.1378 0.4331 -0.0079, 1.1378 0.4331 0.0157, 1.0276 0.1496 0.0787, 1.0276 0.1496 0.0765, 1.0276 0.1497 0.0748, 1.0276 0.248 -0.0197, 1.0276 0.2403 -0.0194, 1.0276 0.2316 -0.0177, 1.0276 0.2178 -0.0149, 1.0276 0.2084 -0.0106, 1.0276 0.197 -0.0054, 1.0276 0.1875 0.0018, 1.0276 0.1806 0.007, 1.0276 0.1705 0.019, 1.0276 0.1659 0.0245, 1.0276 0.1581 0.0399, 1.0276 0.1556 0.0449, 1.0276 0.151 0.0631, 1.0276 0.15 0.0671
            ]
        }
        coordIndex [
            0,1,2,-1,2,1,3,-1,4,5,6,-1,6,5,7,-1,6,7,8,-1,8,7,9,-1,8,9,10,-1,10,11,12,-1,13,14,15,-1,4,16,5,-1,5,16,17,-1,5,17,14,-1,14,17,18,-1,14,18,15,-1,12,19,10,-1,10,19,20,-1,10,20,8,-1,21,22,23,-1,23,22,13,-1,23,13,24,-1,24,13,15,-1,25,1,21,-1,21,1,26,-1,21,26,22,-1,25,27,1,-1,1,27,28,-1,1,28,3,-1,29,30,11,-1,11,30,31,-1,11,31,12,-1,32,21,33,-1,33,21,23,-1,33,23,34,-1,34,23,24,-1,34,24,35,-1,35,24,15,-1,35,15,36,-1,36,15,18,-1,36,18,37,-1,37,18,17,-1,37,17,38,-1,38,17,16,-1,38,16,39,-1,39,16,4,-1,39,4,40,-1,40,4,6,-1,40,6,41,-1,41,6,8,-1,41,8,42,-1,42,8,20,-1,42,20,43,-1,43,20,19,-1,43,19,44,-1,44,19,12,-1,44,12,45,-1,45,12,31,-1,
        ]
    }
}
Shape{
    appearance Appearance {
        material  Material 	{
            diffuseColor 0.25098039215686274 0.25098039215686274 0.25098039215686274
            specularColor 0.12549019607843137 0.12549019607843137 0.12549019607843137
            ambientIntensity 0.251
            transparency 0.0
            shininess 0.5
        }
    }
    geometry IndexedFaceSet {
        ccw TRUE
        solid FALSE
        coord DEF co Coordinate {
            point [
                -0.2481 0.374 0.0276, -0.2481 0.374 0.0669, -0.2481 0.2559 0.0276, -0.2481 0.2002 0.067, -0.2481 0.2517 0.0277, -0.2481 0.2069 0.0537, -0.2481 0.2147 0.0443, -0.2481 0.2264 0.0354, -0.2481 0.2379 0.0303
            ]
        }
        coordIndex [
            0,1,2,-1,2,1,3,-1,2,3,4,-1,4,3,5,-1,5,6,4,-1,4,6,7,-1,4,7,8,-1,
        ]
    }
}
Shape{
    appearance Appearance {
        material  Material 	{
            diffuseColor 1.0 1.0 0.0
            specularColor 1.0 1.0 0.0
            ambientIntensity 0.886
            transparency 0.0
            shininess 0.5
        }
    }
    geometry IndexedFaceSet {
        ccw TRUE
        solid FALSE
        coord DEF co Coordinate {
            point [
                -0.3425 0.374 0.0276, -0.2481 0.374 0.0276, -0.3425 0.4212 0.0276, -0.248 0.4212 0.0276
            ]
        }
        coordIndex [
            0,1,2,-1,2,1,3,-1,
        ]
    }
}
Shape{
    appearance Appearance {
        material  Material 	{
            diffuseColor 0.25098039215686274 0.25098039215686274 0.25098039215686274
            specularColor 0.12549019607843137 0.12549019607843137 0.12549019607843137
            ambientIntensity 0.251
            transparency 0.0
            shininess 0.5
        }
    }
    geometry IndexedFaceSet {
        ccw TRUE
        solid FALSE
        coord DEF co Coordinate {
            point [
                -0.3424 0.374 0.0669, -0.3425 0.374 0.0276, -0.3425 0.2001 0.0671, -0.3425 0.2559 0.0276, -0.3424 0.2016 0.0632, -0.3424 0.2413 0.0294, -0.3424 0.2298 0.0337, -0.3424 0.2175 0.0417, -0.3424 0.2088 0.0509
            ]
        }
        coordIndex [
            0,1,2,-1,2,1,3,-1,2,3,4,-1,4,3,5,-1,5,6,4,-1,4,6,7,-1,4,7,8,-1,
        ]
    }
}
Shape{
    appearance Appearance {
        material  Material 	{
            diffuseColor 1.0 1.0 0.0
            specularColor 1.0 1.0 0.0
            ambientIntensity 0.886
            transparency 0.0
            shininess 0.5
        }
    }
    geometry IndexedFaceSet {
        ccw TRUE
        solid FALSE
        coord DEF co Coordinate {
            point [
                -0.248 0.4212 -0.0197, -0.248 0.433 -0.0079, -0.248 0.433 0.0157, -0.248 0.1499 0.0672, -0.248 0.151 0.0623, -0.2481 0.2002 0.067, -0.248 0.158 0.039, -0.2481 0.2069 0.0537, -0.248 0.1704 0.0182, -0.2481 0.2147 0.0443, -0.248 0.1875 0.0011, -0.2481 0.2264 0.0354, -0.248 0.2083 -0.0113, -0.2481 0.2379 0.0303, -0.248 0.2315 -0.0183, -0.2481 0.2517 0.0277, -0.248 0.248 -0.0197, -0.248 0.4212 0.0276, -0.2481 0.374 0.0276, -0.2481 0.2559 0.0276, -0.248 0.1496 0.0787, -0.3425 0.1496 0.0787, -0.3425 0.1496 0.0755, -0.3425 0.1499 0.0672, -0.3425 0.151 0.0623, -0.3425 0.158 0.039, -0.3425 0.1704 0.0182, -0.3425 0.1875 0.0011, -0.3425 0.2083 -0.0113, -0.3425 0.2315 -0.0183, -0.3425 0.248 -0.0197, -0.3425 0.2001 0.0671, -0.3424 0.2016 0.0632, -0.3425 0.4212 -0.0197, -0.3425 0.2559 0.0276, -0.3424 0.2413 0.0294, -0.3424 0.2298 0.0337, -0.3424 0.2175 0.0417, -0.3424 0.2088 0.0509, -0.3425 0.433 0.0157, -0.3425 0.433 -0.0079, -0.3425 0.4212 0.0276, -0.3425 0.374 0.0276
            ]
        }
        coordIndex [
            0,1,2,-1,3,4,5,-1,5,4,6,-1,5,6,7,-1,7,6,8,-1,7,8,9,-1,9,8,10,-1,9,10,11,-1,11,10,12,-1,11,12,13,-1,13,12,14,-1,13,14,15,-1,15,14,16,-1,2,17,0,-1,0,17,18,-1,0,18,16,-1,16,18,19,-1,16,19,15,-1,20,21,22,-1,20,22,3,-1,3,22,23,-1,3,23,4,-1,23,24,4,-1,4,24,25,-1,4,25,6,-1,6,25,26,-1,6,26,8,-1,8,26,27,-1,8,27,10,-1,10,27,28,-1,10,28,12,-1,12,28,29,-1,12,29,14,-1,14,29,30,-1,14,30,16,-1,23,31,24,-1,24,31,32,-1,33,30,34,-1,34,30,35,-1,35,30,29,-1,35,29,36,-1,36,29,28,-1,36,28,37,-1,37,28,27,-1,37,27,38,-1,38,27,26,-1,38,26,32,-1,32,26,25,-1,32,25,24,-1,39,40,41,-1,41,40,33,-1,41,33,42,-1,42,33,34,-1,
        ]
    }
}
Shape{
    appearance Appearance {
        material  Material 	{
            diffuseColor 0.25098039215686274 0.25098039215686274 0.25098039215686274
            specularColor 0.12549019607843137 0.12549019607843137 0.12549019607843137
            ambientIntensity 0.251
            transparency 0.0
            shininess 0.5
        }
    }
    geometry IndexedFaceSet {
        ccw TRUE
        solid FALSE
        coord DEF co Coordinate {
            point [
                0.1456 0.374 0.0276, 0.1456 0.374 0.0669, 0.1456 0.2559 0.0276, 0.1456 0.2002 0.067, 0.1456 0.2517 0.0277, 0.1456 0.2069 0.0537, 0.1456 0.2147 0.0443, 0.1456 0.2264 0.0354, 0.1456 0.2379 0.0303
            ]
        }
        coordIndex [
            0,1,2,-1,2,1,3,-1,2,3,4,-1,4,3,5,-1,5,6,4,-1,4,6,7,-1,4,7,8,-1,
        ]
    }
}
Shape{
    appearance Appearance {
        material  Material 	{
            diffuseColor 1.0 1.0 0.0
            specularColor 1.0 1.0 0.0
            ambientIntensity 0.886
            transparency 0.0
            shininess 0.5
        }
    }
    geometry IndexedFaceSet {
        ccw TRUE
        solid FALSE
        coord DEF co Coordinate {
            point [
                0.0512 0.374 0.0276, 0.1456 0.374 0.0276, 0.0512 0.4212 0.0276, 0.1457 0.4212 0.0276
            ]
        }
        coordIndex [
            0,1,2,-1,2,1,3,-1,
        ]
    }
}
Shape{
    appearance Appearance {
        material  Material 	{
            diffuseColor 0.25098039215686274 0.25098039215686274 0.25098039215686274
            specularColor 0.12549019607843137 0.12549019607843137 0.12549019607843137
            ambientIntensity 0.251
            transparency 0.0
            shininess 0.5
        }
    }
    geometry IndexedFaceSet {
        ccw TRUE
        solid FALSE
        coord DEF co Coordinate {
            point [
                0.0513 0.374 0.0669, 0.0512 0.374 0.0276, 0.0512 0.2001 0.0672, 0.0512 0.2559 0.0276, 0.0513 0.2016 0.0632, 0.0513 0.2413 0.0294, 0.0513 0.2298 0.0337, 0.0513 0.2175 0.0417, 0.0513 0.2088 0.0509
            ]
        }
        coordIndex [
            0,1,2,-1,2,1,3,-1,2,3,4,-1,4,3,5,-1,5,6,4,-1,4,6,7,-1,4,7,8,-1,
        ]
    }
}
Shape{
    appearance Appearance {
        material  Material 	{
            diffuseColor 1.0 1.0 0.0
            specularColor 1.0 1.0 0.0
            ambientIntensity 0.886
            transparency 0.0
            shininess 0.5
        }
    }
    geometry IndexedFaceSet {
        ccw TRUE
        solid FALSE
        coord DEF co Coordinate {
            point [
                0.1456 0.2002 0.067, 0.1457 0.1499 0.0672, 0.1457 0.1512 0.0623, 0.1457 0.248 -0.0197, 0.1456 0.2517 0.0277, 0.1457 0.2397 -0.0194, 0.1456 0.2379 0.0303, 0.1457 0.2316 -0.0178, 0.1457 0.4212 -0.0197, 0.1457 0.433 -0.0079, 0.1457 0.433 0.0157, 0.1456 0.2264 0.0354, 0.1457 0.2085 -0.0109, 0.1457 0.2176 -0.0151, 0.1457 0.1556 0.0445, 0.1457 0.1583 0.0392, 0.1456 0.2069 0.0537, 0.1457 0.4212 0.0276, 0.1456 0.374 0.0276, 0.1456 0.2559 0.0276, 0.1456 0.2147 0.0443, 0.1457 0.1878 0.0015, 0.1457 0.1971 -0.0057, 0.1457 0.1658 0.0244, 0.1457 0.1708 0.0186, 0.1457 0.1807 0.007, 0.0512 0.248 -0.0197, 0.0512 0.2315 -0.0183, 0.1457 0.1496 0.0787, 0.0512 0.1496 0.0787, 0.0512 0.1499 0.0672, 0.0512 0.151 0.0623, 0.0512 0.158 0.039, 0.0512 0.1704 0.0182, 0.0512 0.1875 0.0011, 0.0512 0.2083 -0.0113, 0.0512 0.433 0.0157, 0.0512 0.433 -0.0079, 0.0512 0.4212 -0.0197, 0.0512 0.2001 0.0672, 0.0513 0.2016 0.0632, 0.0512 0.4212 0.0276, 0.0512 0.374 0.0276, 0.0512 0.2559 0.0276, 0.0513 0.2413 0.0294, 0.0513 0.2298 0.0337, 0.0513 0.2175 0.0417, 0.0513 0.2088 0.0509
            ]
        }
        coordIndex [
            0,1,2,-1,3,4,5,-1,5,4,6,-1,5,6,7,-1,8,9,10,-1,11,12,6,-1,6,12,13,-1,6,13,7,-1,2,14,0,-1,0,14,15,-1,0,15,16,-1,10,17,8,-1,8,17,18,-1,8,18,3,-1,3,18,19,-1,3,19,4,-1,20,21,11,-1,11,21,22,-1,11,22,12,-1,15,23,16,-1,16,23,24,-1,16,24,20,-1,20,24,25,-1,20,25,21,-1,3,5,26,-1,26,5,27,-1,28,29,1,-1,1,29,30,-1,1,30,2,-1,2,30,31,-1,2,31,14,-1,14,31,32,-1,33,23,32,-1,32,23,15,-1,32,15,14,-1,34,25,33,-1,33,25,24,-1,33,24,23,-1,35,22,34,-1,34,22,21,-1,34,21,25,-1,5,7,27,-1,27,7,13,-1,27,13,35,-1,35,13,12,-1,35,12,22,-1,36,37,38,-1,30,39,31,-1,31,39,40,-1,41,36,42,-1,42,36,38,-1,42,38,43,-1,43,38,26,-1,43,26,44,-1,44,26,27,-1,44,27,45,-1,45,27,35,-1,45,35,46,-1,46,35,34,-1,46,34,47,-1,47,34,33,-1,47,33,40,-1,40,33,32,-1,40,32,31,-1,
        ]
    }
}
Shape{
    appearance Appearance {
        material  Material 	{
            diffuseColor 0.25098039215686274 0.25098039215686274 0.25098039215686274
            specularColor 0.12549019607843137 0.12549019607843137 0.12549019607843137
            ambientIntensity 0.251
            transparency 0.0
            shininess 0.5
        }
    }
    geometry IndexedFaceSet {
        ccw TRUE
        solid FALSE
        coord DEF co Coordinate {
            point [
                0.5472 0.374 0.0276, 0.5471 0.374 0.0669, 0.5472 0.2559 0.0276, 0.5472 0.2001 0.0671, 0.5471 0.2514 0.0277, 0.5471 0.2056 0.0553, 0.5471 0.214 0.0449, 0.5471 0.2273 0.0348, 0.5471 0.2378 0.0302
            ]
        }
        coordIndex [
            0,1,2,-1,2,1,3,-1,2,3,4,-1,3,5,6,-1,6,7,3,-1,3,7,8,-1,3,8,4,-1,
        ]
    }
}
Shape{
    appearance Appearance {
        material  Material 	{
            diffuseColor 1.0 1.0 0.0
            specularColor 1.0 1.0 0.0
            ambientIntensity 0.886
            transparency 0.0
            shininess 0.5
        }
    }
    geometry IndexedFaceSet {
        ccw TRUE
        solid FALSE
        coord DEF co Coordinate {
            point [
                0.437 0.4212 0.0276, 0.4371 0.374 0.0276, 0.5472 0.4212 0.0276, 0.5472 0.374 0.0276
            ]
        }
        coordIndex [
            0,1,2,-1,2,1,3,-1,
        ]
    }
}
Shape{
    appearance Appearance {
        material  Material 	{
            diffuseColor 0.25098039215686274 0.25098039215686274 0.25098039215686274
            specularColor 0.12549019607843137 0.12549019607843137 0.12549019607843137
            ambientIntensity 0.251
            transparency 0.0
            shininess 0.5
        }
    }
    geometry IndexedFaceSet {
        ccw TRUE
        solid FALSE
        coord DEF co Coordinate {
            point [
                0.4371 0.374 0.0669, 0.4371 0.374 0.0276, 0.4371 0.2001 0.0671, 0.4371 0.2559 0.0276, 0.4371 0.2177 0.0414, 0.4371 0.2295 0.0336, 0.4371 0.2405 0.0295, 0.4371 0.2084 0.0512, 0.4371 0.2018 0.0625
            ]
        }
        coordIndex [
            0,1,2,-1,2,1,3,-1,4,3,5,-1,5,3,6,-1,4,7,3,-1,3,7,8,-1,3,8,2,-1,
        ]
    }
}
Shape{
    appearance Appearance {
        material  Material 	{
            diffuseColor 1.0 1.0 0.0
            specularColor 1.0 1.0 0.0
            ambientIntensity 0.886
            transparency 0.0
            shininess 0.5
        }
    }
    geometry IndexedFaceSet {
        ccw TRUE
        solid FALSE
        coord DEF co Coordinate {
            point [
                0.5472 0.2001 0.0671, 0.5472 0.15 0.067, 0.5472 0.1512 0.0623, 0.5472 0.1557 0.0443, 0.5472 0.1583 0.0392, 0.5471 0.2056 0.0553, 0.5472 0.2177 -0.0152, 0.5471 0.2378 0.0302, 0.5472 0.2085 -0.0109, 0.5471 0.2273 0.0348, 0.5471 0.214 0.0449, 0.5472 0.1878 0.0015, 0.5472 0.1972 -0.0057, 0.5472 0.1659 0.0243, 0.5472 0.1708 0.0186, 0.5472 0.1808 0.0068, 0.5472 0.248 -0.0197, 0.5471 0.2514 0.0277, 0.5472 0.2398 -0.0194, 0.5472 0.2316 -0.0178, 0.5472 0.4212 -0.0197, 0.5472 0.374 0.0276, 0.5472 0.2559 0.0276, 0.5472 0.433 -0.0079, 0.5472 0.433 0.0157, 0.5472 0.4212 0.0276, 0.5472 0.1496 0.0787, 0.437 0.1496 0.0787, 0.437 0.1499 0.0671, 0.437 0.151 0.0623, 0.437 0.158 0.039, 0.437 0.248 -0.0197, 0.437 0.2315 -0.0183, 0.437 0.1704 0.0182, 0.437 0.1875 0.0011, 0.437 0.2083 -0.0113, 0.437 0.433 0.0157, 0.437 0.433 -0.0079, 0.437 0.4212 -0.0197, 0.4371 0.2001 0.0671, 0.4371 0.2018 0.0625, 0.437 0.4212 0.0276, 0.4371 0.374 0.0276, 0.4371 0.2559 0.0276, 0.4371 0.2405 0.0295, 0.4371 0.2295 0.0336, 0.4371 0.2177 0.0414, 0.4371 0.2084 0.0512
            ]
        }
        coordIndex [
            0,1,2,-1,2,3,0,-1,0,3,4,-1,0,4,5,-1,6,7,8,-1,8,7,9,-1,10,11,9,-1,9,11,12,-1,9,12,8,-1,4,13,5,-1,5,13,14,-1,5,14,10,-1,10,14,15,-1,10,15,11,-1,16,17,18,-1,18,17,7,-1,18,7,19,-1,19,7,6,-1,20,21,16,-1,16,21,22,-1,16,22,17,-1,20,23,21,-1,21,23,24,-1,21,24,25,-1,26,27,1,-1,1,27,28,-1,1,28,2,-1,2,28,29,-1,2,29,3,-1,3,29,30,-1,31,16,18,-1,31,18,32,-1,33,13,30,-1,30,13,4,-1,30,4,3,-1,34,15,33,-1,33,15,14,-1,33,14,13,-1,35,12,34,-1,34,12,11,-1,34,11,15,-1,18,19,32,-1,32,19,6,-1,32,6,35,-1,35,6,8,-1,35,8,12,-1,36,37,38,-1,28,39,29,-1,29,39,40,-1,41,36,42,-1,42,36,38,-1,42,38,43,-1,43,38,31,-1,43,31,44,-1,44,31,32,-1,44,32,45,-1,45,32,35,-1,45,35,46,-1,46,35,34,-1,46,34,47,-1,47,34,33,-1,47,33,40,-1,40,33,30,-1,40,30,29,-1,
        ]
    }
}
Shape{
    appearance Appearance {
        material  Material 	{
            diffuseColor 0.25098039215686274 0.25098039215686274 0.25098039215686274
            specularColor 0.12549019607843137 0.12549019607843137 0.12549019607843137
            ambientIntensity 0.251
            transparency 0.0
            shininess 0.5
        }
    }
    geometry IndexedFaceSet {
        ccw TRUE
        solid FALSE
        coord DEF co Coordinate {
            point [
                -0.3425 -0.374 0.0276, -0.3424 -0.374 0.0669, -0.3425 -0.2559 0.0276, -0.3425 -0.2002 0.067, -0.3424 -0.2514 0.0277, -0.3424 -0.2068 0.0538, -0.3424 -0.2148 0.0442, -0.3424 -0.2378 0.0302, -0.3424 -0.2265 0.0352
            ]
        }
        coordIndex [
            0,1,2,-1,2,1,3,-1,2,3,4,-1,3,5,4,-1,4,5,6,-1,4,6,7,-1,7,6,8,-1,
        ]
    }
}
Shape{
    appearance Appearance {
        material  Material 	{
            diffuseColor 1.0 1.0 0.0
            specularColor 1.0 1.0 0.0
            ambientIntensity 0.886
            transparency 0.0
            shininess 0.5
        }
    }
    geometry IndexedFaceSet {
        ccw TRUE
        solid FALSE
        coord DEF co Coordinate {
            point [
                -0.2481 -0.374 0.0276, -0.3425 -0.374 0.0276, -0.248 -0.4212 0.0276, -0.3425 -0.4212 0.0276
            ]
        }
        coordIndex [
            0,1,2,-1,2,1,3,-1,
        ]
    }
}
Shape{
    appearance Appearance {
        material  Material 	{
            diffuseColor 0.25098039215686274 0.25098039215686274 0.25098039215686274
            specularColor 0.12549019607843137 0.12549019607843137 0.12549019607843137
            ambientIntensity 0.251
            transparency 0.0
            shininess 0.5
        }
    }
    geometry IndexedFaceSet {
        ccw TRUE
        solid FALSE
        coord DEF co Coordinate {
            point [
                -0.2481 -0.374 0.0669, -0.2481 -0.374 0.0276, -0.2481 -0.2001 0.0671, -0.2481 -0.2559 0.0276, -0.2481 -0.2016 0.0632, -0.2481 -0.2413 0.0294, -0.2481 -0.2298 0.0337, -0.2481 -0.2175 0.0417, -0.2481 -0.2088 0.0509
            ]
        }
        coordIndex [
            0,1,2,-1,2,1,3,-1,2,3,4,-1,4,3,5,-1,5,6,4,-1,4,6,7,-1,4,7,8,-1,
        ]
    }
}
Shape{
    appearance Appearance {
        material  Material 	{
            diffuseColor 1.0 1.0 0.0
            specularColor 1.0 1.0 0.0
            ambientIntensity 0.886
            transparency 0.0
            shininess 0.5
        }
    }
    geometry IndexedFaceSet {
        ccw TRUE
        solid FALSE
        coord DEF co Coordinate {
            point [
                -0.3425 -0.2176 -0.0151, -0.3424 -0.2378 0.0302, -0.3425 -0.2085 -0.0109, -0.3424 -0.2265 0.0352, -0.3425 -0.2002 0.067, -0.3425 -0.1499 0.0672, -0.3425 -0.1512 0.0623, -0.3425 -0.248 -0.0197, -0.3424 -0.2514 0.0277, -0.3425 -0.2397 -0.0194, -0.3425 -0.2316 -0.0178, -0.3424 -0.2148 0.0442, -0.3425 -0.1878 0.0015, -0.3425 -0.1971 -0.0057, -0.3424 -0.2068 0.0538, -0.3425 -0.1708 0.0186, -0.3425 -0.1807 0.007, -0.3425 -0.1556 0.0445, -0.3425 -0.1583 0.0392, -0.3425 -0.1658 0.0244, -0.3425 -0.4212 -0.0197, -0.3425 -0.433 -0.0079, -0.3425 -0.433 0.0157, -0.3425 -0.4212 0.0276, -0.3425 -0.374 0.0276, -0.3425 -0.2559 0.0276, -0.248 -0.248 -0.0197, -0.248 -0.2315 -0.0183, -0.248 -0.158 0.039, -0.248 -0.151 0.0623, -0.248 -0.1499 0.0672, -0.248 -0.1496 0.0755, -0.3425 -0.1496 0.0787, -0.248 -0.1496 0.0787, -0.248 -0.1704 0.0182, -0.248 -0.1875 0.0011, -0.248 -0.2083 -0.0113, -0.248 -0.433 0.0157, -0.248 -0.433 -0.0079, -0.248 -0.4212 -0.0197, -0.2481 -0.2001 0.0671, -0.2481 -0.2016 0.0632, -0.248 -0.4212 0.0276, -0.2481 -0.374 0.0276, -0.2481 -0.2559 0.0276, -0.2481 -0.2413 0.0294, -0.2481 -0.2298 0.0337, -0.2481 -0.2175 0.0417, -0.2481 -0.2088 0.0509
            ]
        }
        coordIndex [
            0,1,2,-1,2,1,3,-1,4,5,6,-1,7,8,9,-1,9,8,1,-1,9,1,10,-1,10,1,0,-1,11,12,3,-1,3,12,13,-1,3,13,2,-1,14,15,11,-1,11,15,16,-1,11,16,12,-1,6,17,4,-1,4,17,18,-1,4,18,14,-1,14,18,19,-1,14,19,15,-1,20,21,22,-1,22,23,20,-1,20,23,24,-1,20,24,7,-1,7,24,25,-1,7,25,8,-1,7,9,26,-1,26,9,27,-1,28,17,29,-1,29,17,6,-1,29,6,30,-1,30,6,5,-1,30,5,31,-1,31,5,32,-1,31,32,33,-1,34,19,28,-1,28,19,18,-1,28,18,17,-1,35,16,34,-1,34,16,15,-1,34,15,19,-1,36,13,35,-1,35,13,12,-1,35,12,16,-1,9,10,27,-1,27,10,0,-1,27,0,36,-1,36,0,2,-1,36,2,13,-1,37,38,39,-1,30,40,29,-1,29,40,41,-1,42,37,43,-1,43,37,39,-1,43,39,44,-1,44,39,26,-1,44,26,45,-1,45,26,27,-1,45,27,46,-1,46,27,36,-1,46,36,47,-1,47,36,35,-1,47,35,48,-1,48,35,34,-1,48,34,41,-1,41,34,28,-1,41,28,29,-1,
        ]
    }
}
Shape{
    appearance Appearance {
        material  Material 	{
            diffuseColor 0.25098039215686274 0.25098039215686274 0.25098039215686274
            specularColor 0.12549019607843137 0.12549019607843137 0.12549019607843137
            ambientIntensity 0.251
            transparency 0.0
            shininess 0.5
        }
    }
    geometry IndexedFaceSet {
        ccw TRUE
        solid FALSE
        coord DEF co Coordinate {
            point [
                -0.1456 -0.374 0.0276, -0.1456 -0.374 0.0669, -0.1456 -0.2559 0.0276, -0.1456 -0.2002 0.067, -0.1456 -0.2517 0.0277, -0.1456 -0.2069 0.0537, -0.1456 -0.2147 0.0443, -0.1456 -0.2264 0.0354, -0.1456 -0.2379 0.0303
            ]
        }
        coordIndex [
            0,1,2,-1,2,1,3,-1,2,3,4,-1,4,3,5,-1,5,6,4,-1,4,6,7,-1,4,7,8,-1,
        ]
    }
}
Shape{
    appearance Appearance {
        material  Material 	{
            diffuseColor 1.0 1.0 0.0
            specularColor 1.0 1.0 0.0
            ambientIntensity 0.886
            transparency 0.0
            shininess 0.5
        }
    }
    geometry IndexedFaceSet {
        ccw TRUE
        solid FALSE
        coord DEF co Coordinate {
            point [
                -0.0512 -0.374 0.0276, -0.1456 -0.374 0.0276, -0.0512 -0.4212 0.0276, -0.1457 -0.4212 0.0276
            ]
        }
        coordIndex [
            0,1,2,-1,2,1,3,-1,
        ]
    }
}
Shape{
    appearance Appearance {
        material  Material 	{
            diffuseColor 0.25098039215686274 0.25098039215686274 0.25098039215686274
            specularColor 0.12549019607843137 0.12549019607843137 0.12549019607843137
            ambientIntensity 0.251
            transparency 0.0
            shininess 0.5
        }
    }
    geometry IndexedFaceSet {
        ccw TRUE
        solid FALSE
        coord DEF co Coordinate {
            point [
                -0.0513 -0.374 0.0669, -0.0512 -0.374 0.0276, -0.0512 -0.2001 0.0672, -0.0512 -0.2559 0.0276, -0.0513 -0.2015 0.0634, -0.0513 -0.2412 0.0294, -0.0513 -0.2296 0.0337, -0.0513 -0.2173 0.0419, -0.0513 -0.2083 0.0513
            ]
        }
        coordIndex [
            0,1,2,-1,2,1,3,-1,2,3,4,-1,4,3,5,-1,5,6,4,-1,4,6,7,-1,4,7,8,-1,
        ]
    }
}
Shape{
    appearance Appearance {
        material  Material 	{
            diffuseColor 1.0 1.0 0.0
            specularColor 1.0 1.0 0.0
            ambientIntensity 0.886
            transparency 0.0
            shininess 0.5
        }
    }
    geometry IndexedFaceSet {
        ccw TRUE
        solid FALSE
        coord DEF co Coordinate {
            point [
                -0.1456 -0.2002 0.067, -0.1457 -0.1499 0.0672, -0.1457 -0.1512 0.0623, -0.1457 -0.248 -0.0197, -0.1456 -0.2517 0.0277, -0.1457 -0.2397 -0.0194, -0.1456 -0.2379 0.0303, -0.1457 -0.2316 -0.0178, -0.1457 -0.4212 -0.0197, -0.1457 -0.433 -0.0079, -0.1457 -0.433 0.0157, -0.1456 -0.2264 0.0354, -0.1457 -0.2085 -0.0109, -0.1457 -0.2176 -0.0151, -0.1457 -0.1556 0.0445, -0.1457 -0.1583 0.0392, -0.1456 -0.2069 0.0537, -0.1457 -0.4212 0.0276, -0.1456 -0.374 0.0276, -0.1456 -0.2559 0.0276, -0.1456 -0.2147 0.0443, -0.1457 -0.1878 0.0015, -0.1457 -0.1971 -0.0057, -0.1457 -0.1658 0.0244, -0.1457 -0.1708 0.0186, -0.1457 -0.1807 0.007, -0.0512 -0.248 -0.0197, -0.0512 -0.2315 -0.0183, -0.1457 -0.1496 0.0787, -0.0512 -0.1496 0.0787, -0.0512 -0.1499 0.0672, -0.0512 -0.151 0.0623, -0.0512 -0.158 0.039, -0.0512 -0.1704 0.0182, -0.0512 -0.1875 0.0011, -0.0512 -0.2083 -0.0113, -0.0512 -0.433 0.0157, -0.0512 -0.433 -0.0079, -0.0512 -0.4212 -0.0197, -0.0512 -0.2001 0.0672, -0.0513 -0.2015 0.0634, -0.0512 -0.4212 0.0276, -0.0512 -0.374 0.0276, -0.0512 -0.2559 0.0276, -0.0513 -0.2412 0.0294, -0.0513 -0.2296 0.0337, -0.0513 -0.2173 0.0419, -0.0513 -0.2083 0.0513
            ]
        }
        coordIndex [
            0,1,2,-1,3,4,5,-1,5,4,6,-1,5,6,7,-1,8,9,10,-1,11,12,6,-1,6,12,13,-1,6,13,7,-1,2,14,0,-1,0,14,15,-1,0,15,16,-1,10,17,8,-1,8,17,18,-1,8,18,3,-1,3,18,19,-1,3,19,4,-1,20,21,11,-1,11,21,22,-1,11,22,12,-1,15,23,16,-1,16,23,24,-1,16,24,20,-1,20,24,25,-1,20,25,21,-1,3,5,26,-1,26,5,27,-1,28,29,1,-1,1,29,30,-1,1,30,2,-1,2,30,31,-1,2,31,14,-1,14,31,32,-1,33,23,32,-1,32,23,15,-1,32,15,14,-1,34,25,33,-1,33,25,24,-1,33,24,23,-1,35,22,34,-1,34,22,21,-1,34,21,25,-1,5,7,27,-1,27,7,13,-1,27,13,35,-1,35,13,12,-1,35,12,22,-1,36,37,38,-1,30,39,31,-1,31,39,40,-1,41,36,42,-1,42,36,38,-1,42,38,43,-1,43,38,26,-1,43,26,44,-1,44,26,27,-1,44,27,45,-1,45,27,35,-1,45,35,46,-1,46,35,34,-1,46,34,47,-1,47,34,33,-1,47,33,40,-1,40,33,32,-1,40,32,31,-1,
        ]
    }
}
Shape{
    appearance Appearance {
        material  Material 	{
            diffuseColor 0.25098039215686274 0.25098039215686274 0.25098039215686274
            specularColor 0.12549019607843137 0.12549019607843137 0.12549019607843137
            ambientIntensity 0.251
            transparency 0.0
            shininess 0.5
        }
    }
    geometry IndexedFaceSet {
        ccw TRUE
        solid FALSE
        coord DEF co Coordinate {
            point [
                0.0512 -0.374 0.0276, 0.0513 -0.374 0.0669, 0.0512 -0.2559 0.0276, 0.0512 -0.2002 0.067, 0.0513 -0.2517 0.0277, 0.0513 -0.2069 0.0537, 0.0513 -0.2147 0.0443, 0.0513 -0.2264 0.0354, 0.0513 -0.2379 0.0303
            ]
        }
        coordIndex [
            0,1,2,-1,2,1,3,-1,2,3,4,-1,4,3,5,-1,5,6,4,-1,4,6,7,-1,4,7,8,-1,
        ]
    }
}
Shape{
    appearance Appearance {
        material  Material 	{
            diffuseColor 1.0 1.0 0.0
            specularColor 1.0 1.0 0.0
            ambientIntensity 0.886
            transparency 0.0
            shininess 0.5
        }
    }
    geometry IndexedFaceSet {
        ccw TRUE
        solid FALSE
        coord DEF co Coordinate {
            point [
                0.1456 -0.374 0.0276, 0.0512 -0.374 0.0276, 0.1457 -0.4212 0.0276, 0.0512 -0.4212 0.0276
            ]
        }
        coordIndex [
            0,1,2,-1,2,1,3,-1,
        ]
    }
}
Shape{
    appearance Appearance {
        material  Material 	{
            diffuseColor 0.25098039215686274 0.25098039215686274 0.25098039215686274
            specularColor 0.12549019607843137 0.12549019607843137 0.12549019607843137
            ambientIntensity 0.251
            transparency 0.0
            shininess 0.5
        }
    }
    geometry IndexedFaceSet {
        ccw TRUE
        solid FALSE
        coord DEF co Coordinate {
            point [
                0.1456 -0.374 0.0669, 0.1456 -0.374 0.0276, 0.1456 -0.2001 0.0672, 0.1456 -0.2559 0.0276, 0.1456 -0.2015 0.0634, 0.1456 -0.2412 0.0294, 0.1456 -0.2296 0.0337, 0.1456 -0.2173 0.0419, 0.1456 -0.2083 0.0513
            ]
        }
        coordIndex [
            0,1,2,-1,2,1,3,-1,2,3,4,-1,4,3,5,-1,5,6,4,-1,4,6,7,-1,4,7,8,-1,
        ]
    }
}
Shape{
    appearance Appearance {
        material  Material 	{
            diffuseColor 1.0 1.0 0.0
            specularColor 1.0 1.0 0.0
            ambientIntensity 0.886
            transparency 0.0
            shininess 0.5
        }
    }
    geometry IndexedFaceSet {
        ccw TRUE
        solid FALSE
        coord DEF co Coordinate {
            point [
                0.0512 -0.4212 -0.0197, 0.0512 -0.433 -0.0079, 0.0512 -0.433 0.0157, 0.0512 -0.1499 0.0672, 0.0512 -0.151 0.0623, 0.0512 -0.2002 0.067, 0.0512 -0.158 0.039, 0.0513 -0.2069 0.0537, 0.0512 -0.1704 0.0182, 0.0513 -0.2147 0.0443, 0.0512 -0.1875 0.0011, 0.0513 -0.2264 0.0354, 0.0512 -0.2083 -0.0113, 0.0513 -0.2379 0.0303, 0.0512 -0.2315 -0.0183, 0.0513 -0.2517 0.0277, 0.0512 -0.248 -0.0197, 0.0512 -0.4212 0.0276, 0.0512 -0.374 0.0276, 0.0512 -0.2559 0.0276, 0.1457 -0.1499 0.0672, 0.1457 -0.1496 0.0755, 0.0512 -0.1496 0.0787, 0.1457 -0.1496 0.0787, 0.1457 -0.151 0.0623, 0.1457 -0.158 0.039, 0.1457 -0.1704 0.0182, 0.1457 -0.1875 0.0011, 0.1457 -0.2083 -0.0113, 0.1457 -0.2315 -0.0183, 0.1457 -0.248 -0.0197, 0.1456 -0.2001 0.0672, 0.1456 -0.2015 0.0634, 0.1457 -0.4212 -0.0197, 0.1456 -0.2559 0.0276, 0.1456 -0.2412 0.0294, 0.1456 -0.2296 0.0337, 0.1456 -0.2173 0.0419, 0.1456 -0.2083 0.0513, 0.1457 -0.433 0.0157, 0.1457 -0.433 -0.0079, 0.1457 -0.4212 0.0276, 0.1456 -0.374 0.0276
            ]
        }
        coordIndex [
            0,1,2,-1,3,4,5,-1,5,4,6,-1,5,6,7,-1,7,6,8,-1,7,8,9,-1,9,8,10,-1,9,10,11,-1,11,10,12,-1,11,12,13,-1,13,12,14,-1,13,14,15,-1,15,14,16,-1,2,17,0,-1,0,17,18,-1,0,18,16,-1,16,18,19,-1,16,19,15,-1,4,3,20,-1,20,3,21,-1,21,3,22,-1,21,22,23,-1,20,24,4,-1,4,24,25,-1,4,25,6,-1,6,25,26,-1,6,26,8,-1,8,26,27,-1,8,27,10,-1,10,27,28,-1,10,28,12,-1,12,28,29,-1,12,29,14,-1,14,29,30,-1,14,30,16,-1,20,31,24,-1,24,31,32,-1,33,30,34,-1,34,30,35,-1,35,30,29,-1,35,29,36,-1,36,29,28,-1,36,28,37,-1,37,28,27,-1,37,27,38,-1,38,27,26,-1,38,26,32,-1,32,26,25,-1,32,25,24,-1,39,40,41,-1,41,40,33,-1,41,33,42,-1,42,33,34,-1,
        ]
    }
}
Shape{
    appearance Appearance {
        material  Material 	{
            diffuseColor 0.25098039215686274 0.25098039215686274 0.25098039215686274
            specularColor 0.12549019607843137 0.12549019607843137 0.12549019607843137
            ambientIntensity 0.251
            transparency 0.0
            shininess 0.5
        }
    }
    geometry IndexedFaceSet {
        ccw TRUE
        solid FALSE
        coord DEF co Coordinate {
            point [
                0.2481 -0.374 0.0276, 0.2481 -0.374 0.0669, 0.2481 -0.2559 0.0276, 0.2481 -0.2002 0.067, 0.2481 -0.2514 0.0277, 0.2481 -0.2068 0.0538, 0.2481 -0.2148 0.0442, 0.2481 -0.2378 0.0302, 0.2481 -0.2265 0.0352
            ]
        }
        coordIndex [
            0,1,2,-1,2,1,3,-1,2,3,4,-1,3,5,4,-1,4,5,6,-1,4,6,7,-1,7,6,8,-1,
        ]
    }
}
Shape{
    appearance Appearance {
        material  Material 	{
            diffuseColor 1.0 1.0 0.0
            specularColor 1.0 1.0 0.0
            ambientIntensity 0.886
            transparency 0.0
            shininess 0.5
        }
    }
    geometry IndexedFaceSet {
        ccw TRUE
        solid FALSE
        coord DEF co Coordinate {
            point [
                0.3425 -0.374 0.0276, 0.2481 -0.374 0.0276, 0.3425 -0.4212 0.0276, 0.248 -0.4212 0.0276
            ]
        }
        coordIndex [
            0,1,2,-1,2,1,3,-1,
        ]
    }
}
Shape{
    appearance Appearance {
        material  Material 	{
            diffuseColor 0.25098039215686274 0.25098039215686274 0.25098039215686274
            specularColor 0.12549019607843137 0.12549019607843137 0.12549019607843137
            ambientIntensity 0.251
            transparency 0.0
            shininess 0.5
        }
    }
    geometry IndexedFaceSet {
        ccw TRUE
        solid FALSE
        coord DEF co Coordinate {
            point [
                0.3424 -0.374 0.0669, 0.3425 -0.374 0.0276, 0.3425 -0.2001 0.0671, 0.3425 -0.2559 0.0276, 0.3424 -0.2015 0.0633, 0.3424 -0.2412 0.0294, 0.3424 -0.2296 0.0337, 0.3424 -0.2173 0.0418, 0.3424 -0.2084 0.0512
            ]
        }
        coordIndex [
            0,1,2,-1,2,1,3,-1,2,3,4,-1,4,3,5,-1,5,6,4,-1,4,6,7,-1,4,7,8,-1,
        ]
    }
}
Shape{
    appearance Appearance {
        material  Material 	{
            diffuseColor 1.0 1.0 0.0
            specularColor 1.0 1.0 0.0
            ambientIntensity 0.886
            transparency 0.0
            shininess 0.5
        }
    }
    geometry IndexedFaceSet {
        ccw TRUE
        solid FALSE
        coord DEF co Coordinate {
            point [
                0.248 -0.248 -0.0197, 0.2481 -0.2514 0.0277, 0.248 -0.2315 -0.0183, 0.2481 -0.2378 0.0302, 0.248 -0.2083 -0.0113, 0.2481 -0.2265 0.0352, 0.248 -0.1875 0.0011, 0.2481 -0.2148 0.0442, 0.248 -0.1704 0.0182, 0.2481 -0.2068 0.0538, 0.248 -0.158 0.039, 0.2481 -0.2002 0.067, 0.248 -0.151 0.0623, 0.248 -0.1499 0.0672, 0.248 -0.4212 -0.0197, 0.248 -0.433 -0.0079, 0.248 -0.433 0.0157, 0.248 -0.4212 0.0276, 0.2481 -0.374 0.0276, 0.2481 -0.2559 0.0276, 0.248 -0.1496 0.0787, 0.3425 -0.1496 0.0787, 0.3425 -0.1496 0.0755, 0.3425 -0.1499 0.0672, 0.3425 -0.151 0.0623, 0.3425 -0.158 0.039, 0.3425 -0.1704 0.0182, 0.3425 -0.1875 0.0011, 0.3425 -0.2083 -0.0113, 0.3425 -0.2315 -0.0183, 0.3425 -0.248 -0.0197, 0.3425 -0.2001 0.0671, 0.3424 -0.2015 0.0633, 0.3425 -0.4212 -0.0197, 0.3425 -0.2559 0.0276, 0.3424 -0.2412 0.0294, 0.3424 -0.2296 0.0337, 0.3424 -0.2173 0.0418, 0.3424 -0.2084 0.0512, 0.3425 -0.433 0.0157, 0.3425 -0.433 -0.0079, 0.3425 -0.4212 0.0276, 0.3425 -0.374 0.0276
            ]
        }
        coordIndex [
            0,1,2,-1,2,1,3,-1,2,3,4,-1,4,3,5,-1,4,5,6,-1,6,5,7,-1,6,7,8,-1,8,7,9,-1,8,9,10,-1,10,9,11,-1,10,11,12,-1,12,11,13,-1,14,15,16,-1,16,17,14,-1,14,17,18,-1,14,18,0,-1,0,18,19,-1,0,19,1,-1,20,21,22,-1,20,22,13,-1,13,22,23,-1,13,23,12,-1,23,24,12,-1,12,24,25,-1,12,25,10,-1,10,25,26,-1,10,26,8,-1,8,26,27,-1,8,27,6,-1,6,27,28,-1,6,28,4,-1,4,28,29,-1,4,29,2,-1,2,29,30,-1,2,30,0,-1,23,31,24,-1,24,31,32,-1,33,30,34,-1,34,30,35,-1,35,30,29,-1,35,29,36,-1,36,29,28,-1,36,28,37,-1,37,28,27,-1,37,27,38,-1,38,27,26,-1,38,26,32,-1,32,26,25,-1,32,25,24,-1,39,40,41,-1,41,40,33,-1,41,33,42,-1,42,33,34,-1,
        ]
    }
}
Shape{
    appearance Appearance {
        material  Material 	{
            diffuseColor 0.25098039215686274 0.25098039215686274 0.25098039215686274
            specularColor 0.12549019607843137 0.12549019607843137 0.12549019607843137
            ambientIntensity 0.251
            transparency 0.0
            shininess 0.5
        }
    }
    geometry IndexedFaceSet {
        ccw TRUE
        solid FALSE
        coord DEF co Coordinate {
            point [
                -1.0277 -0.374 0.0669, -1.0276 -0.374 0.0276, -1.0276 -0.2001 0.0671, -1.0276 -0.256 0.0276, -1.0277 -0.2177 0.0415, -1.0277 -0.2298 0.0335, -1.0277 -0.2408 0.0294, -1.0277 -0.2086 0.051, -1.0277 -0.2015 0.0634
            ]
        }
        coordIndex [
            0,1,2,-1,2,1,3,-1,4,3,5,-1,5,3,6,-1,4,7,3,-1,3,7,8,-1,3,8,2,-1,
        ]
    }
}
Shape{
    appearance Appearance {
        material  Material 	{
            diffuseColor 1.0 1.0 0.0
            specularColor 1.0 1.0 0.0
            ambientIntensity 0.886
            transparency 0.0
            shininess 0.5
        }
    }
    geometry IndexedFaceSet {
        ccw TRUE
        solid FALSE
        coord DEF co Coordinate {
            point [
                -1.0277 -0.2015 0.0634, -1.0277 -0.2086 0.051, -1.0276 -0.1659 0.0245, -1.0276 -0.2178 -0.0149, -1.0277 -0.2298 0.0335, -1.0277 -0.2408 0.0294, -1.0276 -0.4213 -0.0197, -1.0276 -0.248 -0.0197, -1.0276 -0.256 0.0276, -1.0276 -0.2403 -0.0194, -1.0276 -0.2316 -0.0177, -1.0276 -0.1581 0.0399, -1.0276 -0.1556 0.0449, -1.0276 -0.2001 0.0671, -1.0276 -0.151 0.0631, -1.0276 -0.15 0.0671, -1.0276 -0.2084 -0.0106, -1.0276 -0.197 -0.0054, -1.0277 -0.2177 0.0415, -1.0276 -0.1875 0.0018, -1.0276 -0.1806 0.007, -1.0276 -0.1705 0.019, -1.0276 -0.4331 0.0157, -1.0276 -0.4331 -0.0079, -1.0276 -0.4213 0.0276, -1.0276 -0.374 0.0276
            ]
        }
        coordIndex [
            0,1,2,-1,3,4,5,-1,6,7,8,-1,8,7,9,-1,8,9,5,-1,5,9,10,-1,5,10,3,-1,2,11,0,-1,0,11,12,-1,0,12,13,-1,13,12,14,-1,13,14,15,-1,3,16,4,-1,4,16,17,-1,4,17,18,-1,17,19,18,-1,18,19,20,-1,18,20,1,-1,1,20,21,-1,1,21,2,-1,22,23,24,-1,24,23,6,-1,24,6,25,-1,25,6,8,-1,
        ]
    }
}
Shape{
    appearance Appearance {
        material  Material 	{
            diffuseColor 0.25098039215686274 0.25098039215686274 0.25098039215686274
            specularColor 0.12549019607843137 0.12549019607843137 0.12549019607843137
            ambientIntensity 0.251
            transparency 0.0
            shininess 0.5
        }
    }
    geometry IndexedFaceSet {
        ccw TRUE
        solid FALSE
        coord DEF co Coordinate {
            point [
                -1.1377 -0.374 0.0276, -1.1377 -0.374 0.0669, -1.1377 -0.256 0.0276, -1.1377 -0.2001 0.0669, -1.1377 -0.2071 0.0532, -1.1377 -0.2166 0.0426, -1.1377 -0.2287 0.0342, -1.1377 -0.2419 0.0292
            ]
        }
        coordIndex [
            0,1,2,-1,2,1,3,-1,2,3,4,-1,4,5,2,-1,2,5,6,-1,2,6,7,-1,
        ]
    }
}
Shape{
    appearance Appearance {
        material  Material 	{
            diffuseColor 0.7529411764705882 0.7529411764705882 0.7529411764705882
            specularColor 0.3764705882352941 0.3764705882352941 0.3764705882352941
            ambientIntensity 0.7529
            transparency 0.0
            shininess 0.5
        }
    }
    geometry IndexedFaceSet {
        ccw TRUE
        solid FALSE
        coord DEF co Coordinate {
            point [
                -1.0276 -0.374 0.0276, -1.1377 -0.374 0.0276, -1.0276 -0.4213 0.0276, -1.1378 -0.4213 0.0276
            ]
        }
        coordIndex [
            0,1,2,-1,2,1,3,-1,
        ]
    }
}
Shape{
    appearance Appearance {
        material  Material 	{
            diffuseColor 1.0 1.0 0.0
            specularColor 1.0 1.0 0.0
            ambientIntensity 0.886
            transparency 0.0
            shininess 0.5
        }
    }
    geometry IndexedFaceSet {
        ccw TRUE
        solid FALSE
        coord DEF co Coordinate {
            point [
                -1.1384 -0.1724 0.0679, -1.1394 -0.1497 0.072, -1.1378 -0.1509 0.0631, -1.1378 -0.1577 0.0397, -1.1378 -0.1701 0.0187, -1.1377 -0.2001 0.0669, -1.1378 -0.4213 -0.0197, -1.1377 -0.374 0.0276, -1.1378 -0.248 -0.0197, -1.1377 -0.256 0.0276, -1.1378 -0.2314 -0.0183, -1.1377 -0.2419 0.0292, -1.1378 -0.2081 -0.0112, -1.1377 -0.2287 0.0342, -1.1378 -0.1872 0.0013, -1.1377 -0.2166 0.0426, -1.1377 -0.2071 0.0532, -1.1378 -0.4331 -0.0079, -1.1378 -0.4331 0.0157, -1.1378 -0.4213 0.0276, -1.0276 -0.15 0.0671, -1.0276 -0.1497 0.0748, -1.0276 -0.1496 0.0765, -1.0276 -0.1496 0.0787, -1.0276 -0.151 0.0631, -1.0276 -0.1556 0.0449, -1.0276 -0.1581 0.0399, -1.0276 -0.1659 0.0245, -1.0276 -0.1705 0.019, -1.0276 -0.1806 0.007, -1.0276 -0.1875 0.0018, -1.0276 -0.197 -0.0054, -1.0276 -0.2084 -0.0106, -1.0276 -0.2178 -0.0149, -1.0276 -0.248 -0.0197, -1.0276 -0.2403 -0.0194, -1.0276 -0.2316 -0.0177
            ]
        }
        coordIndex [
            0,1,2,-1,2,3,0,-1,0,3,4,-1,0,4,5,-1,6,7,8,-1,8,7,9,-1,8,9,10,-1,10,9,11,-1,10,11,12,-1,12,11,13,-1,12,13,14,-1,14,13,15,-1,14,15,4,-1,4,15,16,-1,4,16,5,-1,6,17,7,-1,7,17,18,-1,7,18,19,-1,20,2,21,-1,21,2,1,-1,21,1,22,-1,22,1,23,-1,20,24,2,-1,2,24,25,-1,2,25,3,-1,3,25,26,-1,3,26,4,-1,26,27,4,-1,4,27,28,-1,4,28,14,-1,14,28,29,-1,29,30,14,-1,14,30,31,-1,14,31,12,-1,31,32,12,-1,12,32,33,-1,12,33,10,-1,34,8,35,-1,35,8,10,-1,35,10,36,-1,36,10,33,-1,
        ]
    }
}
Shape{
    appearance Appearance {
        material  Material 	{
            diffuseColor 0.25098039215686274 0.25098039215686274 0.25098039215686274
            specularColor 0.12549019607843137 0.12549019607843137 0.12549019607843137
            ambientIntensity 0.251
            transparency 0.0
            shininess 0.5
        }
    }
    geometry IndexedFaceSet {
        ccw TRUE
        solid FALSE
        coord DEF co Coordinate {
            point [
                1.6378 0.0708 0.0, 1.6378 -0.0709 0.0, 1.5748 -0.0 0.0, 1.5256 0.0852 0.0, 1.5018 0.095 0.0, 1.632 0.1417 0.0, 1.4764 0.0984 0.0, 1.3248 0.1417 0.0, 1.4509 0.095 0.0, 1.3813 -0.0255 0.0, 1.2933 -0.1496 0.0, 1.378 -0.0 0.0, 1.2933 0.1102 0.0, 1.3813 0.0254 0.0, 1.3911 -0.0492 0.0, 1.4068 -0.0696 0.0, 1.4272 -0.0852 0.0, 1.5714 0.0254 0.0, 1.5616 0.0492 0.0, 1.546 0.0696 0.0, 1.4272 0.0852 0.0, 1.4068 0.0696 0.0, 1.3911 0.0492 0.0, 1.4509 -0.0951 0.0, 1.4764 -0.0984 0.0, 1.6306 -0.1496 0.0, 1.5018 -0.0951 0.0, 1.5256 -0.0852 0.0, 1.546 -0.0696 0.0, 1.6342 -0.1269 0.0, 1.5616 -0.0492 0.0, 1.5714 -0.0255 0.0, 1.6378 -0.063 0.5079, 1.6378 -0.0709 0.5078, 1.6378 0.0708 0.126, 1.6378 0.063 0.5079, 1.6378 0.0709 0.5078, -1.5714 0.0255 0.0, -1.5748 0.0 0.0, -1.6378 0.0709 0.0, -1.6306 0.1496 0.0, -1.5256 0.0852 0.0, -1.546 0.0696 0.0, -1.6378 -0.0708 0.0, -1.3813 0.0255 0.0, -1.2933 0.1496 0.0, -1.378 0.0 0.0, -1.2933 -0.1102 0.0, -1.3813 -0.0254 0.0, -1.3911 0.0492 0.0, -1.4068 0.0696 0.0, -1.4272 0.0852 0.0, -1.5616 0.0492 0.0, -1.6351 0.1187 0.0, -1.634 0.1265 0.0, -1.4509 0.0951 0.0, -1.4764 0.0984 0.0, -1.5018 0.0951 0.0, -1.5256 -0.0852 0.0, -1.5018 -0.095 0.0, -1.632 -0.1417 0.0, -1.4764 -0.0984 0.0, -1.3248 -0.1417 0.0, -1.4509 -0.095 0.0, -1.4272 -0.0852 0.0, -1.4068 -0.0696 0.0, -1.3911 -0.0492 0.0, -1.5714 -0.0254 0.0, -1.5616 -0.0492 0.0, -1.546 -0.0696 0.0, -1.6378 -0.0708 0.126, -1.6378 -0.0709 0.5078, -1.6378 -0.063 0.5079, -1.6378 0.063 0.5079, -1.6378 0.0709 0.5078, -1.2047 -0.5039 0.3543, -1.2047 -0.5039 0.5039, -1.24 -0.5032 0.3543, -1.2604 -0.5003 0.5035, -1.24 -0.5025 0.3228, -1.2601 -0.499 0.3228, -1.3156 -0.4895 0.3228, -1.2613 -0.5002 0.5035, -1.3507 -0.4759 0.3228, -1.3069 -0.4917 0.5032, -1.3516 -0.4781 0.5031, -1.3537 -0.4775 0.5031, -1.4052 -0.4547 0.3228, -1.396 -0.4594 0.503, -1.4346 -0.4349 0.3228, -1.4359 -0.4368 0.5031, -1.439 -0.4351 0.5031, -1.485 -0.401 0.3228, -1.4758 -0.4086 0.5032, -1.5083 -0.3774 0.3228, -1.5687 -0.3056 0.126, -1.5388 -0.3465 0.126, -1.5388 -0.3465 0.3228, -1.5093 -0.3783 0.5034, -1.5129 -0.3751 0.5035, -1.6346 -0.123 0.5069, -1.6337 -0.1306 0.126, -1.6333 -0.1305 0.5068, -1.6255 -0.1733 0.5061, -1.632 -0.1417 0.126, -1.6131 -0.2151 0.5054, -1.6107 -0.2216 0.126, -1.6104 -0.2215 0.5053, -1.5425 -0.3419 0.5038, -1.5684 -0.3054 0.5042, -1.5719 -0.3005 0.5043, -1.5933 -0.262 0.5048, 1.6306 -0.1496 0.126, 1.5388 -0.3465 0.3228, 1.5388 -0.3465 0.126, 1.5701 -0.3034 0.126, 1.24 -0.5025 0.3543, 1.24 -0.5025 0.3228, 1.2605 -0.499 0.3228, 1.2607 -0.5003 0.5035, 1.2047 -0.5039 0.5039, 1.2047 -0.5039 0.3543, 1.2613 -0.5002 0.5035, 1.3156 -0.4895 0.3228, 1.4052 -0.4547 0.3228, 1.3537 -0.4774 0.5031, 1.3516 -0.4755 0.3228, 1.3525 -0.4779 0.5031, 1.3075 -0.4916 0.5032, 1.485 -0.401 0.3228, 1.4389 -0.435 0.5031, 1.4358 -0.4341 0.3228, 1.4373 -0.4362 0.5031, 1.3965 -0.4591 0.503, 1.5128 -0.375 0.5035, 1.5097 -0.3759 0.3228, 1.511 -0.3771 0.5035, 1.4767 -0.4079 0.5032, 1.6118 -0.2187 0.5054, 1.594 -0.2607 0.5048, 1.6118 -0.2187 0.126, 1.5717 -0.3005 0.5043, 1.5701 -0.3034 0.5042, 1.5433 -0.3409 0.5038, 1.6129 -0.215 0.5054, 1.626 -0.1714 0.5061, 1.6342 -0.1269 0.5068, 1.6344 -0.123 0.5069, 1.1594 0.2953 0.5709, -1.1594 0.2953 0.5709, 1.1594 0.2362 0.6299, -1.1594 0.2362 0.6299, -1.1659 0.2952 0.5709, -1.1858 0.234 0.6299, -1.376 0.0787 0.5709, -1.3169 0.0787 0.6299, -1.3733 0.1126 0.5709, -1.3147 0.1051 0.6299, -1.1957 0.2921 0.5709, -1.1978 0.2919 0.5709, -1.223 0.2228 0.6299, -1.2289 0.2838 0.5709, -1.2465 0.2763 0.5709, -1.2594 0.2708 0.5709, -1.2868 0.254 0.5709, -1.2562 0.203 0.6299, -1.33 0.2116 0.5709, -1.2837 0.1755 0.6299, -1.3126 0.2319 0.5709, -1.2923 0.2492 0.5709, -1.3339 0.207 0.5709, -1.3517 0.1785 0.5709, -1.3036 0.1423 0.6299, -1.357 0.1658 0.5709, -1.3654 0.1455 0.5709, -1.3728 0.115 0.5709, -1.3169 -0.0787 0.6299, -1.376 -0.0787 0.5709, -1.3733 -0.113 0.5709, -1.3147 -0.1051 0.6299, -1.1594 -0.2953 0.5709, -1.1594 -0.2362 0.6299, -1.1932 -0.2926 0.5709, -1.1858 -0.234 0.6299, -1.357 -0.1658 0.5709, -1.3036 -0.1423 0.6299, -1.3654 -0.1458 0.5709, -1.3729 -0.115 0.5709, -1.3521 -0.1775 0.5709, -1.3345 -0.2062 0.5709, -1.2837 -0.1755 0.6299, -1.2923 -0.2492 0.5709, -1.2562 -0.203 0.6299, -1.3126 -0.2319 0.5709, -1.3299 -0.2116 0.5709, -1.2865 -0.2541 0.5709, -1.2578 -0.2717 0.5709, -1.223 -0.2228 0.6299, -1.2466 -0.2763 0.5709, -1.2262 -0.2847 0.5709, -1.1957 -0.292 0.5709, 1.1594 -0.2953 0.5709, 1.1594 -0.2362 0.6299, 1.1659 -0.2952 0.5709, 1.1858 -0.234 0.6299, 1.376 -0.0787 0.5709, 1.3169 -0.0787 0.6299, 1.3733 -0.1126 0.5709, 1.3147 -0.1051 0.6299, 1.1957 -0.2921 0.5709, 1.1978 -0.2919 0.5709, 1.223 -0.2228 0.6299, 1.2289 -0.2838 0.5709, 1.2465 -0.2763 0.5709, 1.2594 -0.2708 0.5709, 1.2868 -0.254 0.5709, 1.2562 -0.203 0.6299, 1.33 -0.2116 0.5709, 1.2837 -0.1755 0.6299, 1.3126 -0.2319 0.5709, 1.2923 -0.2492 0.5709, 1.3339 -0.207 0.5709, 1.3517 -0.1785 0.5709, 1.3036 -0.1423 0.6299, 1.357 -0.1658 0.5709, 1.3654 -0.1455 0.5709, 1.3728 -0.115 0.5709, 1.376 0.0787 0.5709, 1.3169 0.0787 0.6299, 1.1932 0.2926 0.5709, 1.1858 0.234 0.6299, 1.3733 0.113 0.5709, 1.3147 0.1051 0.6299, 1.357 0.1658 0.5709, 1.3036 0.1423 0.6299, 1.3654 0.1458 0.5709, 1.3729 0.115 0.5709, 1.3521 0.1775 0.5709, 1.3345 0.2062 0.5709, 1.2837 0.1755 0.6299, 1.2923 0.2492 0.5709, 1.2562 0.203 0.6299, 1.3126 0.2319 0.5709, 1.3299 0.2116 0.5709, 1.2865 0.2541 0.5709, 1.2578 0.2717 0.5709, 1.223 0.2228 0.6299, 1.2466 0.2763 0.5709, 1.2262 0.2847 0.5709, 1.1957 0.292 0.5709, 1.5748 -0.063 0.5709, 1.5748 0.063 0.5709, -1.5748 0.063 0.5709, -1.5748 -0.063 0.5709
            ]
        }
        coordIndex [
            0,1,2,-1,3,4,5,-1,5,4,6,-1,5,6,7,-1,7,6,8,-1,9,10,11,-1,11,10,12,-1,11,12,13,-1,9,14,10,-1,10,14,15,-1,10,15,16,-1,2,17,0,-1,0,17,18,-1,0,18,5,-1,5,18,19,-1,5,19,3,-1,8,20,7,-1,7,20,21,-1,7,21,12,-1,12,21,22,-1,12,22,13,-1,16,23,10,-1,10,23,24,-1,10,24,25,-1,25,24,26,-1,26,27,25,-1,25,27,28,-1,25,28,29,-1,29,28,30,-1,29,30,1,-1,1,30,31,-1,1,31,2,-1,32,33,1,-1,1,0,34,-1,32,1,35,-1,35,1,34,-1,35,34,36,-1,37,38,39,-1,40,41,42,-1,39,38,43,-1,44,45,46,-1,46,45,47,-1,46,47,48,-1,44,49,45,-1,45,49,50,-1,45,50,51,-1,37,39,52,-1,52,39,53,-1,52,53,42,-1,42,53,54,-1,42,54,40,-1,51,55,45,-1,45,55,56,-1,45,56,40,-1,40,56,57,-1,40,57,41,-1,58,59,60,-1,60,59,61,-1,60,61,62,-1,62,61,63,-1,63,64,62,-1,62,64,65,-1,62,65,47,-1,47,65,66,-1,47,66,48,-1,38,67,43,-1,43,67,68,-1,43,68,60,-1,60,68,69,-1,60,69,58,-1,39,43,70,-1,70,71,72,-1,70,72,39,-1,39,72,73,-1,39,73,74,-1,75,76,77,-1,77,76,78,-1,79,77,80,-1,80,77,78,-1,80,78,81,-1,81,78,82,-1,81,82,83,-1,83,82,84,-1,84,85,83,-1,83,85,86,-1,83,86,87,-1,87,86,88,-1,87,88,89,-1,88,90,89,-1,89,90,91,-1,89,91,92,-1,92,91,93,-1,92,93,94,-1,95,96,97,-1,93,98,94,-1,94,98,99,-1,94,99,97,-1,71,70,100,-1,100,70,101,-1,100,101,102,-1,102,101,103,-1,103,101,104,-1,103,104,105,-1,105,104,106,-1,105,106,107,-1,99,108,97,-1,97,108,109,-1,97,109,95,-1,95,109,110,-1,95,110,106,-1,106,110,111,-1,106,111,107,-1,112,25,29,-1,113,114,115,-1,116,117,118,-1,119,120,121,-1,121,116,119,-1,119,116,118,-1,119,118,122,-1,122,118,123,-1,124,125,126,-1,126,125,127,-1,126,127,123,-1,123,127,128,-1,123,128,122,-1,129,130,131,-1,131,130,132,-1,131,132,124,-1,124,132,133,-1,124,133,125,-1,113,134,135,-1,135,134,136,-1,135,136,129,-1,129,136,137,-1,129,137,130,-1,138,139,140,-1,140,139,141,-1,140,141,115,-1,115,141,142,-1,115,142,113,-1,113,142,143,-1,113,143,134,-1,138,140,144,-1,144,140,112,-1,144,112,145,-1,145,112,146,-1,146,112,29,-1,146,29,147,-1,147,29,1,-1,147,1,33,-1,148,149,150,-1,150,149,151,-1,151,149,152,-1,151,152,153,-1,154,155,156,-1,156,155,157,-1,152,158,153,-1,153,158,159,-1,153,159,160,-1,160,159,161,-1,160,161,162,-1,162,163,160,-1,160,163,164,-1,160,164,165,-1,166,167,168,-1,168,167,165,-1,168,165,169,-1,169,165,164,-1,166,170,167,-1,167,170,171,-1,167,171,172,-1,171,173,172,-1,172,173,174,-1,172,174,157,-1,157,174,175,-1,157,175,156,-1,176,155,177,-1,177,155,154,-1,177,178,176,-1,176,178,179,-1,180,181,182,-1,182,181,183,-1,184,185,186,-1,186,185,179,-1,186,179,187,-1,187,179,178,-1,184,188,185,-1,185,188,189,-1,185,189,190,-1,191,192,193,-1,193,192,190,-1,193,190,194,-1,194,190,189,-1,191,195,192,-1,192,195,196,-1,192,196,197,-1,196,198,197,-1,197,198,199,-1,197,199,183,-1,183,199,200,-1,183,200,182,-1,180,201,181,-1,181,201,202,-1,202,201,203,-1,202,203,204,-1,205,206,207,-1,207,206,208,-1,203,209,204,-1,204,209,210,-1,204,210,211,-1,211,210,212,-1,211,212,213,-1,213,214,211,-1,211,214,215,-1,211,215,216,-1,217,218,219,-1,219,218,216,-1,219,216,220,-1,220,216,215,-1,217,221,218,-1,218,221,222,-1,218,222,223,-1,222,224,223,-1,223,224,225,-1,223,225,208,-1,208,225,226,-1,208,226,207,-1,205,227,206,-1,206,227,228,-1,148,150,229,-1,229,150,230,-1,227,231,228,-1,228,231,232,-1,233,234,235,-1,235,234,232,-1,235,232,236,-1,236,232,231,-1,233,237,234,-1,234,237,238,-1,234,238,239,-1,240,241,242,-1,242,241,239,-1,242,239,243,-1,243,239,238,-1,240,244,241,-1,241,244,245,-1,241,245,246,-1,245,247,246,-1,246,247,248,-1,246,248,230,-1,230,248,249,-1,230,249,229,-1,32,35,250,-1,250,35,251,-1,73,72,252,-1,252,72,253,-1,
        ]
    }
}
Shape{
    appearance Appearance {
        material  Material 	{
            diffuseColor 1.0 1.0 0.0
            specularColor 1.0 1.0 0.0
            ambientIntensity 0.886
            transparency 0.0
            shininess 0.5
        }
    }
    geometry IndexedFaceSet {
        ccw TRUE
        solid FALSE
        coord DEF co Coordinate {
            point [
                1.1378 -0.248 -0.0197, 1.1378 -0.4213 -0.0197, 1.0276 -0.248 -0.0197, 1.0276 -0.4213 -0.0197, 1.1378 -0.4331 -0.0079, 1.0276 -0.4331 -0.0079, 1.1378 -0.4331 0.0157, 1.0276 -0.4331 0.0157, 1.1378 -0.4213 0.0276, 1.0276 -0.4213 0.0276, 0.5472 -0.248 -0.0197, 0.5472 -0.4212 -0.0197, 0.437 -0.248 -0.0197, 0.437 -0.4212 -0.0197, 0.5472 -0.433 -0.0079, 0.437 -0.433 -0.0079, 0.5472 -0.433 0.0157, 0.437 -0.433 0.0157, 0.5472 -0.4212 0.0276, 0.437 -0.4212 0.0276, -0.437 -0.4212 0.0276, -0.5472 -0.4212 0.0276, -0.437 -0.433 0.0157, -0.5472 -0.433 0.0157
            ]
        }
        coordIndex [
            0,1,2,-1,2,1,3,-1,4,5,1,-1,1,5,3,-1,4,6,5,-1,5,6,7,-1,8,9,6,-1,6,9,7,-1,10,11,12,-1,12,11,13,-1,14,15,11,-1,11,15,13,-1,14,16,15,-1,15,16,17,-1,18,19,16,-1,16,19,17,-1,20,21,22,-1,22,21,23,-1,
        ]
    }
}
Shape{
    appearance Appearance {
        material  Material 	{
            diffuseColor 0.7529411764705882 0.7529411764705882 0.7529411764705882
            specularColor 0.3764705882352941 0.3764705882352941 0.3764705882352941
            ambientIntensity 0.7529
            transparency 0.0
            shininess 0.5
        }
    }
    geometry IndexedFaceSet {
        ccw TRUE
        solid FALSE
        coord DEF co Coordinate {
            point [
                -0.5472 -0.433 0.0157, -0.5472 -0.433 -0.0079, -0.437 -0.433 0.0157, -0.437 -0.433 -0.0079
            ]
        }
        coordIndex [
            0,1,2,-1,2,1,3,-1,
        ]
    }
}
Shape{
    appearance Appearance {
        material  Material 	{
            diffuseColor 1.0 1.0 0.0
            specularColor 1.0 1.0 0.0
            ambientIntensity 0.886
            transparency 0.0
            shininess 0.5
        }
    }
    geometry IndexedFaceSet {
        ccw TRUE
        solid FALSE
        coord DEF co Coordinate {
            point [
                -0.437 -0.433 -0.0079, -0.5472 -0.433 -0.0079, -0.437 -0.4212 -0.0197, -0.5472 -0.4212 -0.0197, -0.437 -0.248 -0.0197, -0.5472 -0.248 -0.0197, 0.248 0.4212 0.0276, 0.3425 0.4212 0.0276, 0.248 0.433 0.0157, 0.3425 0.433 0.0157, 0.248 0.433 -0.0079, 0.3425 0.433 -0.0079, 0.248 0.4212 -0.0197, 0.3425 0.4212 -0.0197, 0.248 0.248 -0.0197, 0.3425 0.248 -0.0197, -0.1457 0.4212 0.0276, -0.0512 0.4212 0.0276, -0.1457 0.433 0.0157, -0.0512 0.433 0.0157, -0.1457 0.248 -0.0197, -0.1457 0.4212 -0.0197, -0.0512 0.248 -0.0197, -0.0512 0.4212 -0.0197, -0.1457 0.433 -0.0079, -0.0512 0.433 -0.0079, -0.5472 0.4212 0.0276, -0.437 0.4212 0.0276, -0.5472 0.433 0.0157, -0.437 0.433 0.0157, -0.5472 0.248 -0.0197, -0.5472 0.4212 -0.0197, -0.437 0.248 -0.0197, -0.437 0.4212 -0.0197, -0.5472 0.433 -0.0079, -0.437 0.433 -0.0079, -1.1378 0.248 -0.0197, -1.1378 0.4213 -0.0197, -1.0276 0.248 -0.0197, -1.0276 0.4213 -0.0197, -1.1378 0.4331 -0.0079, -1.0276 0.4331 -0.0079, -1.1378 0.4331 0.0157, -1.0276 0.4331 0.0157, -1.1378 0.4213 0.0276, -1.0276 0.4213 0.0276, 1.1378 0.4331 0.0157, 1.0276 0.4331 0.0157, 1.1378 0.4213 0.0276, 1.0276 0.4213 0.0276, 1.1378 0.4331 -0.0079, 1.0276 0.4331 -0.0079, 1.1378 0.4213 -0.0197, 1.0276 0.4213 -0.0197, 1.1378 0.248 -0.0197, 1.0276 0.248 -0.0197, -0.3425 0.4212 0.0276, -0.248 0.4212 0.0276, -0.3425 0.433 0.0157, -0.248 0.433 0.0157, -0.3425 0.248 -0.0197, -0.3425 0.4212 -0.0197, -0.248 0.248 -0.0197, -0.248 0.4212 -0.0197, -0.3425 0.433 -0.0079, -0.248 0.433 -0.0079, 0.0512 0.4212 0.0276, 0.1457 0.4212 0.0276, 0.0512 0.433 0.0157, 0.1457 0.433 0.0157, 0.0512 0.433 -0.0079, 0.1457 0.433 -0.0079, 0.0512 0.4212 -0.0197, 0.1457 0.4212 -0.0197, 0.0512 0.248 -0.0197, 0.1457 0.248 -0.0197, 0.437 0.4212 0.0276, 0.5472 0.4212 0.0276, 0.437 0.433 0.0157, 0.5472 0.433 0.0157, 0.5472 0.433 -0.0079, 0.437 0.433 -0.0079, 0.437 0.4212 -0.0197, 0.5472 0.4212 -0.0197, 0.437 0.248 -0.0197, 0.5472 0.248 -0.0197, -0.248 -0.4212 0.0276, -0.3425 -0.4212 0.0276, -0.248 -0.433 0.0157, -0.3425 -0.433 0.0157, -0.248 -0.433 -0.0079, -0.3425 -0.433 -0.0079, -0.248 -0.4212 -0.0197, -0.3425 -0.4212 -0.0197, -0.248 -0.248 -0.0197, -0.3425 -0.248 -0.0197, -0.0512 -0.4212 0.0276, -0.1457 -0.4212 0.0276, -0.0512 -0.433 0.0157, -0.1457 -0.433 0.0157, -0.0512 -0.433 -0.0079, -0.1457 -0.433 -0.0079, -0.0512 -0.4212 -0.0197, -0.1457 -0.4212 -0.0197, -0.0512 -0.248 -0.0197, -0.1457 -0.248 -0.0197, 0.1457 -0.4212 0.0276, 0.0512 -0.4212 0.0276, 0.1457 -0.433 0.0157, 0.0512 -0.433 0.0157, 0.1457 -0.248 -0.0197, 0.1457 -0.4212 -0.0197, 0.0512 -0.248 -0.0197, 0.0512 -0.4212 -0.0197, 0.1457 -0.433 -0.0079, 0.0512 -0.433 -0.0079, 0.3425 -0.4212 0.0276, 0.248 -0.4212 0.0276, 0.3425 -0.433 0.0157, 0.248 -0.433 0.0157, 0.3425 -0.248 -0.0197, 0.3425 -0.4212 -0.0197, 0.248 -0.248 -0.0197, 0.248 -0.4212 -0.0197, 0.3425 -0.433 -0.0079, 0.248 -0.433 -0.0079
            ]
        }
        coordIndex [
            0,1,2,-1,2,1,3,-1,4,2,5,-1,5,2,3,-1,6,7,8,-1,8,7,9,-1,10,8,11,-1,11,8,9,-1,10,11,12,-1,12,11,13,-1,14,12,15,-1,15,12,13,-1,16,17,18,-1,18,17,19,-1,20,21,22,-1,22,21,23,-1,24,25,21,-1,21,25,23,-1,24,18,25,-1,25,18,19,-1,26,27,28,-1,28,27,29,-1,30,31,32,-1,32,31,33,-1,34,35,31,-1,31,35,33,-1,34,28,35,-1,35,28,29,-1,36,37,38,-1,38,37,39,-1,40,41,37,-1,37,41,39,-1,40,42,41,-1,41,42,43,-1,44,45,42,-1,42,45,43,-1,46,47,48,-1,48,47,49,-1,46,50,47,-1,47,50,51,-1,52,53,50,-1,50,53,51,-1,52,54,53,-1,53,54,55,-1,56,57,58,-1,58,57,59,-1,60,61,62,-1,62,61,63,-1,64,65,61,-1,61,65,63,-1,64,58,65,-1,65,58,59,-1,66,67,68,-1,68,67,69,-1,70,68,71,-1,71,68,69,-1,70,71,72,-1,72,71,73,-1,74,72,75,-1,75,72,73,-1,76,77,78,-1,78,77,79,-1,79,80,78,-1,78,80,81,-1,81,80,82,-1,82,80,83,-1,84,82,85,-1,85,82,83,-1,86,87,88,-1,88,87,89,-1,90,88,91,-1,91,88,89,-1,90,91,92,-1,92,91,93,-1,94,92,95,-1,95,92,93,-1,96,97,98,-1,98,97,99,-1,100,98,101,-1,101,98,99,-1,100,101,102,-1,102,101,103,-1,104,102,105,-1,105,102,103,-1,106,107,108,-1,108,107,109,-1,110,111,112,-1,112,111,113,-1,114,115,111,-1,111,115,113,-1,114,108,115,-1,115,108,109,-1,116,117,118,-1,118,117,119,-1,120,121,122,-1,122,121,123,-1,124,125,121,-1,121,125,123,-1,124,118,125,-1,125,118,119,-1,
        ]
    }
}
Shape{
    appearance Appearance {
        material  Material 	{
            diffuseColor 0.7529411764705882 0.7529411764705882 0.7529411764705882
            specularColor 0.3764705882352941 0.3764705882352941 0.3764705882352941
            ambientIntensity 0.7529
            transparency 0.0
            shininess 0.5
        }
    }
    geometry IndexedFaceSet {
        ccw TRUE
        solid FALSE
        coord DEF co Coordinate {
            point [
                -1.1378 -0.4331 0.0157, -1.0276 -0.4331 0.0157, -1.1378 -0.4213 0.0276, -1.0276 -0.4213 0.0276, -1.1378 -0.4331 -0.0079, -1.0276 -0.4331 -0.0079
            ]
        }
        coordIndex [
            0,1,2,-1,2,1,3,-1,0,4,1,-1,1,4,5,-1,
        ]
    }
}
Shape{
    appearance Appearance {
        material  Material 	{
            diffuseColor 1.0 1.0 0.0
            specularColor 1.0 1.0 0.0
            ambientIntensity 0.886
            transparency 0.0
            shininess 0.5
        }
    }
    geometry IndexedFaceSet {
        ccw TRUE
        solid FALSE
        coord DEF co Coordinate {
            point [
                -1.1378 -0.4213 -0.0197, -1.0276 -0.4213 -0.0197, -1.1378 -0.4331 -0.0079, -1.0276 -0.4331 -0.0079, -1.1378 -0.248 -0.0197, -1.0276 -0.248 -0.0197
            ]
        }
        coordIndex [
            0,1,2,-1,2,1,3,-1,0,4,1,-1,1,4,5,-1,
        ]
    }
}
Shape{
    appearance Appearance {
        material  Material 	{
            diffuseColor 0.25098039215686274 0.25098039215686274 0.25098039215686274
            specularColor 0.12549019607843137 0.12549019607843137 0.12549019607843137
            ambientIntensity 0.251
            transparency 0.0
            shininess 0.5
        }
    }
    geometry IndexedFaceSet {
        ccw TRUE
        solid FALSE
        coord DEF co Coordinate {
            point [
                1.378 -0.0 -0.1088, 1.378 -0.0 0.0, 1.3805 0.022 -0.1088, 1.3813 0.0254 0.0, 1.3817 0.0253 -0.1088, 1.3886 0.0446 -0.1088, 1.3911 0.0492 0.0, 1.3916 0.0489 -0.1088, 1.4021 0.0645 -0.1088, 1.4068 0.0696 0.0, 1.4072 0.0691 -0.1088, 1.4199 0.0805 -0.1088, 1.4272 0.0852 0.0, 1.4275 0.0846 -0.1088, 1.4411 0.0918 -0.1088, 1.4509 0.095 0.0, 1.4511 0.0943 -0.1088, 1.4644 0.0976 -0.1088, 1.4764 0.0984 0.0, 1.4764 0.0976 -0.1088, 1.4884 0.0976 -0.1088, 1.5018 0.095 0.0, 1.5017 0.0943 -0.1088, 1.5117 0.0918 -0.1088, 1.5256 0.0852 0.0, 1.5253 0.0846 -0.1088, 1.5329 0.0805 -0.1088, 1.546 0.0696 0.0, 1.5456 0.0691 -0.1088, 1.5507 0.0645 -0.1088, 1.5616 0.0492 0.0, 1.5612 0.0489 -0.1088, 1.5641 0.0446 -0.1088, 1.5714 0.0254 0.0, 1.5711 0.0253 -0.1088, 1.5723 0.022 -0.1088, 1.5748 -0.0 0.0, 1.5748 -0.0 -0.1088, 1.5723 -0.022 -0.1088, 1.5714 -0.0255 0.0, 1.5711 -0.0254 -0.1088, 1.5641 -0.0446 -0.1088, 1.5616 -0.0492 0.0, 1.5612 -0.0489 -0.1088, 1.5507 -0.0645 -0.1088, 1.546 -0.0696 0.0, 1.5456 -0.0692 -0.1088, 1.5329 -0.0806 -0.1088, 1.5256 -0.0852 0.0, 1.5253 -0.0846 -0.1088, 1.5117 -0.0919 -0.1088, 1.5018 -0.0951 0.0, 1.5017 -0.0944 -0.1088, 1.4884 -0.0977 -0.1088, 1.4764 -0.0984 0.0, 1.4764 -0.0977 -0.1088, 1.4644 -0.0977 -0.1088, 1.4509 -0.0951 0.0, 1.4511 -0.0944 -0.1088, 1.4411 -0.0919 -0.1088, 1.4272 -0.0852 0.0, 1.4275 -0.0846 -0.1088, 1.4199 -0.0806 -0.1088, 1.4068 -0.0696 0.0, 1.4072 -0.0692 -0.1088, 1.4021 -0.0645 -0.1088, 1.3911 -0.0492 0.0, 1.3916 -0.0489 -0.1088, 1.3886 -0.0446 -0.1088, 1.3813 -0.0255 0.0, 1.3817 -0.0254 -0.1088, 1.3805 -0.022 -0.1088, -1.378 0.0 -0.1088, -1.378 0.0 0.0, -1.3805 -0.022 -0.1088, -1.3813 -0.0254 0.0, -1.3817 -0.0253 -0.1088, -1.3886 -0.0446 -0.1088, -1.3911 -0.0492 0.0, -1.3916 -0.0489 -0.1088, -1.4021 -0.0645 -0.1088, -1.4068 -0.0696 0.0, -1.4072 -0.0691 -0.1088, -1.4199 -0.0805 -0.1088, -1.4272 -0.0852 0.0, -1.4275 -0.0846 -0.1088, -1.4411 -0.0918 -0.1088, -1.4509 -0.095 0.0, -1.4511 -0.0943 -0.1088, -1.4644 -0.0976 -0.1088, -1.4764 -0.0984 0.0, -1.4764 -0.0976 -0.1088, -1.4884 -0.0976 -0.1088, -1.5018 -0.095 0.0, -1.5017 -0.0943 -0.1088, -1.5117 -0.0918 -0.1088, -1.5256 -0.0852 0.0, -1.5253 -0.0846 -0.1088, -1.5329 -0.0805 -0.1088, -1.546 -0.0696 0.0, -1.5456 -0.0691 -0.1088, -1.5507 -0.0645 -0.1088, -1.5616 -0.0492 0.0, -1.5612 -0.0489 -0.1088, -1.5641 -0.0446 -0.1088, -1.5714 -0.0254 0.0, -1.5711 -0.0253 -0.1088, -1.5723 -0.022 -0.1088, -1.5748 0.0 0.0, -1.5748 0.0 -0.1088, -1.5723 0.0221 -0.1088, -1.5714 0.0255 0.0, -1.5711 0.0254 -0.1088, -1.5641 0.0446 -0.1088, -1.5616 0.0492 0.0, -1.5612 0.0489 -0.1088, -1.5507 0.0645 -0.1088, -1.546 0.0696 0.0, -1.5456 0.0692 -0.1088, -1.5329 0.0806 -0.1088, -1.5256 0.0852 0.0, -1.5253 0.0846 -0.1088, -1.5117 0.0919 -0.1088, -1.5018 0.0951 0.0, -1.5017 0.0944 -0.1088, -1.4884 0.0977 -0.1088, -1.4764 0.0984 0.0, -1.4764 0.0977 -0.1088, -1.4644 0.0977 -0.1088, -1.4509 0.0951 0.0, -1.4511 0.0944 -0.1088, -1.4411 0.0919 -0.1088, -1.4272 0.0852 0.0, -1.4275 0.0846 -0.1088, -1.4199 0.0806 -0.1088, -1.4068 0.0696 0.0, -1.4072 0.0692 -0.1088, -1.4021 0.0645 -0.1088, -1.3911 0.0492 0.0, -1.3916 0.0489 -0.1088, -1.3886 0.0446 -0.1088, -1.3813 0.0255 0.0, -1.3817 0.0254 -0.1088, -1.3805 0.0221 -0.1088, -1.2008 -0.5039 0.5039, -1.2008 -0.437 0.5709, -1.2047 -0.5039 0.5039, -1.252 -0.4335 0.5709, -1.2604 -0.5003 0.5035, -1.2613 -0.5002 0.5035, -1.3069 -0.4917 0.5032, -1.3302 -0.4139 0.5709, -1.3516 -0.4781 0.5031, -1.439 -0.4351 0.5031, -1.4359 -0.4368 0.5031, -1.4024 -0.378 0.5709, -1.396 -0.4594 0.503, -1.3537 -0.4775 0.5031, -1.4758 -0.4086 0.5032, -1.4653 -0.3275 0.5709, -1.5093 -0.3783 0.5034, -1.5719 -0.3005 0.5043, -1.5684 -0.3054 0.5042, -1.5158 -0.2646 0.5709, -1.5425 -0.3419 0.5038, -1.5129 -0.3751 0.5035, -1.5933 -0.262 0.5048, -1.5517 -0.1924 0.5709, -1.6104 -0.2215 0.5053, -1.6346 -0.123 0.5069, -1.6333 -0.1305 0.5068, -1.5713 -0.1142 0.5709, -1.6255 -0.1733 0.5061, -1.6131 -0.2151 0.5054, -1.6378 -0.0709 0.5078, -1.5748 -0.063 0.5709, -1.6378 -0.063 0.5079, 1.3525 -0.4779 0.5031, 1.3537 -0.4774 0.5031, 1.3302 -0.4139 0.5709, 1.6378 -0.063 0.5079, 1.5748 -0.063 0.5709, 1.6378 -0.0709 0.5078, 1.5713 -0.1142 0.5709, 1.6129 -0.215 0.5054, 1.626 -0.1714 0.5061, 1.5517 -0.1924 0.5709, 1.6342 -0.1269 0.5068, 1.6344 -0.123 0.5069, 1.6118 -0.2187 0.5054, 1.5158 -0.2646 0.5709, 1.594 -0.2607 0.5048, 1.5128 -0.375 0.5035, 1.5433 -0.3409 0.5038, 1.4653 -0.3275 0.5709, 1.5701 -0.3034 0.5042, 1.5717 -0.3005 0.5043, 1.511 -0.3771 0.5035, 1.4024 -0.378 0.5709, 1.4767 -0.4079 0.5032, 1.3965 -0.4591 0.503, 1.4373 -0.4362 0.5031, 1.4389 -0.435 0.5031, 1.2008 -0.5039 0.5039, 1.2047 -0.5039 0.5039, 1.2008 -0.437 0.5709, 1.2607 -0.5003 0.5035, 1.252 -0.4335 0.5709, 1.2613 -0.5002 0.5035, 1.3075 -0.4916 0.5032, 1.1594 -0.2362 0.6299, 1.1594 -0.2362 1.1417, -1.1594 -0.2362 0.6299, -1.1594 -0.2362 1.1417, 1.5113 0.0908 -0.1179, 1.5736 -0.0 -0.1185, 1.5706 -0.0 -0.1264, 1.5683 0.0211 -0.1264, 1.3815 0.0218 -0.1179, 1.3791 -0.0 -0.1178, 1.3789 -0.0 -0.1173, 1.5737 -0.0 -0.1179, 1.5713 0.0218 -0.1179, 1.5632 0.0441 -0.1179, 1.5499 0.0638 -0.1179, 1.5323 0.0797 -0.1179, 1.4883 0.0966 -0.1179, 1.4645 0.0966 -0.1179, 1.4415 0.0908 -0.1179, 1.4205 0.0797 -0.1179, 1.4029 0.0638 -0.1179, 1.3896 0.0441 -0.1179, 1.3821 -0.0 -0.1264, 1.3845 0.0211 -0.1264, 1.3924 0.0427 -0.1264, 1.4052 0.0617 -0.1264, 1.4223 0.0771 -0.1264, 1.4426 0.0879 -0.1264, 1.4649 0.0935 -0.1264, 1.4879 0.0935 -0.1264, 1.5102 0.0879 -0.1264, 1.5305 0.0771 -0.1264, 1.5476 0.0618 -0.1264, 1.5604 0.0427 -0.1264, 1.3815 -0.0218 -0.1179, 1.5713 -0.0218 -0.1179, 1.3896 -0.0441 -0.1179, 1.4029 -0.0638 -0.1179, 1.4205 -0.0797 -0.1179, 1.4415 -0.0909 -0.1179, 1.4883 -0.0966 -0.1179, 1.4645 -0.0966 -0.1179, 1.5113 -0.0909 -0.1179, 1.5323 -0.0797 -0.1179, 1.5499 -0.0638 -0.1179, 1.5632 -0.0441 -0.1179, 1.5683 -0.0211 -0.1264, 1.5604 -0.0427 -0.1264, 1.5476 -0.0618 -0.1264, 1.5305 -0.0772 -0.1264, 1.5102 -0.088 -0.1264, 1.4879 -0.0936 -0.1264, 1.4649 -0.0936 -0.1264, 1.4426 -0.088 -0.1264, 1.4223 -0.0772 -0.1264, 1.4052 -0.0618 -0.1264, 1.3924 -0.0427 -0.1264, 1.3845 -0.0211 -0.1264, -1.5113 -0.0908 -0.1179, -1.5736 0.0 -0.1185, -1.5706 0.0 -0.1264, -1.5683 -0.0211 -0.1264, -1.3815 -0.0218 -0.1179, -1.3791 0.0 -0.1178, -1.3789 0.0 -0.1173, -1.5737 0.0 -0.1179, -1.5713 -0.0218 -0.1179, -1.5632 -0.0441 -0.1179, -1.5499 -0.0638 -0.1179, -1.5323 -0.0797 -0.1179, -1.4883 -0.0966 -0.1179, -1.4645 -0.0966 -0.1179, -1.4415 -0.0908 -0.1179, -1.4205 -0.0797 -0.1179, -1.4029 -0.0638 -0.1179, -1.3896 -0.0441 -0.1179, -1.3821 0.0 -0.1264, -1.3845 -0.0211 -0.1264, -1.3924 -0.0427 -0.1264, -1.4052 -0.0617 -0.1264, -1.4223 -0.0771 -0.1264, -1.4426 -0.0879 -0.1264, -1.4649 -0.0935 -0.1264, -1.4879 -0.0935 -0.1264, -1.5102 -0.0879 -0.1264, -1.5305 -0.0771 -0.1264, -1.5476 -0.0617 -0.1264, -1.5604 -0.0427 -0.1264, -1.3815 0.0218 -0.1179, -1.5713 0.0218 -0.1179, -1.3896 0.0441 -0.1179, -1.4029 0.0638 -0.1179, -1.4205 0.0797 -0.1179, -1.4415 0.0909 -0.1179, -1.4883 0.0966 -0.1179, -1.4645 0.0966 -0.1179, -1.5113 0.0909 -0.1179, -1.5323 0.0797 -0.1179, -1.5499 0.0638 -0.1179, -1.5632 0.0441 -0.1179, -1.5683 0.0211 -0.1264, -1.5604 0.0427 -0.1264, -1.5476 0.0618 -0.1264, -1.5305 0.0772 -0.1264, -1.5102 0.088 -0.1264, -1.4879 0.0936 -0.1264, -1.4649 0.0936 -0.1264, -1.4426 0.088 -0.1264, -1.4223 0.0772 -0.1264, -1.4052 0.0618 -0.1264, -1.3924 0.0427 -0.1264, -1.3845 0.0211 -0.1264, -0.0433 -0.1378 1.2402, -0.0433 -0.128 1.25, -0.0512 -0.128 1.25, -0.1457 -0.1378 1.2402, -0.1457 -0.128 1.25, -0.1535 -0.128 1.25, -0.2402 -0.128 1.25, -0.248 -0.128 1.25, -0.2402 -0.1378 1.2402, -0.248 -0.1378 1.2402, -0.3425 -0.1378 1.2402, -0.1535 -0.1378 1.2402, 0.3504 -0.128 1.25, 0.3425 -0.128 1.25, 0.3504 -0.1378 1.2402, 0.3425 -0.1378 1.2402, 0.248 -0.1378 1.2402, 1.0276 -0.1378 1.2402, 0.5472 -0.1378 1.2402, 0.437 -0.1378 1.2402, 0.248 -0.128 1.25, 0.2402 -0.128 1.25, 0.2402 -0.1378 1.2402, 0.1535 -0.1378 1.2402, 0.1535 -0.128 1.25, 0.1457 -0.128 1.25, 0.1457 -0.1378 1.2402, 0.0512 -0.1378 1.2402, -0.3425 -0.128 1.25, -0.3504 -0.128 1.25, -0.3504 -0.1378 1.2402, -0.437 -0.1378 1.2402, -0.5472 -0.1378 1.2402, -0.0512 -0.1378 1.2402, 1.2047 -0.2296 1.1484, 1.223 -0.2228 1.1551, 1.1378 -0.1378 1.2402, 1.2402 -0.2139 1.164, 1.2562 -0.203 1.175, -1.3054 -0.1378 1.2402, -1.303 -0.142 1.236, -1.1378 -0.1378 1.2402, -1.2837 -0.1755 1.2024, -1.2562 -0.203 1.175, -1.2402 -0.2139 1.164, -1.223 -0.2228 1.1551, -1.2047 -0.2296 1.1484, 1.2837 -0.1755 1.2024, 1.303 -0.142 1.236, 1.3054 -0.1378 1.2402, 0.0433 -0.1378 1.2402, 0.0433 -0.128 1.25, 0.0512 -0.128 1.25, -1.0276 -0.1378 1.2402, -1.1858 -0.234 1.144, 1.1858 -0.234 1.144, -1.3169 -0.0787 1.2402, -1.3169 -0.0787 0.6299, -1.3147 -0.1051 1.2402, -1.3147 -0.1051 0.6299, -1.3036 -0.1423 0.6299, -1.2837 -0.1755 0.6299, -1.2562 -0.203 0.6299, -1.223 -0.2228 0.6299, -1.1858 -0.234 0.6299, 1.1858 -0.234 0.6299, 1.223 -0.2228 0.6299, 1.2562 -0.203 0.6299, 1.2837 -0.1755 0.6299, 1.3036 -0.1423 0.6299, 1.3147 -0.1051 0.6299, 1.3147 -0.1051 1.2402, 1.3169 -0.0787 0.6299, 1.3169 -0.0787 1.2402, 1.3845 0.0211 -0.1264, 1.4082 0.0156 -0.1751, 1.4064 -0.0 -0.1751, 1.4236 0.0458 -0.1751, 1.414 0.0317 -0.1751, 1.3924 0.0427 -0.1264, 1.414 0.0316 -0.1751, 1.4082 0.0156 -0.1751, 1.4052 0.0618 -0.1264, 1.4223 0.0771 -0.1264, 1.4362 0.0572 -0.1751, 1.4513 0.0652 -0.1751, 1.4678 0.0694 -0.1751, 1.4849 0.0694 -0.1751, 1.5015 0.0652 -0.1751, 1.5305 0.0771 -0.1264, 1.5165 0.0572 -0.1751, 1.5292 0.0458 -0.1751, 1.5604 0.0427 -0.1264, 1.5387 0.0316 -0.1751, 1.5387 0.0317 -0.1751, 1.5463 -0.0 -0.1751, 1.5683 0.0211 -0.1264, 1.5445 0.0156 -0.1751, 1.5445 0.0156 -0.1751, 1.5683 -0.0211 -0.1264, 1.5444 -0.0157 -0.1751, 1.5604 -0.0427 -0.1264, 1.5291 -0.0458 -0.1751, 1.5382 -0.0327 -0.1751, 1.5386 -0.0317 -0.1751, 1.5443 -0.0168 -0.1751, 1.5305 -0.0772 -0.1264, 1.5014 -0.0652 -0.1751, 1.5158 -0.0578 -0.1751, 1.5164 -0.0572 -0.1751, 1.5285 -0.0466 -0.1751, 1.4879 -0.0936 -0.1264, 1.4679 -0.0693 -0.1751, 1.4842 -0.0695 -0.1751, 1.4849 -0.0693 -0.1751, 1.5007 -0.0656 -0.1751, 1.4223 -0.0772 -0.1264, 1.4363 -0.0572 -0.1751, 1.4508 -0.0651 -0.1751, 1.4513 -0.0652 -0.1751, 1.4673 -0.0693 -0.1751, 1.4052 -0.0618 -0.1264, 1.3924 -0.0427 -0.1264, 1.4141 -0.0317 -0.1751, 1.4234 -0.0456 -0.1751, 1.4236 -0.0458 -0.1751, 1.4359 -0.057 -0.1751, 1.4082 -0.0156 -0.1751, 1.4082 -0.0157 -0.1751, 1.414 -0.0315 -0.1751, -1.3845 -0.0211 -0.1264, -1.4084 -0.0156 -0.1751, -1.4064 0.0 -0.1751, -1.5683 -0.0211 -0.1264, -1.5463 0.0 -0.1751, -1.3924 -0.0427 -0.1264, -1.4052 -0.0617 -0.1264, -1.4237 -0.0457 -0.1751, -1.4145 -0.0326 -0.1751, -1.4142 -0.0316 -0.1751, -1.4085 -0.0168 -0.1751, -1.4513 -0.0651 -0.1751, -1.437 -0.0577 -0.1751, -1.4363 -0.0571 -0.1751, -1.4242 -0.0465 -0.1751, -1.4849 -0.0693 -0.1751, -1.4685 -0.0694 -0.1751, -1.4679 -0.0693 -0.1751, -1.452 -0.0655 -0.1751, -1.5102 -0.0879 -0.1264, -1.5165 -0.0572 -0.1751, -1.5019 -0.0651 -0.1751, -1.5014 -0.0652 -0.1751, -1.4855 -0.0693 -0.1751, -1.5604 -0.0427 -0.1264, -1.5387 -0.0316 -0.1751, -1.5294 -0.0456 -0.1751, -1.5292 -0.0458 -0.1751, -1.5168 -0.057 -0.1751, -1.5446 -0.0155 -0.1751, -1.5445 -0.0156 -0.1751, -1.5388 -0.0315 -0.1751, -1.3845 0.0211 -0.1264, -1.5445 0.0157 -0.1751, -1.5683 0.0211 -0.1264, -1.5445 0.0157 -0.1751, -1.5387 0.0317 -0.1751, -1.3924 0.0427 -0.1264, -1.4236 0.0459 -0.1751, -1.4052 0.0618 -0.1264, -1.4362 0.0573 -0.1751, -1.4513 0.0653 -0.1751, -1.4426 0.088 -0.1264, -1.4678 0.0694 -0.1751, -1.4849 0.0694 -0.1751, -1.5015 0.0653 -0.1751, -1.5165 0.0573 -0.1751, -1.5305 0.0772 -0.1264, -1.5292 0.0459 -0.1751, -1.5476 0.0618 -0.1264, -1.5604 0.0427 -0.1264, -1.4082 0.0157 -0.1751, -1.4082 0.0157 -0.1751, -1.414 0.0317 -0.1751, 1.3169 0.0787 0.6299, 1.3169 0.0787 1.2402, -1.3169 0.0787 0.6299, -1.3169 0.0787 1.2402, -0.3504 -0.128 1.2402, -0.437 -0.128 1.2402, -0.2402 -0.128 1.2402, -0.1535 -0.128 1.2402, -0.0433 -0.128 1.2402, 0.0433 -0.128 1.2402, 0.1535 -0.128 1.2402, 0.2402 -0.128 1.2402, 0.3504 -0.128 1.2402, 0.437 -0.128 1.2402, 0.5472 -0.128 1.2402, 1.0276 -0.128 1.2402
            ]
        }
        coordIndex [
            0,1,2,-1,2,1,3,-1,2,3,4,-1,4,3,5,-1,5,3,6,-1,5,6,7,-1,7,6,8,-1,8,6,9,-1,8,9,10,-1,10,9,11,-1,11,9,12,-1,11,12,13,-1,13,12,14,-1,14,12,15,-1,14,15,16,-1,16,15,17,-1,17,15,18,-1,17,18,19,-1,19,18,20,-1,20,18,21,-1,20,21,22,-1,22,21,23,-1,23,21,24,-1,23,24,25,-1,25,24,26,-1,26,24,27,-1,26,27,28,-1,28,27,29,-1,29,27,30,-1,29,30,31,-1,31,30,32,-1,32,30,33,-1,32,33,34,-1,34,33,35,-1,35,33,36,-1,35,36,37,-1,37,36,38,-1,38,36,39,-1,38,39,40,-1,40,39,41,-1,41,39,42,-1,41,42,43,-1,43,42,44,-1,44,42,45,-1,44,45,46,-1,46,45,47,-1,47,45,48,-1,47,48,49,-1,49,48,50,-1,50,48,51,-1,50,51,52,-1,52,51,53,-1,53,51,54,-1,53,54,55,-1,55,54,56,-1,56,54,57,-1,56,57,58,-1,58,57,59,-1,59,57,60,-1,59,60,61,-1,61,60,62,-1,62,60,63,-1,62,63,64,-1,64,63,65,-1,65,63,66,-1,65,66,67,-1,67,66,68,-1,68,66,69,-1,68,69,70,-1,70,69,71,-1,71,69,1,-1,71,1,0,-1,72,73,74,-1,74,73,75,-1,74,75,76,-1,76,75,77,-1,77,75,78,-1,77,78,79,-1,79,78,80,-1,80,78,81,-1,80,81,82,-1,82,81,83,-1,83,81,84,-1,83,84,85,-1,85,84,86,-1,86,84,87,-1,86,87,88,-1,88,87,89,-1,89,87,90,-1,89,90,91,-1,91,90,92,-1,92,90,93,-1,92,93,94,-1,94,93,95,-1,95,93,96,-1,95,96,97,-1,97,96,98,-1,98,96,99,-1,98,99,100,-1,100,99,101,-1,101,99,102,-1,101,102,103,-1,103,102,104,-1,104,102,105,-1,104,105,106,-1,106,105,107,-1,107,105,108,-1,107,108,109,-1,109,108,110,-1,110,108,111,-1,110,111,112,-1,112,111,113,-1,113,111,114,-1,113,114,115,-1,115,114,116,-1,116,114,117,-1,116,117,118,-1,118,117,119,-1,119,117,120,-1,119,120,121,-1,121,120,122,-1,122,120,123,-1,122,123,124,-1,124,123,125,-1,125,123,126,-1,125,126,127,-1,127,126,128,-1,128,126,129,-1,128,129,130,-1,130,129,131,-1,131,129,132,-1,131,132,133,-1,133,132,134,-1,134,132,135,-1,134,135,136,-1,136,135,137,-1,137,135,138,-1,137,138,139,-1,139,138,140,-1,140,138,141,-1,140,141,142,-1,142,141,143,-1,143,141,73,-1,143,73,72,-1,144,145,146,-1,146,145,147,-1,146,147,148,-1,148,147,149,-1,149,147,150,-1,150,147,151,-1,150,151,152,-1,153,154,155,-1,155,154,156,-1,155,156,151,-1,151,156,157,-1,151,157,152,-1,153,155,158,-1,158,155,159,-1,158,159,160,-1,161,162,163,-1,163,162,164,-1,163,164,159,-1,159,164,165,-1,159,165,160,-1,161,163,166,-1,166,163,167,-1,166,167,168,-1,169,170,171,-1,171,170,172,-1,171,172,167,-1,167,172,173,-1,167,173,168,-1,169,171,174,-1,174,171,175,-1,174,175,176,-1,177,178,179,-1,180,181,182,-1,182,181,183,-1,184,185,186,-1,186,185,187,-1,186,187,183,-1,183,187,188,-1,183,188,182,-1,184,186,189,-1,189,186,190,-1,189,190,191,-1,192,193,194,-1,194,193,195,-1,194,195,190,-1,190,195,196,-1,190,196,191,-1,192,194,197,-1,197,194,198,-1,197,198,199,-1,178,200,179,-1,179,200,201,-1,179,201,198,-1,198,201,202,-1,198,202,199,-1,203,204,205,-1,205,204,206,-1,205,206,207,-1,207,206,208,-1,207,208,179,-1,179,208,209,-1,179,209,177,-1,210,211,212,-1,212,211,213,-1,22,23,214,-1,215,216,217,-1,218,219,220,-1,37,221,35,-1,35,221,222,-1,35,222,34,-1,34,222,223,-1,34,223,32,-1,32,223,31,-1,31,223,224,-1,31,224,29,-1,214,23,225,-1,23,25,225,-1,225,25,26,-1,225,26,224,-1,224,26,28,-1,224,28,29,-1,22,214,20,-1,20,214,226,-1,20,226,19,-1,19,226,227,-1,19,227,17,-1,17,227,16,-1,16,227,228,-1,16,228,14,-1,14,228,13,-1,13,228,229,-1,13,229,11,-1,11,229,10,-1,10,229,230,-1,10,230,8,-1,8,230,7,-1,7,230,231,-1,7,231,5,-1,5,231,4,-1,4,231,218,-1,4,218,2,-1,2,218,220,-1,2,220,0,-1,232,219,233,-1,233,219,218,-1,233,218,234,-1,234,218,231,-1,234,231,235,-1,235,231,230,-1,235,230,236,-1,236,230,229,-1,236,229,237,-1,237,229,228,-1,237,228,238,-1,238,228,227,-1,238,227,239,-1,239,227,226,-1,239,226,240,-1,240,226,214,-1,240,214,241,-1,241,214,225,-1,241,225,242,-1,242,225,224,-1,242,224,243,-1,243,224,223,-1,243,223,217,-1,217,223,222,-1,217,222,215,-1,215,222,221,-1,220,219,244,-1,215,221,245,-1,245,221,37,-1,0,220,71,-1,71,220,244,-1,71,244,70,-1,70,244,246,-1,70,246,68,-1,68,246,67,-1,67,246,247,-1,67,247,65,-1,248,249,59,-1,59,61,248,-1,248,61,62,-1,248,62,247,-1,247,62,64,-1,247,64,65,-1,250,55,251,-1,251,55,56,-1,251,56,249,-1,249,56,58,-1,249,58,59,-1,252,52,250,-1,250,52,53,-1,250,53,55,-1,253,49,252,-1,252,49,50,-1,252,50,52,-1,254,46,253,-1,253,46,47,-1,253,47,49,-1,255,43,254,-1,254,43,44,-1,254,44,46,-1,37,38,245,-1,245,38,40,-1,245,40,255,-1,255,40,41,-1,255,41,43,-1,216,215,256,-1,256,215,245,-1,256,245,257,-1,257,245,255,-1,257,255,258,-1,258,255,254,-1,258,254,259,-1,259,254,253,-1,259,253,260,-1,260,253,252,-1,260,252,261,-1,261,252,250,-1,261,250,262,-1,262,250,251,-1,262,251,263,-1,263,251,249,-1,263,249,264,-1,264,249,248,-1,264,248,265,-1,265,248,247,-1,265,247,266,-1,266,247,246,-1,266,246,267,-1,267,246,244,-1,267,244,232,-1,232,244,219,-1,94,95,268,-1,269,270,271,-1,272,273,274,-1,109,275,107,-1,107,275,276,-1,107,276,106,-1,106,276,277,-1,106,277,104,-1,104,277,103,-1,103,277,278,-1,103,278,101,-1,268,95,279,-1,95,97,279,-1,279,97,98,-1,279,98,278,-1,278,98,100,-1,278,100,101,-1,94,268,92,-1,92,268,280,-1,92,280,91,-1,91,280,281,-1,91,281,89,-1,89,281,88,-1,88,281,282,-1,88,282,86,-1,86,282,85,-1,85,282,283,-1,85,283,83,-1,83,283,82,-1,82,283,284,-1,82,284,80,-1,80,284,79,-1,79,284,285,-1,79,285,77,-1,77,285,76,-1,76,285,272,-1,76,272,74,-1,74,272,274,-1,74,274,72,-1,286,273,287,-1,287,273,272,-1,287,272,288,-1,288,272,285,-1,288,285,289,-1,289,285,284,-1,289,284,290,-1,290,284,283,-1,290,283,291,-1,291,283,282,-1,291,282,292,-1,292,282,281,-1,292,281,293,-1,293,281,280,-1,293,280,294,-1,294,280,268,-1,294,268,295,-1,295,268,279,-1,295,279,296,-1,296,279,278,-1,296,278,297,-1,297,278,277,-1,297,277,271,-1,271,277,276,-1,271,276,269,-1,269,276,275,-1,274,273,298,-1,269,275,299,-1,299,275,109,-1,72,274,143,-1,143,274,298,-1,143,298,142,-1,142,298,300,-1,142,300,140,-1,140,300,139,-1,139,300,301,-1,139,301,137,-1,302,303,131,-1,131,133,302,-1,302,133,134,-1,302,134,301,-1,301,134,136,-1,301,136,137,-1,304,127,305,-1,305,127,128,-1,305,128,303,-1,303,128,130,-1,303,130,131,-1,306,124,304,-1,304,124,125,-1,304,125,127,-1,307,121,306,-1,306,121,122,-1,306,122,124,-1,308,118,307,-1,307,118,119,-1,307,119,121,-1,309,115,308,-1,308,115,116,-1,308,116,118,-1,109,110,299,-1,299,110,112,-1,299,112,309,-1,309,112,113,-1,309,113,115,-1,270,269,310,-1,310,269,299,-1,310,299,311,-1,311,299,309,-1,311,309,312,-1,312,309,308,-1,312,308,313,-1,313,308,307,-1,313,307,314,-1,314,307,306,-1,314,306,315,-1,315,306,304,-1,315,304,316,-1,316,304,305,-1,316,305,317,-1,317,305,303,-1,317,303,318,-1,318,303,302,-1,318,302,319,-1,319,302,301,-1,319,301,320,-1,320,301,300,-1,320,300,321,-1,321,300,298,-1,321,298,286,-1,286,298,273,-1,322,323,324,-1,325,326,327,-1,328,329,330,-1,330,329,331,-1,332,213,331,-1,331,213,211,-1,331,211,330,-1,330,211,333,-1,334,335,336,-1,336,335,337,-1,336,337,211,-1,211,337,338,-1,339,340,211,-1,211,340,341,-1,211,341,336,-1,342,343,338,-1,338,343,344,-1,338,344,211,-1,211,344,345,-1,346,347,345,-1,345,347,348,-1,345,348,211,-1,211,348,349,-1,350,351,332,-1,332,351,352,-1,332,352,213,-1,213,352,353,-1,213,353,354,-1,327,333,325,-1,325,333,211,-1,325,211,355,-1,356,357,358,-1,358,357,359,-1,358,359,360,-1,361,362,363,-1,363,362,364,-1,363,364,365,-1,365,366,363,-1,363,366,367,-1,363,367,368,-1,360,369,358,-1,358,369,370,-1,358,370,371,-1,324,355,322,-1,322,355,211,-1,322,211,372,-1,372,211,349,-1,372,349,373,-1,373,349,374,-1,354,375,213,-1,213,375,363,-1,213,363,376,-1,376,363,368,-1,339,211,358,-1,358,211,377,-1,358,377,356,-1,378,379,380,-1,380,379,381,-1,380,381,361,-1,361,381,362,-1,381,382,362,-1,362,382,383,-1,362,383,364,-1,364,383,384,-1,364,384,365,-1,376,368,385,-1,385,368,367,-1,385,367,384,-1,384,367,366,-1,384,366,365,-1,385,386,376,-1,376,386,212,-1,376,212,213,-1,211,210,377,-1,377,210,387,-1,377,387,356,-1,356,387,388,-1,356,388,357,-1,357,388,359,-1,359,388,389,-1,359,389,360,-1,360,389,390,-1,360,390,369,-1,369,390,391,-1,369,391,370,-1,370,391,371,-1,371,391,392,-1,371,392,393,-1,393,392,394,-1,393,394,395,-1,396,397,232,-1,232,397,398,-1,399,400,401,-1,401,400,402,-1,401,402,396,-1,396,402,403,-1,396,403,397,-1,401,404,399,-1,399,404,405,-1,399,405,406,-1,406,405,237,-1,406,237,407,-1,407,237,238,-1,407,238,408,-1,408,238,239,-1,408,239,409,-1,409,239,240,-1,409,240,410,-1,410,240,411,-1,410,411,412,-1,412,411,242,-1,412,242,413,-1,414,415,242,-1,242,415,416,-1,242,416,413,-1,216,417,418,-1,418,417,419,-1,418,419,414,-1,414,419,420,-1,414,420,415,-1,267,232,398,-1,421,422,216,-1,216,422,417,-1,423,258,424,-1,424,425,423,-1,423,425,426,-1,423,426,421,-1,421,426,427,-1,421,427,422,-1,428,260,429,-1,429,430,428,-1,428,430,431,-1,428,431,258,-1,258,431,432,-1,258,432,424,-1,433,262,434,-1,434,435,433,-1,433,435,436,-1,433,436,260,-1,260,436,437,-1,260,437,429,-1,263,438,439,-1,439,440,263,-1,263,440,441,-1,263,441,262,-1,262,441,442,-1,262,442,434,-1,443,444,445,-1,445,446,443,-1,443,446,447,-1,443,447,438,-1,438,447,448,-1,438,448,439,-1,398,449,267,-1,267,449,450,-1,267,450,444,-1,444,450,451,-1,444,451,445,-1,452,453,286,-1,286,453,454,-1,455,270,456,-1,457,458,459,-1,459,460,457,-1,457,460,461,-1,457,461,452,-1,452,461,462,-1,452,462,453,-1,290,291,463,-1,463,464,290,-1,290,464,465,-1,290,465,458,-1,458,465,466,-1,458,466,459,-1,292,293,467,-1,467,468,292,-1,292,468,469,-1,292,469,291,-1,291,469,470,-1,291,470,463,-1,471,295,472,-1,472,473,471,-1,471,473,474,-1,471,474,293,-1,293,474,475,-1,293,475,467,-1,296,476,477,-1,477,478,296,-1,296,478,479,-1,296,479,295,-1,295,479,480,-1,295,480,472,-1,456,481,455,-1,455,481,482,-1,455,482,476,-1,476,482,483,-1,476,483,477,-1,484,286,454,-1,456,270,485,-1,485,270,486,-1,485,486,487,-1,487,486,488,-1,489,490,491,-1,491,490,492,-1,491,492,318,-1,318,492,493,-1,318,493,494,-1,494,493,495,-1,494,495,316,-1,316,495,496,-1,316,496,315,-1,315,496,497,-1,315,497,314,-1,314,497,498,-1,314,498,499,-1,499,498,500,-1,499,500,501,-1,501,500,488,-1,501,488,502,-1,502,488,486,-1,454,503,484,-1,484,503,504,-1,484,504,489,-1,489,504,505,-1,489,505,490,-1,394,506,395,-1,395,506,507,-1,508,379,509,-1,509,379,378,-1,352,510,353,-1,353,510,511,-1,352,351,510,-1,330,512,328,-1,512,330,513,-1,513,330,333,-1,333,327,513,-1,514,323,322,-1,514,322,515,-1,515,322,372,-1,372,373,515,-1,516,346,345,-1,516,345,517,-1,517,345,344,-1,344,343,517,-1,518,334,336,-1,518,336,519,-1,519,336,341,-1,520,340,521,-1,521,340,339,-1,
        ]
    }
}
Shape{
    appearance Appearance {
        material  Material 	{
            diffuseColor 1.0 1.0 0.0
            specularColor 1.0 1.0 0.0
            ambientIntensity 0.886
            transparency 0.0
            shininess 0.5
        }
    }
    geometry IndexedFaceSet {
        ccw TRUE
        solid FALSE
        coord DEF co Coordinate {
            point [
                -1.1378 -0.1378 2.0866, -1.1378 -0.1378 1.2402, -1.0276 -0.1378 2.0866, -1.0276 -0.1378 1.2402
            ]
        }
        coordIndex [
            0,1,2,-1,2,1,3,-1,
        ]
    }
}
Shape{
    appearance Appearance {
        material  Material 	{
            diffuseColor 0.25098039215686274 0.25098039215686274 0.25098039215686274
            specularColor 0.12549019607843137 0.12549019607843137 0.12549019607843137
            ambientIntensity 0.251
            transparency 0.0
            shininess 0.5
        }
    }
    geometry IndexedFaceSet {
        ccw TRUE
        solid FALSE
        coord DEF co Coordinate {
            point [
                -1.0276 -0.128 1.2402, -1.0276 -0.1378 1.2402, -0.5472 -0.128 1.2402, -0.5472 -0.1378 1.2402, 1.4565 0.0285 -0.1968, 1.4564 0.0284 -0.1968, 1.4516 0.0353 -0.1959, 1.4343 0.0096 -0.1959, 1.4427 0.0077 -0.1968, 1.442 0.0052 -0.1968, 1.4442 0.0131 -0.1968, 1.4379 0.0195 -0.1959, 1.4456 0.0156 -0.1968, 1.4482 0.0203 -0.1968, 1.4438 0.0282 -0.1959, 1.4502 0.0227 -0.1968, 1.4516 0.0243 -0.1968, 1.4628 0.032 -0.1968, 1.4609 0.0402 -0.1959, 1.4708 0.0343 -0.1968, 1.4711 0.0428 -0.1959, 1.4721 0.0344 -0.1968, 1.5011 0.0353 -0.1959, 1.4889 0.0325 -0.1968, 1.4919 0.0402 -0.1959, 1.4888 0.0325 -0.1968, 1.4816 0.0428 -0.1959, 1.4816 0.0343 -0.1968, 1.4761 0.0347 -0.1968, 1.5029 0.0224 -0.1968, 1.5026 0.0227 -0.1968, 1.509 0.0282 -0.1959, 1.5005 0.0249 -0.1968, 1.4953 0.0291 -0.1968, 1.5184 0.0096 -0.1959, 1.5195 -0.0 -0.1957, 1.5165 -0.0 -0.1965, 1.5072 0.0162 -0.1968, 1.5149 0.0195 -0.1959, 1.51 0.009 -0.1968, 1.5101 0.0077 -0.1968, 1.5111 -0.0 -0.1968, 1.5265 0.0115 -0.1931, 1.5277 -0.0 -0.1929, 1.5252 -0.0 -0.1943, 1.5338 0.0132 -0.1885, 1.5352 -0.0 -0.1884, 1.5337 -0.0 -0.1897, 1.5445 0.0156 -0.1751, 1.5463 -0.0 -0.1751, 1.5415 -0.0 -0.1824, 1.5445 0.0156 -0.1751, 1.5399 0.0146 -0.1824, 1.5409 -0.0 -0.1832, 1.4092 -0.0 -0.1798, 1.4064 -0.0 -0.1751, 1.4082 0.0156 -0.1751, 1.4151 -0.0 -0.1865, 1.4114 -0.0 -0.1823, 1.4129 0.0146 -0.1824, 1.423 -0.0 -0.1921, 1.4176 -0.0 -0.1883, 1.419 0.0132 -0.1885, 1.432 -0.0 -0.1957, 1.425 -0.0 -0.1929, 1.4262 0.0115 -0.1931, 1.4332 -0.0 -0.1958, 1.4417 -0.0 -0.1968, 1.4305 0.0233 -0.1931, 1.4375 0.0337 -0.1931, 1.4469 0.0421 -0.1931, 1.4579 0.048 -0.1931, 1.4701 0.051 -0.1931, 1.4827 0.051 -0.1931, 1.4948 0.048 -0.1931, 1.5059 0.0421 -0.1931, 1.5152 0.0337 -0.1931, 1.5222 0.0233 -0.1931, 1.4239 0.0267 -0.1885, 1.4319 0.0386 -0.1885, 1.4426 0.0482 -0.1885, 1.4553 0.0549 -0.1885, 1.4692 0.0584 -0.1885, 1.4836 0.0584 -0.1885, 1.4975 0.0549 -0.1885, 1.5102 0.0482 -0.1885, 1.5209 0.0386 -0.1885, 1.5289 0.0267 -0.1885, 1.4183 0.0295 -0.1824, 1.4272 0.0427 -0.1824, 1.439 0.0533 -0.1824, 1.453 0.0608 -0.1824, 1.4684 0.0646 -0.1824, 1.4843 0.0646 -0.1824, 1.4997 0.0608 -0.1824, 1.5138 0.0533 -0.1824, 1.5256 0.0427 -0.1824, 1.5345 0.0295 -0.1824, 1.5387 0.0316 -0.1751, 1.5387 0.0317 -0.1751, 1.5292 0.0458 -0.1751, 1.5165 0.0572 -0.1751, 1.5015 0.0652 -0.1751, 1.4849 0.0694 -0.1751, 1.4679 0.0694 -0.1751, 1.4513 0.0652 -0.1751, 1.4362 0.0572 -0.1751, 1.4236 0.0458 -0.1751, 1.414 0.0317 -0.1751, 1.4082 0.0156 -0.1751, 1.414 0.0316 -0.1751, 1.5291 -0.0458 -0.1751, 1.5285 -0.0466 -0.1751, 1.525 -0.0434 -0.1824, 1.5164 -0.0572 -0.1751, 1.5158 -0.0578 -0.1751, 1.5131 -0.0538 -0.1824, 1.5014 -0.0652 -0.1751, 1.5007 -0.0656 -0.1751, 1.4991 -0.0611 -0.1824, 1.4849 -0.0693 -0.1751, 1.4842 -0.0695 -0.1751, 1.4837 -0.0648 -0.1824, 1.4679 -0.0693 -0.1751, 1.4673 -0.0693 -0.1751, 1.4679 -0.0646 -0.1824, 1.4513 -0.0652 -0.1751, 1.4508 -0.0651 -0.1751, 1.4526 -0.0607 -0.1824, 1.4363 -0.0572 -0.1751, 1.4359 -0.057 -0.1751, 1.4387 -0.0532 -0.1824, 1.4236 -0.0458 -0.1751, 1.4234 -0.0456 -0.1751, 1.427 -0.0425 -0.1824, 1.4141 -0.0317 -0.1751, 1.414 -0.0315 -0.1751, 1.4182 -0.0294 -0.1824, 1.4082 -0.0157 -0.1751, 1.4082 -0.0156 -0.1751, 1.4128 -0.0145 -0.1824, 1.4262 -0.0115 -0.1931, 1.4343 -0.0096 -0.1959, 1.4378 -0.0195 -0.1959, 1.4189 -0.0131 -0.1885, 1.464 -0.0326 -0.1968, 1.4711 -0.0344 -0.1968, 1.4707 -0.0428 -0.1959, 1.49 -0.0321 -0.1968, 1.4963 -0.0286 -0.1968, 1.5007 -0.0357 -0.1959, 1.5252 -0.0 -0.1943, 1.5263 -0.0124 -0.1931, 1.5396 -0.0157 -0.1824, 1.5336 -0.0142 -0.1885, 1.5086 -0.0132 -0.1968, 1.5099 -0.0083 -0.1968, 1.5183 -0.0104 -0.1959, 1.5107 -0.0053 -0.1968, 1.5045 -0.0204 -0.1968, 1.5069 -0.0161 -0.1968, 1.5145 -0.0202 -0.1959, 1.5011 -0.0244 -0.1968, 1.5086 -0.0288 -0.1959, 1.5022 -0.0231 -0.1968, 1.4819 -0.0343 -0.1968, 1.4884 -0.0325 -0.1968, 1.4914 -0.0405 -0.1959, 1.4767 -0.0347 -0.1968, 1.4812 -0.0429 -0.1959, 1.4803 -0.0344 -0.1968, 1.4606 -0.0402 -0.1959, 1.4637 -0.0324 -0.1968, 1.4514 -0.0352 -0.1959, 1.4575 -0.0292 -0.1968, 1.4499 -0.0225 -0.1968, 1.45 -0.0227 -0.1968, 1.4437 -0.0282 -0.1959, 1.4522 -0.025 -0.1968, 1.4455 -0.0162 -0.1968, 1.4428 -0.0091 -0.1968, 1.4426 -0.0077 -0.1968, 1.4305 -0.0232 -0.1931, 1.4238 -0.0266 -0.1885, 1.4374 -0.0336 -0.1931, 1.534 -0.0305 -0.1824, 1.4466 -0.042 -0.1931, 1.4317 -0.0384 -0.1885, 1.4576 -0.0479 -0.1931, 1.4423 -0.0481 -0.1885, 1.4697 -0.051 -0.1931, 1.4549 -0.0548 -0.1885, 1.4821 -0.0511 -0.1931, 1.4687 -0.0584 -0.1885, 1.4943 -0.0482 -0.1931, 1.483 -0.0585 -0.1885, 1.5054 -0.0425 -0.1931, 1.4969 -0.0552 -0.1885, 1.5147 -0.0343 -0.1931, 1.5096 -0.0487 -0.1885, 1.5219 -0.024 -0.1931, 1.5203 -0.0393 -0.1885, 1.5285 -0.0275 -0.1885, 1.5382 -0.0327 -0.1751, 1.5444 -0.0157 -0.1751, 1.5443 -0.0168 -0.1751, 1.5386 -0.0317 -0.1751, -1.4237 -0.0457 -0.1751, -1.4242 -0.0465 -0.1751, -1.4278 -0.0434 -0.1824, -1.4363 -0.0571 -0.1751, -1.437 -0.0577 -0.1751, -1.4397 -0.0538 -0.1824, -1.4513 -0.0651 -0.1751, -1.452 -0.0655 -0.1751, -1.4537 -0.061 -0.1824, -1.4679 -0.0693 -0.1751, -1.4685 -0.0694 -0.1751, -1.4691 -0.0647 -0.1824, -1.4849 -0.0693 -0.1751, -1.4855 -0.0693 -0.1751, -1.4849 -0.0646 -0.1824, -1.5014 -0.0652 -0.1751, -1.5019 -0.0651 -0.1751, -1.5002 -0.0606 -0.1824, -1.5165 -0.0572 -0.1751, -1.5168 -0.057 -0.1751, -1.5141 -0.0531 -0.1824, -1.5292 -0.0458 -0.1751, -1.5294 -0.0456 -0.1751, -1.5258 -0.0425 -0.1824, -1.5387 -0.0316 -0.1751, -1.5388 -0.0315 -0.1751, -1.5346 -0.0293 -0.1824, -1.5265 -0.0114 -0.1931, -1.5185 -0.0096 -0.1959, -1.5149 -0.0194 -0.1959, -1.432 0.0 -0.1957, -1.425 0.0 -0.1929, -1.4264 -0.0123 -0.1931, -1.5409 0.0 -0.1832, -1.5352 0.0 -0.1884, -1.5338 -0.0131 -0.1885, -1.4888 -0.0325 -0.1968, -1.4816 -0.0343 -0.1968, -1.482 -0.0427 -0.1959, -1.4628 -0.032 -0.1968, -1.4565 -0.0285 -0.1968, -1.4521 -0.0356 -0.1959, -1.4417 0.0 -0.1968, -1.4332 0.0 -0.1958, -1.442 -0.0052 -0.1968, -1.4345 -0.0103 -0.1959, -1.4429 -0.0083 -0.1968, -1.4442 -0.0131 -0.1968, -1.4482 -0.0203 -0.1968, -1.4459 -0.0161 -0.1968, -1.4382 -0.0201 -0.1959, -1.4516 -0.0243 -0.1968, -1.4442 -0.0287 -0.1959, -1.4505 -0.023 -0.1968, -1.4708 -0.0343 -0.1968, -1.4643 -0.0324 -0.1968, -1.4614 -0.0404 -0.1959, -1.4761 -0.0347 -0.1968, -1.4715 -0.0428 -0.1959, -1.4725 -0.0344 -0.1968, -1.4921 -0.0401 -0.1959, -1.4891 -0.0323 -0.1968, -1.5014 -0.0352 -0.1959, -1.4953 -0.0291 -0.1968, -1.5029 -0.0224 -0.1968, -1.5027 -0.0226 -0.1968, -1.5091 -0.0281 -0.1959, -1.5005 -0.0249 -0.1968, -1.5072 -0.0162 -0.1968, -1.51 -0.009 -0.1968, -1.5101 -0.0077 -0.1968, -1.5165 0.0 -0.1965, -1.5111 0.0 -0.1968, -1.5337 0.0 -0.1897, -1.5277 0.0 -0.1929, -1.5252 0.0 -0.1943, -1.5195 0.0 -0.1957, -1.5463 0.0 -0.1751, -1.5415 0.0 -0.1824, -1.5446 -0.0155 -0.1751, -1.5399 -0.0145 -0.1824, -1.5445 -0.0156 -0.1751, -1.4092 0.0 -0.1798, -1.4064 0.0 -0.1751, -1.4084 -0.0156 -0.1751, -1.4131 -0.0156 -0.1824, -1.4114 0.0 -0.1823, -1.423 0.0 -0.1921, -1.4176 0.0 -0.1883, -1.4192 -0.0141 -0.1885, -1.4151 0.0 -0.1865, -1.5223 -0.0231 -0.1931, -1.529 -0.0265 -0.1885, -1.5154 -0.0335 -0.1931, -1.4188 -0.0304 -0.1824, -1.5061 -0.0419 -0.1931, -1.521 -0.0384 -0.1885, -1.4952 -0.0478 -0.1931, -1.5105 -0.048 -0.1885, -1.4831 -0.051 -0.1931, -1.4979 -0.0548 -0.1885, -1.4706 -0.0511 -0.1931, -1.4841 -0.0584 -0.1885, -1.4585 -0.0482 -0.1931, -1.4698 -0.0585 -0.1885, -1.4474 -0.0425 -0.1931, -1.4559 -0.0552 -0.1885, -1.438 -0.0342 -0.1931, -1.4432 -0.0486 -0.1885, -1.4309 -0.024 -0.1931, -1.4325 -0.0392 -0.1885, -1.4243 -0.0275 -0.1885, -1.4145 -0.0326 -0.1751, -1.4085 -0.0168 -0.1751, -1.4142 -0.0316 -0.1751, -1.4963 0.0286 -0.1968, -1.4963 0.0285 -0.1968, -1.5012 0.0353 -0.1959, -1.5399 0.0146 -0.1824, -1.5445 0.0157 -0.1751, -1.5338 0.0132 -0.1885, -1.5252 0.0 -0.1943, -1.5265 0.0115 -0.1931, -1.5184 0.0097 -0.1959, -1.5101 0.0077 -0.1968, -1.5107 0.0053 -0.1968, -1.5086 0.0132 -0.1968, -1.5149 0.0196 -0.1959, -1.5072 0.0157 -0.1968, -1.5045 0.0204 -0.1968, -1.509 0.0283 -0.1959, -1.5025 0.0227 -0.1968, -1.5011 0.0244 -0.1968, -1.49 0.0321 -0.1968, -1.4919 0.0403 -0.1959, -1.4819 0.0343 -0.1968, -1.4816 0.0428 -0.1959, -1.4806 0.0344 -0.1968, -1.4516 0.0353 -0.1959, -1.4639 0.0325 -0.1968, -1.4609 0.0403 -0.1959, -1.464 0.0326 -0.1968, -1.4711 0.0428 -0.1959, -1.4711 0.0344 -0.1968, -1.4767 0.0347 -0.1968, -1.4499 0.0225 -0.1968, -1.4501 0.0228 -0.1968, -1.4438 0.0283 -0.1959, -1.4522 0.025 -0.1968, -1.4575 0.0292 -0.1968, -1.4455 0.0162 -0.1968, -1.4379 0.0196 -0.1959, -1.4428 0.0091 -0.1968, -1.4343 0.0097 -0.1959, -1.4426 0.0078 -0.1968, -1.4262 0.0115 -0.1931, -1.419 0.0132 -0.1885, -1.4129 0.0146 -0.1824, -1.4082 0.0157 -0.1751, -1.5222 0.0233 -0.1931, -1.5152 0.0337 -0.1931, -1.5059 0.0421 -0.1931, -1.4948 0.048 -0.1931, -1.4827 0.0511 -0.1931, -1.4701 0.0511 -0.1931, -1.4579 0.048 -0.1931, -1.4469 0.0421 -0.1931, -1.4375 0.0337 -0.1931, -1.4305 0.0233 -0.1931, -1.5289 0.0267 -0.1885, -1.5209 0.0386 -0.1885, -1.5102 0.0482 -0.1885, -1.4975 0.055 -0.1885, -1.4836 0.0585 -0.1885, -1.4692 0.0585 -0.1885, -1.4553 0.055 -0.1885, -1.4426 0.0482 -0.1885, -1.4319 0.0386 -0.1885, -1.4239 0.0267 -0.1885, -1.5345 0.0295 -0.1824, -1.5256 0.0427 -0.1824, -1.5138 0.0534 -0.1824, -1.4997 0.0608 -0.1824, -1.4843 0.0647 -0.1824, -1.4684 0.0647 -0.1824, -1.453 0.0608 -0.1824, -1.439 0.0534 -0.1824, -1.4272 0.0427 -0.1824, -1.4183 0.0295 -0.1824, -1.5445 0.0157 -0.1751, -1.5387 0.0317 -0.1751, -1.5292 0.0459 -0.1751, -1.5165 0.0573 -0.1751, -1.5015 0.0653 -0.1751, -1.4849 0.0694 -0.1751, -1.4678 0.0694 -0.1751, -1.4513 0.0653 -0.1751, -1.4362 0.0573 -0.1751, -1.4236 0.0459 -0.1751, -1.414 0.0317 -0.1751, -1.4082 0.0157 -0.1751, 1.0276 -0.1378 1.2402, 1.0276 -0.128 1.25, 1.0276 -0.128 1.2402
            ]
        }
        coordIndex [
            0,1,2,-1,2,1,3,-1,4,5,6,-1,7,8,9,-1,8,7,10,-1,10,7,11,-1,10,11,12,-1,12,11,13,-1,13,11,14,-1,13,14,15,-1,6,5,14,-1,14,5,16,-1,14,16,15,-1,4,6,17,-1,17,6,18,-1,17,18,19,-1,19,18,20,-1,19,20,21,-1,22,23,24,-1,24,23,25,-1,24,25,26,-1,26,25,27,-1,26,27,20,-1,20,27,28,-1,20,28,21,-1,29,30,31,-1,31,30,32,-1,31,32,22,-1,22,32,33,-1,22,33,23,-1,34,35,36,-1,29,31,37,-1,37,31,38,-1,37,38,39,-1,39,38,34,-1,39,34,40,-1,40,34,36,-1,40,36,41,-1,42,43,44,-1,45,46,47,-1,48,49,50,-1,51,48,52,-1,52,48,50,-1,52,50,53,-1,54,55,56,-1,57,58,59,-1,59,58,54,-1,60,61,62,-1,62,61,57,-1,63,64,65,-1,65,64,60,-1,63,7,66,-1,66,7,9,-1,66,9,67,-1,63,65,7,-1,7,65,68,-1,7,68,11,-1,11,68,69,-1,11,69,14,-1,14,69,70,-1,14,70,6,-1,6,70,71,-1,6,71,18,-1,18,71,72,-1,18,72,20,-1,20,72,73,-1,20,73,26,-1,26,73,74,-1,26,74,24,-1,24,74,75,-1,24,75,22,-1,22,75,76,-1,22,76,31,-1,31,76,77,-1,31,77,38,-1,38,77,42,-1,38,42,34,-1,34,42,44,-1,34,44,35,-1,60,62,65,-1,65,62,78,-1,65,78,68,-1,68,78,79,-1,68,79,69,-1,69,79,80,-1,69,80,70,-1,70,80,81,-1,70,81,71,-1,71,81,82,-1,71,82,72,-1,72,82,83,-1,72,83,73,-1,73,83,84,-1,73,84,74,-1,74,84,85,-1,74,85,75,-1,75,85,86,-1,75,86,76,-1,76,86,87,-1,76,87,77,-1,77,87,45,-1,77,45,42,-1,42,45,47,-1,42,47,43,-1,57,59,62,-1,62,59,88,-1,62,88,78,-1,78,88,89,-1,78,89,79,-1,79,89,90,-1,79,90,80,-1,80,90,91,-1,80,91,81,-1,81,91,92,-1,81,92,82,-1,82,92,93,-1,82,93,83,-1,83,93,94,-1,83,94,84,-1,84,94,95,-1,84,95,85,-1,85,95,96,-1,85,96,86,-1,86,96,97,-1,86,97,87,-1,87,97,52,-1,87,52,45,-1,45,52,53,-1,45,53,46,-1,51,52,98,-1,98,52,97,-1,98,97,99,-1,99,97,96,-1,99,96,100,-1,100,96,95,-1,100,95,101,-1,101,95,94,-1,101,94,102,-1,102,94,93,-1,102,93,103,-1,103,93,92,-1,103,92,104,-1,104,92,91,-1,104,91,105,-1,105,91,90,-1,105,90,106,-1,106,90,89,-1,106,89,107,-1,107,89,88,-1,107,88,108,-1,54,56,59,-1,59,56,109,-1,59,109,88,-1,88,109,110,-1,88,110,108,-1,111,112,113,-1,114,115,116,-1,117,118,119,-1,120,121,122,-1,123,124,125,-1,126,127,128,-1,129,130,131,-1,132,133,134,-1,135,136,137,-1,138,139,140,-1,141,142,143,-1,57,61,144,-1,145,146,147,-1,148,149,150,-1,151,43,152,-1,153,50,49,-1,47,46,154,-1,154,46,53,-1,155,156,157,-1,157,156,158,-1,158,41,157,-1,157,41,36,-1,157,36,35,-1,159,160,161,-1,161,160,155,-1,149,162,163,-1,163,162,164,-1,163,164,159,-1,165,166,167,-1,167,166,148,-1,146,168,169,-1,169,168,170,-1,169,170,165,-1,171,172,145,-1,173,174,172,-1,175,176,177,-1,177,176,178,-1,179,143,180,-1,180,143,142,-1,180,142,181,-1,67,181,66,-1,66,181,142,-1,66,142,63,-1,63,142,141,-1,63,141,64,-1,64,141,60,-1,58,140,54,-1,54,140,139,-1,54,139,55,-1,61,60,144,-1,144,60,141,-1,144,141,182,-1,182,141,143,-1,182,143,177,-1,177,143,179,-1,177,179,175,-1,58,57,140,-1,140,57,144,-1,140,144,183,-1,183,144,182,-1,183,182,184,-1,184,182,177,-1,184,177,173,-1,173,177,178,-1,173,178,174,-1,185,154,153,-1,153,154,53,-1,153,53,50,-1,172,171,173,-1,173,171,186,-1,173,186,184,-1,184,186,187,-1,184,187,183,-1,183,187,137,-1,183,137,140,-1,140,137,136,-1,140,136,138,-1,145,147,171,-1,171,147,188,-1,171,188,186,-1,186,188,189,-1,186,189,187,-1,187,189,134,-1,187,134,137,-1,137,134,133,-1,137,133,135,-1,146,169,147,-1,147,169,190,-1,147,190,188,-1,188,190,191,-1,188,191,189,-1,189,191,131,-1,189,131,134,-1,134,131,130,-1,134,130,132,-1,165,167,169,-1,169,167,192,-1,169,192,190,-1,190,192,193,-1,190,193,191,-1,191,193,128,-1,191,128,131,-1,131,128,127,-1,131,127,129,-1,148,150,167,-1,167,150,194,-1,167,194,192,-1,192,194,195,-1,192,195,193,-1,193,195,125,-1,193,125,128,-1,128,125,124,-1,128,124,126,-1,149,163,150,-1,150,163,196,-1,150,196,194,-1,194,196,197,-1,194,197,195,-1,195,197,122,-1,195,122,125,-1,125,122,121,-1,125,121,123,-1,159,161,163,-1,163,161,198,-1,163,198,196,-1,196,198,199,-1,196,199,197,-1,197,199,119,-1,197,119,122,-1,122,119,118,-1,122,118,120,-1,155,157,161,-1,161,157,200,-1,161,200,198,-1,198,200,201,-1,198,201,199,-1,199,201,116,-1,199,116,119,-1,119,116,115,-1,119,115,117,-1,35,151,157,-1,157,151,152,-1,157,152,200,-1,200,152,202,-1,200,202,201,-1,201,202,113,-1,201,113,116,-1,116,113,112,-1,116,112,114,-1,43,47,152,-1,152,47,154,-1,152,154,202,-1,202,154,185,-1,202,185,113,-1,113,185,203,-1,113,203,111,-1,49,204,153,-1,153,204,205,-1,153,205,185,-1,185,205,206,-1,185,206,203,-1,207,208,209,-1,210,211,212,-1,213,214,215,-1,216,217,218,-1,219,220,221,-1,222,223,224,-1,225,226,227,-1,228,229,230,-1,231,232,233,-1,234,235,236,-1,237,238,239,-1,240,241,242,-1,243,244,245,-1,246,247,248,-1,249,250,251,-1,251,250,252,-1,251,252,253,-1,253,252,254,-1,255,256,257,-1,257,256,254,-1,247,258,259,-1,259,258,260,-1,259,260,255,-1,261,262,263,-1,263,262,246,-1,244,264,265,-1,265,264,266,-1,265,266,261,-1,267,268,243,-1,269,270,268,-1,271,272,273,-1,273,272,274,-1,275,236,276,-1,276,236,235,-1,276,235,277,-1,277,235,278,-1,277,278,279,-1,280,281,234,-1,234,281,282,-1,234,282,235,-1,235,282,283,-1,235,283,278,-1,284,285,286,-1,286,285,287,-1,286,287,288,-1,289,290,291,-1,292,293,289,-1,294,295,296,-1,296,295,297,-1,241,280,242,-1,242,280,234,-1,242,234,298,-1,298,234,236,-1,298,236,273,-1,273,236,275,-1,273,275,271,-1,285,240,287,-1,287,240,242,-1,287,242,299,-1,299,242,298,-1,299,298,300,-1,300,298,273,-1,300,273,269,-1,269,273,274,-1,269,274,270,-1,301,296,292,-1,292,296,297,-1,292,297,293,-1,268,267,269,-1,269,267,302,-1,269,302,300,-1,300,302,303,-1,300,303,299,-1,299,303,233,-1,299,233,287,-1,287,233,232,-1,287,232,288,-1,243,245,267,-1,267,245,304,-1,267,304,302,-1,302,304,305,-1,302,305,303,-1,303,305,230,-1,303,230,233,-1,233,230,229,-1,233,229,231,-1,244,265,245,-1,245,265,306,-1,245,306,304,-1,304,306,307,-1,304,307,305,-1,305,307,227,-1,305,227,230,-1,230,227,226,-1,230,226,228,-1,261,263,265,-1,265,263,308,-1,265,308,306,-1,306,308,309,-1,306,309,307,-1,307,309,224,-1,307,224,227,-1,227,224,223,-1,227,223,225,-1,246,248,263,-1,263,248,310,-1,263,310,308,-1,308,310,311,-1,308,311,309,-1,309,311,221,-1,309,221,224,-1,224,221,220,-1,224,220,222,-1,247,259,248,-1,248,259,312,-1,248,312,310,-1,310,312,313,-1,310,313,311,-1,311,313,218,-1,311,218,221,-1,221,218,217,-1,221,217,219,-1,255,257,259,-1,259,257,314,-1,259,314,312,-1,312,314,315,-1,312,315,313,-1,313,315,215,-1,313,215,218,-1,218,215,214,-1,218,214,216,-1,254,252,257,-1,257,252,316,-1,257,316,314,-1,314,316,317,-1,314,317,315,-1,315,317,212,-1,315,212,215,-1,215,212,211,-1,215,211,213,-1,250,237,252,-1,252,237,239,-1,252,239,316,-1,316,239,318,-1,316,318,317,-1,317,318,209,-1,317,209,212,-1,212,209,208,-1,212,208,210,-1,238,294,239,-1,239,294,296,-1,239,296,318,-1,318,296,301,-1,318,301,209,-1,209,301,319,-1,209,319,207,-1,289,291,292,-1,292,291,320,-1,292,320,301,-1,301,320,321,-1,301,321,319,-1,322,323,324,-1,240,285,325,-1,325,285,284,-1,325,284,326,-1,280,241,327,-1,327,241,240,-1,328,281,329,-1,329,281,280,-1,330,283,328,-1,330,331,332,-1,283,330,278,-1,278,330,332,-1,278,332,279,-1,331,330,333,-1,333,330,334,-1,333,334,335,-1,335,334,336,-1,336,334,337,-1,336,337,338,-1,324,323,337,-1,337,323,339,-1,337,339,338,-1,322,324,340,-1,340,324,341,-1,340,341,342,-1,342,341,343,-1,342,343,344,-1,345,346,347,-1,347,346,348,-1,347,348,349,-1,349,348,350,-1,349,350,343,-1,343,350,351,-1,343,351,344,-1,352,353,354,-1,354,353,355,-1,354,355,345,-1,345,355,356,-1,345,356,346,-1,352,354,357,-1,357,354,358,-1,357,358,359,-1,359,358,360,-1,359,360,361,-1,361,360,250,-1,361,250,249,-1,362,238,237,-1,363,295,294,-1,364,293,297,-1,365,290,289,-1,328,329,330,-1,330,329,366,-1,330,366,334,-1,334,366,367,-1,334,367,337,-1,337,367,368,-1,337,368,324,-1,324,368,369,-1,324,369,341,-1,341,369,370,-1,341,370,343,-1,343,370,371,-1,343,371,349,-1,349,371,372,-1,349,372,347,-1,347,372,373,-1,347,373,345,-1,345,373,374,-1,345,374,354,-1,354,374,375,-1,354,375,358,-1,358,375,362,-1,358,362,360,-1,360,362,237,-1,360,237,250,-1,280,327,329,-1,329,327,376,-1,329,376,366,-1,366,376,377,-1,366,377,367,-1,367,377,378,-1,367,378,368,-1,368,378,379,-1,368,379,369,-1,369,379,380,-1,369,380,370,-1,370,380,381,-1,370,381,371,-1,371,381,382,-1,371,382,372,-1,372,382,383,-1,372,383,373,-1,373,383,384,-1,373,384,374,-1,374,384,385,-1,374,385,375,-1,375,385,363,-1,375,363,362,-1,362,363,294,-1,362,294,238,-1,240,325,327,-1,327,325,386,-1,327,386,376,-1,376,386,387,-1,376,387,377,-1,377,387,388,-1,377,388,378,-1,378,388,389,-1,378,389,379,-1,379,389,390,-1,379,390,380,-1,380,390,391,-1,380,391,381,-1,381,391,392,-1,381,392,382,-1,382,392,393,-1,382,393,383,-1,383,393,394,-1,383,394,384,-1,384,394,395,-1,384,395,385,-1,385,395,364,-1,385,364,363,-1,363,364,297,-1,363,297,295,-1,326,396,325,-1,325,396,397,-1,325,397,386,-1,386,397,398,-1,386,398,387,-1,387,398,399,-1,387,399,388,-1,388,399,400,-1,388,400,389,-1,389,400,401,-1,389,401,390,-1,390,401,402,-1,390,402,391,-1,391,402,403,-1,391,403,392,-1,392,403,404,-1,392,404,393,-1,393,404,405,-1,393,405,394,-1,394,405,406,-1,394,406,395,-1,395,406,407,-1,395,407,364,-1,364,407,365,-1,364,365,293,-1,293,365,289,-1,408,409,410,-1,
        ]
    }
}
Shape{
    appearance Appearance {
        material  Material 	{
            diffuseColor 1.0 1.0 0.0
            specularColor 1.0 1.0 0.0
            ambientIntensity 0.886
            transparency 0.0
            shininess 0.5
        }
    }
    geometry IndexedFaceSet {
        ccw TRUE
        solid FALSE
        coord DEF co Coordinate {
            point [
                -1.1378 -0.1378 2.0866, -1.0276 -0.1378 2.0866, -1.0276 -0.1353 2.1063, -1.1378 -0.1353 2.1063, -1.0276 -0.128 2.1247, -1.1378 -0.128 2.1247, -1.0276 -0.1378 1.2402, -1.0276 -0.128 1.2402, -1.0276 -0.128 1.25, -1.1378 -0.128 1.2402, -1.1378 -0.1378 1.2402
            ]
        }
        coordIndex [
            0,1,2,-1,0,2,3,-1,3,2,4,-1,3,4,5,-1,6,7,8,-1,6,8,1,-1,1,8,4,-1,1,4,2,-1,3,5,0,-1,0,5,9,-1,0,9,10,-1,
        ]
    }
}
Shape{
    appearance Appearance {
        material  Material 	{
            diffuseColor 0.25098039215686274 0.25098039215686274 0.25098039215686274
            specularColor 0.12549019607843137 0.12549019607843137 0.12549019607843137
            ambientIntensity 0.251
            transparency 0.0
            shininess 0.5
        }
    }
    geometry IndexedFaceSet {
        ccw TRUE
        solid FALSE
        coord DEF co Coordinate {
            point [
                1.4721 0.0344 -0.1968, 1.4761 0.0347 -0.1968, 1.4575 -0.0292 -0.1968, 1.4816 0.0343 -0.1968, 1.4953 0.0291 -0.1968, 1.5005 0.0249 -0.1968, 1.5026 0.0227 -0.1968, 1.5029 0.0224 -0.1968, 1.4522 -0.025 -0.1968, 1.45 -0.0227 -0.1968, 1.4499 -0.0225 -0.1968, 1.4426 -0.0077 -0.1968, 1.4417 -0.0 -0.1968, 1.4888 0.0325 -0.1968, 1.4889 0.0325 -0.1968, 1.5072 0.0162 -0.1968, 1.51 0.009 -0.1968, 1.5101 0.0077 -0.1968, 1.5111 -0.0 -0.1968, 1.5107 -0.0053 -0.1968, 1.5099 -0.0083 -0.1968, 1.4455 -0.0162 -0.1968, 1.4428 -0.0091 -0.1968, 1.442 0.0052 -0.1968, 1.4427 0.0077 -0.1968, 1.4442 0.0131 -0.1968, 1.4456 0.0156 -0.1968, 1.4482 0.0203 -0.1968, 1.4502 0.0227 -0.1968, 1.5086 -0.0132 -0.1968, 1.5069 -0.0161 -0.1968, 1.5045 -0.0204 -0.1968, 1.4516 0.0243 -0.1968, 1.4564 0.0284 -0.1968, 1.4708 0.0343 -0.1968, 1.4565 0.0285 -0.1968, 1.4628 0.032 -0.1968, 1.5022 -0.0231 -0.1968, 1.5011 -0.0244 -0.1968, 1.4963 -0.0286 -0.1968, 1.49 -0.0321 -0.1968, 1.4884 -0.0325 -0.1968, 1.4637 -0.0324 -0.1968, 1.4819 -0.0343 -0.1968, 1.4803 -0.0344 -0.1968, 1.4767 -0.0347 -0.1968, 1.4711 -0.0344 -0.1968, 1.464 -0.0326 -0.1968, -1.5086 0.0132 -0.1968, -1.5072 0.0157 -0.1968, -1.4459 -0.0161 -0.1968, -1.4442 -0.0131 -0.1968, -1.4575 0.0292 -0.1968, -1.4522 0.025 -0.1968, -1.4501 0.0228 -0.1968, -1.4499 0.0225 -0.1968, -1.5045 0.0204 -0.1968, -1.5025 0.0227 -0.1968, -1.4806 0.0344 -0.1968, -1.4426 0.0078 -0.1968, -1.4417 0.0 -0.1968, -1.5111 0.0 -0.1968, -1.5101 -0.0077 -0.1968, -1.4482 -0.0203 -0.1968, -1.4708 -0.0343 -0.1968, -1.4725 -0.0344 -0.1968, -1.5107 0.0053 -0.1968, -1.5101 0.0077 -0.1968, -1.4767 0.0347 -0.1968, -1.4711 0.0344 -0.1968, -1.4455 0.0162 -0.1968, -1.4428 0.0091 -0.1968, -1.442 -0.0052 -0.1968, -1.4429 -0.0083 -0.1968, -1.464 0.0326 -0.1968, -1.4639 0.0325 -0.1968, -1.5011 0.0244 -0.1968, -1.4963 0.0285 -0.1968, -1.4819 0.0343 -0.1968, -1.4963 0.0286 -0.1968, -1.49 0.0321 -0.1968, -1.4505 -0.023 -0.1968, -1.4516 -0.0243 -0.1968, -1.4565 -0.0285 -0.1968, -1.4628 -0.032 -0.1968, -1.4643 -0.0324 -0.1968, -1.4761 -0.0347 -0.1968, -1.4816 -0.0343 -0.1968, -1.4888 -0.0325 -0.1968, -1.4891 -0.0323 -0.1968, -1.4953 -0.0291 -0.1968, -1.5005 -0.0249 -0.1968, -1.5027 -0.0226 -0.1968, -1.5029 -0.0224 -0.1968, -1.51 -0.009 -0.1968, -1.5072 -0.0162 -0.1968, 0.5472 -0.128 2.1247, 1.2185 -0.128 2.2736, 0.437 -0.128 2.1247, -1.2185 -0.128 2.2736, 0.2402 -0.128 1.25, 0.248 -0.128 1.25, 0.248 -0.128 1.9279, 1.1378 -0.128 2.1247, 1.1378 -0.128 1.2402, 1.1614 -0.128 1.8622, 1.1614 -0.128 1.2402, -1.0276 -0.128 1.2402, -0.5472 -0.128 1.2402, -1.0276 -0.128 1.25, -0.5472 -0.128 2.1247, -1.0276 -0.128 2.1247, 0.3425 -0.128 1.9279, 0.3425 -0.128 1.25, 0.3504 -0.128 1.25, 0.1535 -0.128 1.25, 0.1535 -0.128 1.2402, 0.2402 -0.128 1.2402, -1.1378 -0.128 2.1247, -1.1614 -0.128 1.8622, -1.1378 -0.128 1.2402, -1.1614 -0.128 1.2402, -0.3504 -0.128 1.25, -0.3425 -0.128 1.25, -0.3425 -0.128 1.9279, -0.1457 -0.128 1.9279, -0.0512 -0.128 1.9279, -1.3169 -0.128 2.0276, -1.3169 -0.128 1.9016, -1.2776 -0.128 1.8622, -1.3156 -0.128 1.8914, -1.3117 -0.128 1.8819, -0.437 -0.128 1.2402, -0.3504 -0.128 1.2402, -0.437 -0.128 2.1247, -0.248 -0.128 1.9279, -0.248 -0.128 1.25, -0.2402 -0.128 1.25, 0.0433 -0.128 1.25, 0.0512 -0.128 1.25, 0.0512 -0.128 1.9279, 1.2877 -0.128 1.8635, 1.2972 -0.128 1.8675, 1.3054 -0.128 1.8737, -1.3054 -0.128 1.8737, -1.2972 -0.128 1.8675, -1.2877 -0.128 1.8635, -0.2402 -0.128 1.2402, -0.1535 -0.128 1.2402, -0.1535 -0.128 1.25, -0.1457 -0.128 1.25, -0.0512 -0.128 1.25, -0.0433 -0.128 1.25, 0.1457 -0.128 1.9279, 0.1457 -0.128 1.25, 0.437 -0.128 1.2402, 0.3504 -0.128 1.2402, 1.3117 -0.128 1.8819, 1.3156 -0.128 1.8914, 1.2776 -0.128 1.8622, 1.3169 -0.128 1.9016, 1.3169 -0.128 2.0276, 1.0276 -0.128 2.1247, 1.0276 -0.128 1.25, 0.5472 -0.128 1.2402, 1.0276 -0.128 1.2402, 0.0433 -0.128 1.2402, -0.0433 -0.128 1.2402, -1.1647 -0.1277 1.8622, -1.1647 -0.1277 1.2402, -1.1694 -0.1263 1.8622, -1.1694 -0.1263 1.2402, -1.1735 -0.1238 1.8622, -1.1735 -0.1238 1.2402, -1.1769 -0.1204 1.8622, -1.1769 -0.1204 1.2402, -1.1794 -0.1162 1.8622, -1.1794 -0.1162 1.2402, -1.1808 -0.1116 1.8622, -1.1808 -0.1116 1.2402, -1.1811 -0.1083 1.8622, -1.1811 -0.1083 1.2402, -1.2776 -0.0295 1.8622, -1.1811 -0.0295 1.8622, -1.3169 -0.0295 1.9016, -1.3156 -0.0295 1.8914, -1.3117 -0.0295 1.8819, -1.3054 -0.0295 1.8737, -1.2972 -0.0295 1.8675, -1.2877 -0.0295 1.8635, -1.1988 -0.0787 2.3228, 1.1988 -0.0787 2.3228, 1.2776 -0.0295 1.8622, 1.2877 -0.0295 1.8635, 1.2972 -0.0295 1.8675, 1.3054 -0.0295 1.8737, 1.3117 -0.0295 1.8819, 1.3156 -0.0295 1.8914, 1.3169 -0.0295 1.9016, 1.1694 -0.1263 1.8622, 1.1647 -0.1277 1.8622, 1.1735 -0.1238 1.8622, 1.1769 -0.1204 1.8622, 1.1794 -0.1162 1.8622, 1.1811 -0.0295 1.8622, 1.1811 -0.1083 1.8622, 1.1808 -0.1116 1.8622, 1.1811 -0.1083 1.2402, 1.1808 -0.1116 1.2402, 1.1794 -0.1162 1.2402, 1.1769 -0.1204 1.2402, 1.1735 -0.1238 1.2402, 1.1694 -0.1263 1.2402, 1.1647 -0.1277 1.2402, 1.1378 -0.1378 1.2402, 1.1378 -0.1378 2.0866, 1.1378 -0.1353 2.1063
            ]
        }
        coordIndex [
            0,1,2,-1,2,1,3,-1,4,5,2,-1,2,5,6,-1,2,6,7,-1,2,8,0,-1,0,8,9,-1,0,9,10,-1,0,11,12,-1,3,13,2,-1,2,13,14,-1,2,14,4,-1,7,15,2,-1,2,15,16,-1,2,16,17,-1,17,18,2,-1,2,18,19,-1,2,19,20,-1,10,21,0,-1,0,21,22,-1,0,22,11,-1,12,23,0,-1,0,23,24,-1,0,24,25,-1,25,26,0,-1,0,26,27,-1,0,27,28,-1,20,29,2,-1,2,29,30,-1,2,30,31,-1,28,32,0,-1,0,32,33,-1,0,33,34,-1,34,33,35,-1,34,35,36,-1,31,37,2,-1,2,37,38,-1,2,38,39,-1,39,40,2,-1,2,40,41,-1,2,41,42,-1,42,41,43,-1,42,43,44,-1,44,45,42,-1,42,45,46,-1,42,46,47,-1,48,49,50,-1,50,49,51,-1,52,53,49,-1,49,53,54,-1,49,54,55,-1,56,57,58,-1,49,59,60,-1,61,50,62,-1,62,50,63,-1,64,65,62,-1,61,66,50,-1,50,66,67,-1,50,67,48,-1,56,58,49,-1,49,58,68,-1,49,68,69,-1,55,70,49,-1,49,70,71,-1,49,71,59,-1,60,72,49,-1,49,72,73,-1,49,73,51,-1,69,74,49,-1,49,74,75,-1,49,75,52,-1,57,76,58,-1,58,76,77,-1,58,77,78,-1,78,77,79,-1,78,79,80,-1,63,81,62,-1,62,81,82,-1,62,82,83,-1,83,84,62,-1,62,84,85,-1,62,85,64,-1,65,86,62,-1,62,86,87,-1,62,87,88,-1,88,89,62,-1,62,89,90,-1,62,90,91,-1,91,92,62,-1,62,92,93,-1,62,93,94,-1,94,93,95,-1,96,97,98,-1,98,97,99,-1,100,101,102,-1,103,104,105,-1,105,104,106,-1,107,108,109,-1,109,108,110,-1,109,110,111,-1,112,113,114,-1,115,116,117,-1,111,99,118,-1,118,99,119,-1,118,119,120,-1,120,119,121,-1,122,123,124,-1,125,126,98,-1,99,127,119,-1,119,127,128,-1,119,128,129,-1,129,128,130,-1,129,130,131,-1,132,133,122,-1,132,122,134,-1,134,122,124,-1,134,124,135,-1,135,136,137,-1,138,139,140,-1,141,142,143,-1,144,145,131,-1,131,145,146,-1,131,146,129,-1,147,148,137,-1,137,148,149,-1,137,149,135,-1,111,110,99,-1,99,110,134,-1,99,134,98,-1,98,134,135,-1,98,135,125,-1,125,135,149,-1,125,149,150,-1,126,151,152,-1,153,154,115,-1,102,112,98,-1,98,112,114,-1,98,114,155,-1,155,114,156,-1,143,157,141,-1,141,157,158,-1,141,158,159,-1,159,158,160,-1,159,160,105,-1,105,160,161,-1,105,161,103,-1,103,161,97,-1,103,97,162,-1,162,97,96,-1,162,96,163,-1,163,96,164,-1,163,164,165,-1,117,100,115,-1,115,100,102,-1,115,102,153,-1,153,102,98,-1,153,98,140,-1,140,98,126,-1,140,126,138,-1,138,126,152,-1,138,152,166,-1,166,152,167,-1,121,119,168,-1,121,168,169,-1,169,168,170,-1,169,170,171,-1,171,170,172,-1,171,172,173,-1,173,172,174,-1,173,174,175,-1,175,174,176,-1,175,176,177,-1,177,176,178,-1,177,178,179,-1,179,178,180,-1,179,180,181,-1,178,176,129,-1,129,176,174,-1,129,174,172,-1,172,170,129,-1,129,170,168,-1,129,168,119,-1,182,183,129,-1,129,183,180,-1,129,180,178,-1,128,184,185,-1,128,185,130,-1,130,185,186,-1,130,186,131,-1,131,186,187,-1,131,187,144,-1,144,187,188,-1,144,188,145,-1,145,188,189,-1,145,189,146,-1,146,189,182,-1,146,182,129,-1,99,97,190,-1,190,97,191,-1,159,192,193,-1,159,193,141,-1,141,193,194,-1,141,194,142,-1,142,194,195,-1,142,195,143,-1,143,195,196,-1,143,196,157,-1,157,196,197,-1,157,197,158,-1,158,197,198,-1,158,198,160,-1,199,159,200,-1,200,159,105,-1,199,201,159,-1,159,201,202,-1,159,202,203,-1,204,192,205,-1,205,192,159,-1,205,159,206,-1,206,159,203,-1,207,205,206,-1,207,206,208,-1,208,206,203,-1,208,203,209,-1,209,203,202,-1,209,202,210,-1,210,202,201,-1,210,201,211,-1,211,201,199,-1,211,199,212,-1,212,199,200,-1,212,200,213,-1,213,200,105,-1,213,105,106,-1,214,104,215,-1,215,104,103,-1,215,103,216,-1,
        ]
    }
}
Shape{
    appearance Appearance {
        material  Material 	{
            diffuseColor 1.0 1.0 0.0
            specularColor 1.0 1.0 0.0
            ambientIntensity 0.886
            transparency 0.0
            shininess 0.5
        }
    }
    geometry IndexedFaceSet {
        ccw TRUE
        solid FALSE
        coord DEF co Coordinate {
            point [
                1.1378 -0.128 2.1247, 1.0276 -0.128 2.1247, 1.0276 -0.1353 2.1063, 1.1378 -0.1353 2.1063, 1.0276 -0.1378 2.0866, 1.1378 -0.1378 2.0866, 1.0276 -0.128 1.25, 1.0276 -0.1378 1.2402, 0.5472 -0.1378 1.2402, 0.5472 -0.128 1.2402, 0.5472 -0.1378 2.0866, 0.5472 -0.128 2.1247, 0.5472 -0.1353 2.1063, 0.437 -0.128 2.1247, 0.437 -0.1353 2.1063, 0.437 -0.1378 2.0866, 0.437 -0.128 1.2402, 0.437 -0.1378 1.2402, 0.3425 -0.1378 1.2402, 0.3425 -0.128 1.25, 0.3425 -0.1378 1.8898, 0.3425 -0.128 1.9279, 0.3425 -0.1353 1.9094, 0.248 -0.128 1.9279, 0.248 -0.1353 1.9094, 0.248 -0.1378 1.8898, 0.248 -0.128 1.25, 0.248 -0.1378 1.2402, 0.1457 -0.1378 1.2402, 0.1457 -0.128 1.25, 0.1457 -0.1378 1.8898, 0.1457 -0.128 1.9279, 0.1457 -0.1353 1.9094, 0.0512 -0.128 1.9279, 0.0512 -0.1353 1.9094, 0.0512 -0.1378 1.8898, 0.0512 -0.128 1.25, 0.0512 -0.1378 1.2402, -0.0512 -0.1378 1.2402, -0.0512 -0.128 1.25, -0.0512 -0.1378 1.8898, -0.0512 -0.128 1.9279, -0.0512 -0.1353 1.9094, -0.1457 -0.1378 1.8898, -0.1457 -0.1353 1.9094, -0.1457 -0.128 1.9279, -0.1457 -0.128 1.25, -0.1457 -0.1378 1.2402, -0.248 -0.1378 1.2402, -0.248 -0.128 1.25, -0.248 -0.1378 1.8898, -0.248 -0.128 1.9279, -0.248 -0.1353 1.9094, -0.3425 -0.1378 1.8898, -0.3425 -0.1353 1.9094, -0.3425 -0.128 1.9279, -0.3425 -0.128 1.25, -0.3425 -0.1378 1.2402
            ]
        }
        coordIndex [
            0,1,2,-1,0,2,3,-1,3,2,4,-1,3,4,5,-1,2,1,4,-1,4,1,6,-1,4,6,7,-1,8,9,10,-1,10,9,11,-1,10,11,12,-1,11,13,14,-1,11,14,12,-1,12,14,15,-1,12,15,10,-1,14,13,15,-1,15,13,16,-1,15,16,17,-1,18,19,20,-1,20,19,21,-1,20,21,22,-1,21,23,24,-1,21,24,22,-1,22,24,25,-1,22,25,20,-1,24,23,25,-1,25,23,26,-1,25,26,27,-1,28,29,30,-1,30,29,31,-1,30,31,32,-1,31,33,34,-1,31,34,32,-1,32,34,35,-1,32,35,30,-1,34,33,35,-1,35,33,36,-1,35,36,37,-1,38,39,40,-1,40,39,41,-1,40,41,42,-1,43,40,42,-1,43,42,44,-1,44,42,41,-1,44,41,45,-1,44,45,43,-1,43,45,46,-1,43,46,47,-1,48,49,50,-1,50,49,51,-1,50,51,52,-1,53,50,52,-1,53,52,54,-1,54,52,51,-1,54,51,55,-1,54,55,53,-1,53,55,56,-1,53,56,57,-1,
        ]
    }
}
Shape{
    appearance Appearance {
        material  Material 	{
            diffuseColor 0.25098039215686274 0.25098039215686274 0.25098039215686274
            specularColor 0.12549019607843137 0.12549019607843137 0.12549019607843137
            ambientIntensity 0.251
            transparency 0.0
            shininess 0.5
        }
    }
    geometry IndexedFaceSet {
        ccw TRUE
        solid FALSE
        coord DEF co Coordinate {
            point [
                -0.437 -0.1378 1.2402, -0.437 -0.128 1.2402, -0.437 -0.1378 2.0866, -0.437 -0.128 2.1247, -0.437 -0.1353 2.1063
            ]
        }
        coordIndex [
            0,1,2,-1,2,1,3,-1,2,3,4,-1,
        ]
    }
}
Shape{
    appearance Appearance {
        material  Material 	{
            diffuseColor 1.0 1.0 0.0
            specularColor 1.0 1.0 0.0
            ambientIntensity 0.886
            transparency 0.0
            shininess 0.5
        }
    }
    geometry IndexedFaceSet {
        ccw TRUE
        solid FALSE
        coord DEF co Coordinate {
            point [
                -0.5472 -0.1378 2.0866, -0.437 -0.1378 2.0866, -0.437 -0.1353 2.1063, -0.5472 -0.1353 2.1063, -0.437 -0.128 2.1247, -0.5472 -0.128 2.1247
            ]
        }
        coordIndex [
            0,1,2,-1,0,2,3,-1,3,2,4,-1,3,4,5,-1,
        ]
    }
}
Shape{
    appearance Appearance {
        material  Material 	{
            diffuseColor 0.25098039215686274 0.25098039215686274 0.25098039215686274
            specularColor 0.12549019607843137 0.12549019607843137 0.12549019607843137
            ambientIntensity 0.251
            transparency 0.0
            shininess 0.5
        }
    }
    geometry IndexedFaceSet {
        ccw TRUE
        solid FALSE
        coord DEF co Coordinate {
            point [
                -0.5472 -0.1353 2.1063, -0.5472 -0.128 2.1247, -0.5472 -0.1378 2.0866, -0.5472 -0.128 1.2402, -0.5472 -0.1378 1.2402, -1.1811 -0.1083 1.8622, -1.1811 -0.0295 1.8622, -1.1811 -0.0295 1.811, -1.1811 0.0295 1.8622, -1.1811 0.1083 1.8622, -1.1811 0.0295 1.811, -1.1811 0.1083 1.2402, -1.1811 -0.1083 1.2402, -1.3054 -0.0295 1.8737, -1.3117 -0.0295 1.8819, -1.3169 -0.0295 1.8504, -1.3156 -0.0295 1.8914, -1.3169 -0.0295 1.9016, -1.2776 -0.0295 1.811, -1.2776 -0.0295 1.8622, -1.2877 -0.0295 1.8124, -1.2877 -0.0295 1.8635, -1.2972 -0.0295 1.8163, -1.3054 -0.0295 1.8226, -1.2972 -0.0295 1.8675, -1.3156 -0.0295 1.8402, -1.3117 -0.0295 1.8307, -1.2776 0.0295 1.811, -1.2877 0.0295 1.8124, -1.2972 0.0295 1.8163, -1.3054 0.0295 1.8226, -1.3117 0.0295 1.8307, -1.3156 0.0295 1.8402, -1.3169 0.0295 1.8504, -1.2776 0.0295 1.8622, -1.3136 0.0295 1.8857, -1.3164 0.0295 1.895, -1.3169 0.0295 1.9016, -1.3086 0.0295 1.8774, -1.3018 0.0295 1.8705, -1.2934 0.0295 1.8655, -1.2842 0.0295 1.8628, -1.1988 -0.0787 2.3228, 1.1988 -0.0787 2.3228, -1.1988 0.0787 2.3228, 1.1988 0.0787 2.3228, 1.3169 0.0295 1.8504, 1.3169 -0.0295 1.8504, 1.3156 -0.0295 1.8402, 1.3156 0.0295 1.8402, 1.3117 -0.0295 1.8307, 1.3117 0.0295 1.8307, 1.3054 -0.0295 1.8226, 1.3054 0.0295 1.8226, 1.2972 -0.0295 1.8163, 1.2972 0.0295 1.8163, 1.2877 -0.0295 1.8124, 1.2877 0.0295 1.8124, 1.2776 -0.0295 1.811, 1.2776 0.0295 1.811, 1.2776 -0.0295 1.8622, 1.1811 -0.0295 1.8622, 1.1811 -0.0295 1.811, 1.3169 -0.0295 1.9016, 1.3156 -0.0295 1.8914, 1.3117 -0.0295 1.8819, 1.3054 -0.0295 1.8737, 1.2972 -0.0295 1.8675, 1.2877 -0.0295 1.8635, 1.3164 0.0295 1.895, 1.3169 0.0295 1.9016, 1.2934 0.0295 1.8655, 1.2842 0.0295 1.8628, 1.3018 0.0295 1.8705, 1.3086 0.0295 1.8774, 1.3136 0.0295 1.8857, 1.1811 0.0295 1.811, 1.1811 0.0295 1.8622, 1.2776 0.0295 1.8622, 1.1811 0.1083 1.8622, 1.1811 -0.1083 1.8622, 1.1811 -0.1083 1.2402, 1.1811 0.1083 1.2402
            ]
        }
        coordIndex [
            0,1,2,-1,2,1,3,-1,2,3,4,-1,5,6,7,-1,8,9,10,-1,10,9,11,-1,10,11,7,-1,7,11,12,-1,7,12,5,-1,13,14,15,-1,15,14,16,-1,15,16,17,-1,7,6,18,-1,18,6,19,-1,18,19,20,-1,20,19,21,-1,20,21,22,-1,22,21,23,-1,13,15,24,-1,24,15,25,-1,24,25,21,-1,21,25,26,-1,21,26,23,-1,27,18,20,-1,27,20,28,-1,28,20,22,-1,28,22,29,-1,29,22,23,-1,29,23,30,-1,30,23,26,-1,30,26,31,-1,31,26,25,-1,31,25,32,-1,32,25,15,-1,32,15,33,-1,34,8,10,-1,35,33,36,-1,36,33,37,-1,35,38,33,-1,33,38,39,-1,33,39,32,-1,32,39,40,-1,41,30,40,-1,40,30,31,-1,40,31,32,-1,10,27,34,-1,34,27,28,-1,34,28,41,-1,41,28,29,-1,41,29,30,-1,42,43,44,-1,44,43,45,-1,46,47,48,-1,46,48,49,-1,49,48,50,-1,49,50,51,-1,51,50,52,-1,51,52,53,-1,53,52,54,-1,53,54,55,-1,55,54,56,-1,55,56,57,-1,57,56,58,-1,57,58,59,-1,60,61,62,-1,47,63,64,-1,64,65,47,-1,47,65,66,-1,47,66,48,-1,48,66,67,-1,48,67,50,-1,50,67,68,-1,50,68,52,-1,62,58,60,-1,60,58,56,-1,60,56,68,-1,68,56,54,-1,68,54,52,-1,69,70,46,-1,51,53,71,-1,71,53,72,-1,73,74,46,-1,46,74,75,-1,46,75,69,-1,76,77,59,-1,59,77,78,-1,59,78,57,-1,57,78,72,-1,57,72,55,-1,55,72,53,-1,73,46,71,-1,71,46,49,-1,71,49,51,-1,79,77,76,-1,61,80,62,-1,62,80,81,-1,62,81,76,-1,76,81,82,-1,76,82,79,-1,
        ]
    }
}
Shape{
    appearance Appearance {
        material  Material 	{
            diffuseColor 1.0 1.0 0.0
            specularColor 1.0 1.0 0.0
            ambientIntensity 0.886
            transparency 0.0
            shininess 0.5
        }
    }
    geometry IndexedFaceSet {
        ccw TRUE
        solid FALSE
        coord DEF co Coordinate {
            point [
                1.0276 -0.1378 2.0866, 1.0276 -0.1378 1.2402, 1.1378 -0.1378 2.0866, 1.1378 -0.1378 1.2402, 0.437 -0.1378 2.0866, 0.437 -0.1378 1.2402, 0.5472 -0.1378 2.0866, 0.5472 -0.1378 1.2402, 0.248 -0.1378 1.8898, 0.248 -0.1378 1.2402, 0.3425 -0.1378 1.8898, 0.3425 -0.1378 1.2402, 0.0512 -0.1378 1.8898, 0.0512 -0.1378 1.2402, 0.1457 -0.1378 1.8898, 0.1457 -0.1378 1.2402, -0.1457 -0.1378 1.8898, -0.1457 -0.1378 1.2402, -0.0512 -0.1378 1.8898, -0.0512 -0.1378 1.2402, -0.3425 -0.1378 1.8898, -0.3425 -0.1378 1.2402, -0.248 -0.1378 1.8898, -0.248 -0.1378 1.2402, -0.5472 -0.1378 2.0866, -0.5472 -0.1378 1.2402, -0.437 -0.1378 2.0866, -0.437 -0.1378 1.2402
            ]
        }
        coordIndex [
            0,1,2,-1,2,1,3,-1,4,5,6,-1,6,5,7,-1,8,9,10,-1,10,9,11,-1,12,13,14,-1,14,13,15,-1,16,17,18,-1,18,17,19,-1,20,21,22,-1,22,21,23,-1,24,25,26,-1,26,25,27,-1,
        ]
    }
}
Shape{
    appearance Appearance {
        material  Material 	{
            diffuseColor 0.25098039215686274 0.25098039215686274 0.25098039215686274
            specularColor 0.12549019607843137 0.12549019607843137 0.12549019607843137
            ambientIntensity 0.251
            transparency 0.0
            shininess 0.5
        }
    }
    geometry IndexedFaceSet {
        ccw TRUE
        solid FALSE
        coord DEF co Coordinate {
            point [
                -1.2776 0.0295 1.811, -1.1811 0.0295 1.811, -1.2776 -0.0295 1.811, -1.1811 -0.0295 1.811, 1.2776 -0.0295 1.811, 1.1811 -0.0295 1.811, 1.2776 0.0295 1.811, 1.1811 0.0295 1.811, -0.248 0.1329 1.2402, -0.1984 0.128 1.2402, -0.1487 0.1336 1.2402
            ]
        }
        coordIndex [
            0,1,2,-1,2,1,3,-1,4,5,6,-1,6,5,7,-1,8,9,10,-1,
        ]
    }
}
Shape{
    appearance Appearance {
        material  Material 	{
            diffuseColor 0.0 0.0 0.0
            specularColor 0.0 0.0 0.0
            ambientIntensity 0.0
            transparency 0.0
            shininess 0.5
        }
    }
    geometry IndexedFaceSet {
        ccw TRUE
        solid FALSE
        coord DEF co Coordinate {
            point [
                -0.0175 0.6063 0.7771, -0.0175 0.6063 0.7665, -0.0175 0.6024 0.7771, -0.0175 0.6024 0.7665, 0.0197 0.6063 0.7771, 0.0197 0.6024 0.7771, 0.0197 0.6063 0.8599, 0.0197 0.6024 0.8599, 0.0318 0.6063 0.8599, 0.0318 0.6024 0.8599, 0.0318 0.6063 0.7665, 0.0318 0.6024 0.7665, -0.0796 0.6063 0.7663, -0.0654 0.6063 0.7649, -0.0654 0.6024 0.7649, -0.0736 0.6024 0.7657, -0.0796 0.6024 0.7663, -0.0896 0.6063 0.7696, -0.0872 0.6024 0.7688, -0.0896 0.6024 0.7696, -0.0912 0.6024 0.7704, -0.0912 0.6063 0.7704, -0.0912 0.6063 0.7819, -0.0912 0.6024 0.7819, -0.0872 0.6024 0.7801, -0.0821 0.6063 0.7778, -0.0821 0.6024 0.7778, -0.0715 0.6024 0.7758, -0.0715 0.6063 0.7758, -0.0671 0.6024 0.7757, -0.0671 0.6063 0.7757, -0.0577 0.6024 0.7768, -0.0577 0.6063 0.7768, -0.0511 0.6024 0.7794, -0.0511 0.6063 0.7794, -0.045 0.6024 0.7837, -0.045 0.6063 0.7837, -0.0431 0.6024 0.7855, -0.0431 0.6063 0.7855, -0.0391 0.6024 0.7908, -0.0391 0.6063 0.7908, -0.0359 0.6024 0.7982, -0.0359 0.6063 0.7982, -0.0342 0.6024 0.8072, -0.0342 0.6063 0.8072, -0.0339 0.6024 0.8122, -0.0339 0.6063 0.8122, -0.0355 0.6024 0.8251, -0.0355 0.6063 0.8251, -0.0386 0.6024 0.8331, -0.0386 0.6063 0.8331, -0.0438 0.6024 0.8402, -0.0438 0.6063 0.8402, -0.0501 0.6024 0.8455, -0.0501 0.6063 0.8455, -0.0575 0.6024 0.8489, -0.0575 0.6063 0.8489, -0.0656 0.6024 0.8505, -0.0656 0.6063 0.8505, -0.0692 0.6024 0.8506, -0.0692 0.6063 0.8506, -0.0807 0.6024 0.8492, -0.0872 0.6024 0.8467, -0.0902 0.6063 0.8456, -0.0807 0.6063 0.8492, -0.0902 0.6024 0.8456, -0.0912 0.6024 0.8451, -0.0912 0.6063 0.8451, -0.0912 0.6063 0.8577, -0.0912 0.6024 0.8577, -0.0691 0.6024 0.8615, -0.0691 0.6063 0.8615, -0.0692 0.6063 0.8615, -0.0872 0.6024 0.8588, -0.0814 0.6063 0.8605, -0.0814 0.6024 0.8605, -0.0791 0.6024 0.8607, -0.0692 0.6024 0.8615, -0.0626 0.6024 0.8607, -0.0555 0.6063 0.8598, -0.0555 0.6024 0.8598, -0.0458 0.6024 0.856, -0.0458 0.6063 0.856, -0.037 0.6024 0.8499, -0.037 0.6063 0.8499, -0.0348 0.6024 0.8477, -0.0348 0.6063 0.8477, -0.028 0.6024 0.8389, -0.0255 0.6024 0.8329, -0.0236 0.6063 0.8285, -0.028 0.6063 0.8389, -0.0236 0.6024 0.8285, -0.0215 0.6024 0.8163, -0.0215 0.6063 0.8163, -0.0213 0.6024 0.8114, -0.0213 0.6063 0.8114, -0.0232 0.6024 0.7962, -0.0255 0.6024 0.7902, -0.027 0.6063 0.7864, -0.0232 0.6063 0.7962, -0.027 0.6024 0.7864, -0.0333 0.6024 0.7777, -0.0333 0.6063 0.7777, -0.0496 0.6024 0.7673, -0.0408 0.6063 0.7714, -0.0408 0.6024 0.7714, -0.0572 0.6024 0.7657, -0.0597 0.6063 0.7652, -0.0496 0.6063 0.7673, -0.0597 0.6024 0.7652, -0.1602 0.6063 0.7771, -0.1602 0.6063 0.7665, -0.1602 0.6024 0.7771, -0.1602 0.6024 0.7665, -0.122 0.6024 0.7771, -0.122 0.6063 0.7771, -0.1472 0.6024 0.7771, -0.122 0.6063 0.8086, -0.122 0.6024 0.8086, -0.1554 0.6063 0.8086, -0.1472 0.6024 0.8086, -0.1554 0.6024 0.8086, -0.1554 0.6063 0.8193, -0.1554 0.6024 0.8193, -0.122 0.6024 0.8193, -0.122 0.6063 0.8193, -0.1472 0.6024 0.8193, -0.122 0.6063 0.8492, -0.122 0.6024 0.8492, -0.158 0.6063 0.8492, -0.1472 0.6024 0.8492, -0.158 0.6024 0.8492, -0.158 0.6063 0.8599, -0.158 0.6024 0.8599, -0.1099 0.6024 0.8599, -0.1099 0.6063 0.8599, -0.1472 0.6024 0.8599, -0.1099 0.6063 0.7665, -0.1099 0.6024 0.7665, -0.1472 0.6024 0.7665, -0.2354 0.6063 0.7919, -0.2312 0.6063 0.7869, -0.2398 0.6063 0.7796, -0.2302 0.6063 0.7859, -0.2301 0.6063 0.7726, -0.2242 0.6063 0.7817, -0.2194 0.6063 0.7684, -0.2165 0.6063 0.7787, -0.2035 0.6063 0.7665, -0.2034 0.6063 0.7771, -0.1778 0.6063 0.7665, -0.1899 0.6063 0.7771, -0.1778 0.6063 0.8599, -0.1899 0.6063 0.8492, -0.2045 0.6063 0.8599, -0.204 0.6063 0.8492, -0.2187 0.6063 0.8583, -0.216 0.6063 0.8478, -0.23 0.6063 0.8542, -0.2241 0.6063 0.8449, -0.2398 0.6063 0.8475, -0.2309 0.6063 0.8404, -0.243 0.6063 0.8444, -0.2335 0.6063 0.8379, -0.2488 0.6063 0.8362, -0.2371 0.6063 0.8326, -0.2523 0.6063 0.8273, -0.2398 0.6063 0.8258, -0.2539 0.6063 0.8144, -0.2412 0.6063 0.8141, -0.2536 0.6063 0.8085, -0.2407 0.6063 0.8069, -0.2513 0.6063 0.7975, -0.2387 0.6063 0.7987, -0.2467 0.6063 0.7879, -0.2035 0.6024 0.7665, -0.1778 0.6024 0.7665, -0.2194 0.6024 0.7684, -0.2301 0.6024 0.7726, -0.2398 0.6024 0.7796, -0.2467 0.6024 0.7879, -0.2513 0.6024 0.7975, -0.2536 0.6024 0.8085, -0.2539 0.6024 0.8144, -0.2523 0.6024 0.8273, -0.2488 0.6024 0.8362, -0.243 0.6024 0.8444, -0.2398 0.6024 0.8475, -0.23 0.6024 0.8542, -0.2187 0.6024 0.8583, -0.2045 0.6024 0.8599, -0.1778 0.6024 0.8599, -0.204 0.6024 0.8492, -0.1899 0.6024 0.8492, -0.1899 0.6024 0.7771, -0.2034 0.6024 0.7771, -0.2312 0.6024 0.7869, -0.2302 0.6024 0.7859, -0.2242 0.6024 0.7817, -0.2165 0.6024 0.7787, -0.2412 0.6024 0.8141, -0.2407 0.6024 0.8069, -0.2387 0.6024 0.7987, -0.2354 0.6024 0.7919, -0.2309 0.6024 0.8404, -0.2335 0.6024 0.8379, -0.2371 0.6024 0.8326, -0.2398 0.6024 0.8258, -0.216 0.6024 0.8478, -0.2241 0.6024 0.8449
            ]
        }
        coordIndex [
            0,1,2,-1,2,1,3,-1,4,0,5,-1,5,0,2,-1,6,4,7,-1,7,4,5,-1,8,6,9,-1,9,6,7,-1,10,8,11,-1,11,8,9,-1,1,10,3,-1,3,10,11,-1,6,8,4,-1,4,8,10,-1,4,10,0,-1,0,10,1,-1,12,13,14,-1,14,15,12,-1,12,15,16,-1,12,16,17,-1,17,16,18,-1,18,19,17,-1,17,19,20,-1,17,20,21,-1,22,21,23,-1,23,21,20,-1,22,23,24,-1,22,24,25,-1,24,26,25,-1,25,26,27,-1,25,27,28,-1,28,27,29,-1,28,29,30,-1,30,29,31,-1,30,31,32,-1,32,31,33,-1,32,33,34,-1,34,33,35,-1,34,35,36,-1,36,35,37,-1,36,37,38,-1,38,37,39,-1,38,39,40,-1,40,39,41,-1,40,41,42,-1,42,41,43,-1,42,43,44,-1,44,43,45,-1,44,45,46,-1,46,45,47,-1,46,47,48,-1,48,47,49,-1,48,49,50,-1,50,49,51,-1,50,51,52,-1,52,51,53,-1,52,53,54,-1,54,53,55,-1,54,55,56,-1,56,55,57,-1,56,57,58,-1,58,57,59,-1,58,59,60,-1,60,59,61,-1,62,63,61,-1,61,63,64,-1,61,64,60,-1,62,65,63,-1,63,65,66,-1,63,66,67,-1,68,67,69,-1,69,67,66,-1,70,71,72,-1,68,69,73,-1,68,73,74,-1,73,75,74,-1,74,75,76,-1,74,76,72,-1,72,76,77,-1,72,77,70,-1,71,70,78,-1,71,78,79,-1,78,80,79,-1,79,80,81,-1,79,81,82,-1,82,81,83,-1,82,83,84,-1,84,83,85,-1,84,85,86,-1,86,85,87,-1,88,89,87,-1,87,89,90,-1,87,90,86,-1,88,91,89,-1,89,91,92,-1,89,92,93,-1,93,92,94,-1,93,94,95,-1,95,94,96,-1,97,98,96,-1,96,98,99,-1,96,99,95,-1,97,100,98,-1,98,100,101,-1,98,101,102,-1,103,104,105,-1,105,104,102,-1,105,102,101,-1,106,107,103,-1,103,107,108,-1,103,108,104,-1,106,109,107,-1,107,109,14,-1,107,14,13,-1,63,67,68,-1,54,84,52,-1,52,84,86,-1,52,86,50,-1,50,86,90,-1,50,90,48,-1,63,68,64,-1,64,68,74,-1,64,74,60,-1,60,74,72,-1,60,72,58,-1,58,72,71,-1,58,71,56,-1,56,71,79,-1,56,79,54,-1,54,79,82,-1,54,82,84,-1,95,46,93,-1,93,46,48,-1,93,48,89,-1,89,48,90,-1,21,22,17,-1,17,22,25,-1,17,25,12,-1,12,25,28,-1,12,28,13,-1,13,28,30,-1,13,30,107,-1,107,30,32,-1,107,32,108,-1,108,32,34,-1,108,34,104,-1,104,34,36,-1,104,36,102,-1,102,36,38,-1,102,38,98,-1,98,38,40,-1,98,40,99,-1,99,40,42,-1,99,42,95,-1,95,42,44,-1,95,44,46,-1,110,111,112,-1,112,111,113,-1,114,115,116,-1,116,115,110,-1,116,110,112,-1,117,115,118,-1,118,115,114,-1,117,118,119,-1,119,118,120,-1,119,120,121,-1,122,119,123,-1,123,119,121,-1,124,125,126,-1,126,125,122,-1,126,122,123,-1,127,125,128,-1,128,125,124,-1,127,128,129,-1,129,128,130,-1,129,130,131,-1,132,129,133,-1,133,129,131,-1,134,135,136,-1,136,135,132,-1,136,132,133,-1,137,135,138,-1,138,135,134,-1,113,111,139,-1,139,111,137,-1,139,137,138,-1,137,111,110,-1,110,115,137,-1,137,115,117,-1,137,117,135,-1,129,132,127,-1,127,132,135,-1,127,135,125,-1,125,135,117,-1,125,117,122,-1,122,117,119,-1,140,141,142,-1,142,141,143,-1,142,143,144,-1,144,143,145,-1,144,145,146,-1,146,145,147,-1,146,147,148,-1,148,147,149,-1,148,149,150,-1,150,149,151,-1,150,151,152,-1,152,151,153,-1,152,153,154,-1,154,153,155,-1,154,155,156,-1,156,155,157,-1,156,157,158,-1,158,157,159,-1,158,159,160,-1,160,159,161,-1,160,161,162,-1,162,161,163,-1,162,163,164,-1,164,163,165,-1,164,165,166,-1,166,165,167,-1,166,167,168,-1,168,167,169,-1,168,169,170,-1,170,169,171,-1,170,171,172,-1,172,171,173,-1,172,173,174,-1,174,173,140,-1,174,140,142,-1,148,150,175,-1,175,150,176,-1,148,175,177,-1,148,177,146,-1,146,177,178,-1,146,178,144,-1,144,178,179,-1,144,179,142,-1,142,179,180,-1,142,180,174,-1,174,180,181,-1,174,181,172,-1,172,181,182,-1,172,182,170,-1,170,182,183,-1,170,183,168,-1,168,183,184,-1,168,184,166,-1,166,184,185,-1,166,185,164,-1,164,185,186,-1,164,186,162,-1,162,186,187,-1,162,187,160,-1,160,187,188,-1,160,188,158,-1,158,188,189,-1,158,189,156,-1,156,189,190,-1,156,190,154,-1,152,154,191,-1,191,154,190,-1,150,152,176,-1,176,152,191,-1,155,153,192,-1,192,153,193,-1,153,151,193,-1,193,151,194,-1,151,149,194,-1,194,149,195,-1,141,196,197,-1,141,197,143,-1,143,197,198,-1,143,198,145,-1,145,198,199,-1,145,199,147,-1,147,199,195,-1,147,195,149,-1,169,200,201,-1,169,201,171,-1,171,201,202,-1,171,202,173,-1,173,202,203,-1,173,203,140,-1,140,203,196,-1,140,196,141,-1,161,204,205,-1,161,205,163,-1,163,205,206,-1,163,206,165,-1,165,206,207,-1,165,207,167,-1,167,207,200,-1,167,200,169,-1,155,192,208,-1,155,208,157,-1,157,208,209,-1,157,209,159,-1,159,209,204,-1,159,204,161,-1,
        ]
    }
}
Shape{
    appearance Appearance {
        material  Material 	{
            diffuseColor 0.7529411764705882 0.7529411764705882 0.7529411764705882
            specularColor 0.3764705882352941 0.3764705882352941 0.3764705882352941
            ambientIntensity 0.7529
            transparency 0.0
            shininess 0.5
        }
    }
    geometry IndexedFaceSet {
        ccw TRUE
        solid FALSE
        coord DEF co Coordinate {
            point [
                -0.2302 0.6024 0.7859, -0.2312 0.6024 0.7869, -0.204 0.6024 0.8492, -0.1899 0.6024 0.8492, -0.1899 0.6024 0.7771, -0.2034 0.6024 0.7771, -0.2165 0.6024 0.7787, -0.2242 0.6024 0.7817, -0.2354 0.6024 0.7919, -0.2387 0.6024 0.7987, -0.2407 0.6024 0.8069, -0.2412 0.6024 0.8141, -0.2398 0.6024 0.8258, -0.2371 0.6024 0.8326, -0.2335 0.6024 0.8379, -0.2309 0.6024 0.8404, -0.216 0.6024 0.8478, -0.2241 0.6024 0.8449
            ]
        }
        coordIndex [
            0,1,2,-1,3,4,2,-1,2,4,5,-1,5,6,2,-1,2,6,7,-1,2,7,0,-1,1,8,2,-1,2,8,9,-1,2,9,10,-1,10,11,2,-1,2,11,12,-1,2,12,13,-1,13,14,2,-1,2,14,15,-1,2,15,16,-1,16,15,17,-1,
        ]
    }
}
Shape{
    appearance Appearance {
        material  Material 	{
            diffuseColor 0.0 0.0 0.0
            specularColor 0.0 0.0 0.0
            ambientIntensity 0.0
            transparency 0.0
            shininess 0.5
        }
    }
    geometry IndexedFaceSet {
        ccw TRUE
        solid FALSE
        coord DEF co Coordinate {
            point [
                -0.2852 0.6063 0.8026, -0.2991 0.6063 0.8414, -0.2946 0.6063 0.8599, -0.2591 0.6063 0.7665, -0.2724 0.6063 0.7665, -0.2814 0.6063 0.792, -0.3 0.6063 0.8442, -0.3007 0.6063 0.848, -0.3075 0.6063 0.8599, -0.301 0.6063 0.848, -0.3017 0.6063 0.844, -0.3024 0.6063 0.8414, -0.3165 0.6063 0.8026, -0.3431 0.6063 0.7665, -0.3298 0.6063 0.7665, -0.3203 0.6063 0.792, -0.3075 0.6024 0.8599, -0.3431 0.6024 0.7665, -0.2946 0.6024 0.8599, -0.2591 0.6024 0.7665, -0.286 0.6024 0.8372, -0.2724 0.6024 0.7665, -0.2814 0.6024 0.792, -0.3203 0.6024 0.792, -0.286 0.6024 0.792, -0.3298 0.6024 0.7665, -0.2852 0.6024 0.8026, -0.3165 0.6024 0.8026, -0.3024 0.6024 0.8414, -0.301 0.6024 0.848, -0.3017 0.6024 0.844, -0.3007 0.6024 0.848, -0.2991 0.6024 0.8414, -0.3 0.6024 0.8442
            ]
        }
        coordIndex [
            0,1,2,-1,3,4,5,-1,1,6,2,-1,2,6,7,-1,2,7,8,-1,8,7,9,-1,8,9,10,-1,10,11,8,-1,8,11,12,-1,8,12,13,-1,14,13,15,-1,15,13,12,-1,15,12,5,-1,5,12,0,-1,5,0,3,-1,3,0,2,-1,8,13,16,-1,16,13,17,-1,2,8,18,-1,18,8,16,-1,19,3,20,-1,20,3,2,-1,20,2,18,-1,4,3,21,-1,21,3,19,-1,5,4,22,-1,22,4,21,-1,23,15,24,-1,24,15,5,-1,24,5,22,-1,14,15,25,-1,25,15,23,-1,13,14,17,-1,17,14,25,-1,0,12,26,-1,26,12,27,-1,12,11,27,-1,27,11,28,-1,9,29,30,-1,9,30,10,-1,10,30,28,-1,10,28,11,-1,9,7,29,-1,29,7,31,-1,1,32,33,-1,1,33,6,-1,6,33,31,-1,6,31,7,-1,1,0,32,-1,32,0,26,-1,
        ]
    }
}
Shape{
    appearance Appearance {
        material  Material 	{
            diffuseColor 0.7529411764705882 0.7529411764705882 0.7529411764705882
            specularColor 0.3764705882352941 0.3764705882352941 0.3764705882352941
            ambientIntensity 0.7529
            transparency 0.0
            shininess 0.5
        }
    }
    geometry IndexedFaceSet {
        ccw TRUE
        solid FALSE
        coord DEF co Coordinate {
            point [
                -0.301 0.6024 0.848, -0.3007 0.6024 0.848, -0.3017 0.6024 0.844, -0.3 0.6024 0.8442, -0.3024 0.6024 0.8414, -0.2991 0.6024 0.8414, -0.3165 0.6024 0.8026, -0.2852 0.6024 0.8026
            ]
        }
        coordIndex [
            0,1,2,-1,2,1,3,-1,2,3,4,-1,4,3,5,-1,4,5,6,-1,6,5,7,-1,
        ]
    }
}
Shape{
    appearance Appearance {
        material  Material 	{
            diffuseColor 0.0 0.0 0.0
            specularColor 0.0 0.0 0.0
            ambientIntensity 0.0
            transparency 0.0
            shininess 0.5
        }
    }
    geometry IndexedFaceSet {
        ccw TRUE
        solid FALSE
        coord DEF co Coordinate {
            point [
                -0.0184 0.6063 0.629, -0.0184 0.6063 0.6183, -0.0184 0.6024 0.629, -0.0184 0.6024 0.6183, 0.0197 0.6063 0.629, 0.0197 0.6024 0.629, 0.0197 0.6063 0.6604, 0.0197 0.6024 0.6604, -0.0137 0.6063 0.6604, -0.0137 0.6024 0.6604, -0.0137 0.6063 0.6711, -0.0137 0.6024 0.6711, 0.0197 0.6063 0.6711, 0.0197 0.6024 0.6711, 0.0197 0.6063 0.701, 0.0197 0.6024 0.701, -0.0163 0.6063 0.701, -0.0163 0.6024 0.701, -0.0163 0.6063 0.7117, -0.0163 0.6024 0.7117, 0.0318 0.6063 0.7117, 0.0318 0.6024 0.7117, 0.0318 0.6063 0.6183, 0.0318 0.6024 0.6183, -0.0716 0.6063 0.6183, -0.0833 0.6063 0.6183, -0.0716 0.6063 0.6286, -0.0833 0.6063 0.6612, -0.0712 0.6063 0.6286, -0.0651 0.6063 0.6303, -0.0692 0.6063 0.6255, -0.0618 0.6063 0.6281, -0.0485 0.6063 0.6479, -0.0559 0.6063 0.6497, -0.0716 0.6063 0.6518, -0.0716 0.6063 0.6454, -0.0715 0.6063 0.6446, -0.0708 0.6063 0.6394, -0.0691 0.6063 0.6352, -0.0665 0.6063 0.6318, -0.0672 0.6063 0.6857, -0.0647 0.6063 0.6757, -0.0719 0.6063 0.6841, -0.0668 0.6063 0.6743, -0.0459 0.6063 0.6466, -0.0716 0.6063 0.6607, -0.0712 0.6063 0.6659, -0.0821 0.6063 0.6711, -0.0699 0.6063 0.67, -0.0802 0.6063 0.6761, -0.0686 0.6063 0.6724, -0.0777 0.6063 0.6797, -0.0756 0.6063 0.6817, -0.0362 0.6063 0.6803, -0.0362 0.6063 0.669, -0.0386 0.6063 0.6817, -0.0442 0.6063 0.6741, -0.0472 0.6063 0.6851, -0.0516 0.6063 0.6764, -0.0591 0.6063 0.6866, -0.058 0.6063 0.677, -0.062 0.6063 0.6766, -0.0439 0.6063 0.6303, -0.0354 0.6063 0.622, -0.0449 0.6063 0.6293, -0.0393 0.6063 0.6192, -0.0472 0.6063 0.6277, -0.0438 0.6063 0.6175, -0.0499 0.6063 0.6268, -0.0508 0.6063 0.6167, -0.0538 0.6063 0.6263, -0.057 0.6063 0.6174, -0.0582 0.6063 0.6268, -0.0617 0.6063 0.6192, -0.0654 0.6063 0.6216, -0.0518 0.6063 0.6579, -0.0421 0.6063 0.6554, -0.0446 0.6063 0.6456, -0.0374 0.6063 0.6528, -0.0432 0.6063 0.6438, -0.034 0.6063 0.6497, -0.0422 0.6063 0.6417, -0.0316 0.6063 0.6459, -0.0416 0.6063 0.639, -0.0302 0.6063 0.6416, -0.0415 0.6063 0.6371, -0.0296 0.6063 0.6362, -0.0418 0.6063 0.6344, -0.0303 0.6063 0.6304, -0.0426 0.6063 0.6323, -0.0318 0.6063 0.6265, -0.0343 0.6063 0.623, -0.0591 0.6024 0.6866, -0.0472 0.6024 0.6851, -0.0386 0.6024 0.6817, -0.0362 0.6024 0.6803, -0.0362 0.6024 0.669, -0.0442 0.6024 0.6741, -0.0516 0.6024 0.6764, -0.058 0.6024 0.677, -0.062 0.6024 0.6766, -0.0647 0.6024 0.6757, -0.0668 0.6024 0.6743, -0.0686 0.6024 0.6724, -0.0699 0.6024 0.67, -0.0712 0.6024 0.6659, -0.0716 0.6024 0.6607, -0.0518 0.6024 0.6579, -0.0421 0.6024 0.6554, -0.0374 0.6024 0.6528, -0.034 0.6024 0.6497, -0.0316 0.6024 0.6459, -0.0302 0.6024 0.6416, -0.0296 0.6024 0.6362, -0.0303 0.6024 0.6304, -0.0318 0.6024 0.6265, -0.0343 0.6024 0.623, -0.0354 0.6024 0.622, -0.0508 0.6024 0.6167, -0.044 0.6024 0.6175, -0.0438 0.6024 0.6175, -0.0393 0.6024 0.6192, -0.057 0.6024 0.6174, -0.0572 0.6024 0.6175, -0.0617 0.6024 0.6192, -0.0654 0.6024 0.6216, -0.0692 0.6024 0.6255, -0.0712 0.6024 0.6286, -0.0716 0.6024 0.6286, -0.0716 0.6024 0.6183, -0.0833 0.6024 0.6183, -0.0833 0.6024 0.6612, -0.0821 0.6024 0.6711, -0.0802 0.6024 0.6761, -0.0777 0.6024 0.6797, -0.0756 0.6024 0.6817, -0.0719 0.6024 0.6841, -0.0672 0.6024 0.6857, -0.0446 0.6024 0.6456, -0.0459 0.6024 0.6466, -0.0485 0.6024 0.6479, -0.0559 0.6024 0.6497, -0.0415 0.6024 0.6371, -0.0416 0.6024 0.639, -0.0422 0.6024 0.6417, -0.0432 0.6024 0.6438, -0.0449 0.6024 0.6293, -0.0439 0.6024 0.6303, -0.0426 0.6024 0.6323, -0.0418 0.6024 0.6344, -0.0538 0.6024 0.6263, -0.0499 0.6024 0.6268, -0.0472 0.6024 0.6277, -0.0665 0.6024 0.6318, -0.0651 0.6024 0.6303, -0.0618 0.6024 0.6281, -0.0582 0.6024 0.6268, -0.0716 0.6024 0.6454, -0.0715 0.6024 0.6446, -0.0708 0.6024 0.6394, -0.0691 0.6024 0.6352, -0.0716 0.6024 0.6518
            ]
        }
        coordIndex [
            0,1,2,-1,2,1,3,-1,4,0,5,-1,5,0,2,-1,6,4,7,-1,7,4,5,-1,8,6,9,-1,9,6,7,-1,10,8,11,-1,11,8,9,-1,12,10,13,-1,13,10,11,-1,14,12,15,-1,15,12,13,-1,16,14,17,-1,17,14,15,-1,18,16,19,-1,19,16,17,-1,20,18,21,-1,21,18,19,-1,22,20,23,-1,23,20,21,-1,1,22,3,-1,3,22,23,-1,22,1,0,-1,0,4,22,-1,22,4,6,-1,22,6,20,-1,16,18,14,-1,14,18,20,-1,14,20,12,-1,12,20,6,-1,12,6,10,-1,10,6,8,-1,24,25,26,-1,26,25,27,-1,28,29,30,-1,30,29,31,-1,32,33,27,-1,27,33,34,-1,27,34,35,-1,35,36,27,-1,27,36,37,-1,27,37,26,-1,26,37,38,-1,26,38,28,-1,28,38,39,-1,28,39,29,-1,40,41,42,-1,42,41,43,-1,44,32,45,-1,45,32,27,-1,45,27,46,-1,46,27,47,-1,46,47,48,-1,48,47,49,-1,48,49,50,-1,50,49,51,-1,50,51,43,-1,43,51,52,-1,43,52,42,-1,53,54,55,-1,55,54,56,-1,55,56,57,-1,57,56,58,-1,57,58,59,-1,59,58,60,-1,59,60,40,-1,40,60,61,-1,40,61,41,-1,62,63,64,-1,64,63,65,-1,64,65,66,-1,66,65,67,-1,66,67,68,-1,68,67,69,-1,68,69,70,-1,70,69,71,-1,70,71,72,-1,72,71,73,-1,72,73,31,-1,31,73,74,-1,31,74,30,-1,45,75,44,-1,44,75,76,-1,44,76,77,-1,77,76,78,-1,77,78,79,-1,79,78,80,-1,79,80,81,-1,81,80,82,-1,81,82,83,-1,83,82,84,-1,83,84,85,-1,85,84,86,-1,85,86,87,-1,87,86,88,-1,87,88,89,-1,89,88,90,-1,89,90,62,-1,62,90,91,-1,62,91,63,-1,59,92,93,-1,59,93,57,-1,57,93,94,-1,57,94,55,-1,55,94,95,-1,55,95,53,-1,54,53,96,-1,96,53,95,-1,54,96,97,-1,54,97,56,-1,56,97,98,-1,56,98,58,-1,58,98,99,-1,58,99,60,-1,60,99,100,-1,60,100,61,-1,61,100,101,-1,61,101,41,-1,41,101,102,-1,41,102,43,-1,43,102,103,-1,43,103,50,-1,50,103,104,-1,50,104,48,-1,48,104,105,-1,48,105,46,-1,46,105,106,-1,46,106,45,-1,75,45,107,-1,107,45,106,-1,75,107,108,-1,75,108,76,-1,76,108,109,-1,76,109,78,-1,78,109,110,-1,78,110,80,-1,80,110,111,-1,80,111,82,-1,82,111,112,-1,82,112,84,-1,84,112,113,-1,84,113,86,-1,86,113,114,-1,86,114,88,-1,88,114,115,-1,88,115,90,-1,90,115,116,-1,90,116,91,-1,91,116,117,-1,91,117,63,-1,118,69,119,-1,119,69,67,-1,119,67,120,-1,120,67,65,-1,120,65,121,-1,121,65,63,-1,121,63,117,-1,69,118,122,-1,69,122,71,-1,71,122,123,-1,71,123,73,-1,123,124,73,-1,73,124,125,-1,73,125,74,-1,74,125,126,-1,74,126,30,-1,30,126,127,-1,30,127,28,-1,26,28,128,-1,128,28,127,-1,24,26,129,-1,129,26,128,-1,25,24,130,-1,130,24,129,-1,27,25,131,-1,131,25,130,-1,27,131,132,-1,27,132,47,-1,47,132,133,-1,47,133,49,-1,49,133,134,-1,49,134,51,-1,51,134,135,-1,51,135,52,-1,52,135,136,-1,52,136,42,-1,42,136,137,-1,42,137,40,-1,40,137,92,-1,40,92,59,-1,77,138,139,-1,77,139,44,-1,44,139,140,-1,44,140,32,-1,32,140,141,-1,32,141,33,-1,85,142,143,-1,85,143,83,-1,83,143,144,-1,83,144,81,-1,81,144,145,-1,81,145,79,-1,79,145,138,-1,79,138,77,-1,64,146,147,-1,64,147,62,-1,62,147,148,-1,62,148,89,-1,89,148,149,-1,89,149,87,-1,87,149,142,-1,87,142,85,-1,70,150,151,-1,70,151,68,-1,68,151,152,-1,68,152,66,-1,66,152,146,-1,66,146,64,-1,39,153,154,-1,39,154,29,-1,29,154,155,-1,29,155,31,-1,31,155,156,-1,31,156,72,-1,72,156,150,-1,72,150,70,-1,35,157,158,-1,35,158,36,-1,36,158,159,-1,36,159,37,-1,37,159,160,-1,37,160,38,-1,38,160,153,-1,38,153,39,-1,35,34,157,-1,157,34,161,-1,34,33,161,-1,161,33,141,-1,
        ]
    }
}
Shape{
    appearance Appearance {
        material  Material 	{
            diffuseColor 0.7529411764705882 0.7529411764705882 0.7529411764705882
            specularColor 0.3764705882352941 0.3764705882352941 0.3764705882352941
            ambientIntensity 0.7529
            transparency 0.0
            shininess 0.5
        }
    }
    geometry IndexedFaceSet {
        ccw TRUE
        solid FALSE
        coord DEF co Coordinate {
            point [
                -0.0715 0.6024 0.6446, -0.0716 0.6024 0.6454, -0.0446 0.6024 0.6456, -0.0716 0.6024 0.6518, -0.0559 0.6024 0.6497, -0.0485 0.6024 0.6479, -0.0459 0.6024 0.6466, -0.0708 0.6024 0.6394, -0.0432 0.6024 0.6438, -0.0691 0.6024 0.6352, -0.0439 0.6024 0.6303, -0.0449 0.6024 0.6293, -0.0651 0.6024 0.6303, -0.0426 0.6024 0.6323, -0.0618 0.6024 0.6281, -0.0582 0.6024 0.6268, -0.0538 0.6024 0.6263, -0.0422 0.6024 0.6417, -0.0416 0.6024 0.639, -0.0665 0.6024 0.6318, -0.0415 0.6024 0.6371, -0.0418 0.6024 0.6344, -0.0472 0.6024 0.6277, -0.0499 0.6024 0.6268
            ]
        }
        coordIndex [
            0,1,2,-1,1,3,4,-1,4,5,1,-1,1,5,6,-1,1,6,2,-1,0,2,7,-1,7,2,8,-1,7,8,9,-1,10,11,12,-1,10,12,13,-1,14,12,15,-1,15,12,16,-1,8,17,9,-1,9,17,18,-1,9,18,19,-1,19,18,20,-1,19,20,12,-1,12,20,21,-1,12,21,13,-1,11,22,12,-1,12,22,23,-1,12,23,16,-1,
        ]
    }
}
Shape{
    appearance Appearance {
        material  Material 	{
            diffuseColor 0.0 0.0 0.0
            specularColor 0.0 0.0 0.0
            ambientIntensity 0.0
            transparency 0.0
            shininess 0.5
        }
    }
    geometry IndexedFaceSet {
        ccw TRUE
        solid FALSE
        coord DEF co Coordinate {
            point [
                -0.1184 0.6063 0.6263, -0.1184 0.6024 0.6263, -0.1117 0.6024 0.627, -0.1045 0.6024 0.6295, -0.1043 0.6063 0.6296, -0.1117 0.6063 0.627, -0.1043 0.6024 0.6296, -0.0991 0.6024 0.6327, -0.0991 0.6063 0.6327, -0.0991 0.6063 0.6206, -0.0991 0.6024 0.6206, -0.1073 0.6063 0.6178, -0.1045 0.6024 0.6187, -0.1172 0.6024 0.6167, -0.1172 0.6063 0.6167, -0.1096 0.6024 0.6175, -0.1073 0.6024 0.6178, -0.1278 0.6063 0.618, -0.1238 0.6024 0.6175, -0.1278 0.6024 0.618, -0.1339 0.6024 0.6204, -0.1339 0.6063 0.6204, -0.1366 0.6024 0.622, -0.1366 0.6063 0.622, -0.14 0.6024 0.625, -0.14 0.6063 0.625, -0.1422 0.6024 0.6281, -0.1422 0.6063 0.6281, -0.1436 0.6024 0.6318, -0.1436 0.6063 0.6318, -0.1442 0.6024 0.6365, -0.1442 0.6063 0.6365, -0.1437 0.6024 0.6408, -0.1437 0.6063 0.6408, -0.1424 0.6024 0.6443, -0.1424 0.6063 0.6443, -0.1403 0.6024 0.6475, -0.1403 0.6063 0.6475, -0.1375 0.6024 0.65, -0.1375 0.6063 0.65, -0.1297 0.6024 0.6543, -0.1297 0.6063 0.6543, -0.1252 0.6024 0.6561, -0.1252 0.6063 0.6561, -0.1179 0.6024 0.6593, -0.1179 0.6063 0.6593, -0.1138 0.6024 0.6619, -0.1138 0.6063 0.6619, -0.1127 0.6024 0.6631, -0.1127 0.6063 0.6631, -0.1118 0.6024 0.6647, -0.1118 0.6063 0.6647, -0.1113 0.6024 0.6665, -0.1113 0.6063 0.6665, -0.1112 0.6024 0.6681, -0.1112 0.6063 0.6681, -0.1115 0.6024 0.6699, -0.1115 0.6063 0.6699, -0.112 0.6024 0.6715, -0.112 0.6063 0.6715, -0.113 0.6024 0.673, -0.113 0.6063 0.673, -0.1148 0.6024 0.6746, -0.1148 0.6063 0.6746, -0.1174 0.6024 0.676, -0.1174 0.6063 0.676, -0.1206 0.6024 0.6768, -0.1206 0.6063 0.6768, -0.124 0.6024 0.677, -0.124 0.6063 0.677, -0.1309 0.6024 0.6763, -0.1309 0.6063 0.6763, -0.1376 0.6024 0.6741, -0.1376 0.6063 0.6741, -0.141 0.6024 0.6722, -0.141 0.6063 0.6722, -0.141 0.6063 0.6836, -0.141 0.6024 0.6836, -0.1334 0.6024 0.6858, -0.1334 0.6063 0.6858, -0.1252 0.6024 0.6866, -0.1252 0.6063 0.6866, -0.1158 0.6024 0.6854, -0.1158 0.6063 0.6854, -0.1096 0.6024 0.683, -0.1096 0.6063 0.683, -0.1067 0.6024 0.6812, -0.1067 0.6063 0.6812, -0.1045 0.6024 0.6793, -0.1032 0.6063 0.6781, -0.1032 0.6024 0.6781, -0.101 0.6024 0.6749, -0.101 0.6063 0.6749, -0.0996 0.6024 0.6712, -0.0996 0.6063 0.6712, -0.0992 0.6024 0.667, -0.0992 0.6063 0.667, -0.0997 0.6024 0.6625, -0.0997 0.6063 0.6625, -0.101 0.6024 0.6589, -0.101 0.6063 0.6589, -0.1025 0.6024 0.6565, -0.1025 0.6063 0.6565, -0.1169 0.6024 0.6476, -0.1169 0.6063 0.6476, -0.1099 0.6063 0.6508, -0.1044 0.6024 0.6545, -0.1044 0.6063 0.6545, -0.1045 0.6024 0.6544, -0.1099 0.6024 0.6508, -0.1246 0.6024 0.6444, -0.1246 0.6063 0.6444, -0.1292 0.6024 0.6417, -0.1292 0.6063 0.6417, -0.1306 0.6024 0.6401, -0.1306 0.6063 0.6401, -0.1315 0.6024 0.6386, -0.1315 0.6063 0.6386, -0.132 0.6024 0.6368, -0.132 0.6063 0.6368, -0.1322 0.6024 0.6353, -0.1322 0.6063 0.6353, -0.1319 0.6024 0.6331, -0.1319 0.6063 0.6331, -0.1313 0.6024 0.6314, -0.1313 0.6063 0.6314, -0.1303 0.6024 0.6299, -0.1303 0.6063 0.6299, -0.129 0.6024 0.6287, -0.129 0.6063 0.6287, -0.1279 0.6024 0.6281, -0.1279 0.6063 0.6281, -0.1249 0.6024 0.627, -0.1249 0.6063 0.627, -0.1189 0.6024 0.6263, -0.1189 0.6063 0.6263, -0.2022 0.6063 0.685, -0.2143 0.6063 0.685, -0.2022 0.6024 0.685, -0.2143 0.6024 0.685, -0.184 0.6063 0.6348, -0.184 0.6024 0.6348, -0.1831 0.6024 0.6317, -0.1831 0.6063 0.6317, -0.1825 0.6024 0.6294, -0.1825 0.6063 0.6294, -0.1822 0.6063 0.6294, -0.1822 0.6024 0.6294, -0.1808 0.6063 0.6349, -0.1808 0.6024 0.6349, -0.1633 0.6024 0.685, -0.1633 0.6063 0.685, -0.169 0.6024 0.6688, -0.1503 0.6063 0.685, -0.1503 0.6024 0.685, -0.1764 0.6024 0.6184, -0.1764 0.6063 0.6184, -0.169 0.6024 0.6374, -0.1713 0.6024 0.6063, -0.1713 0.6063 0.6063, -0.176 0.6024 0.6175, -0.1689 0.6063 0.602, -0.169 0.6024 0.6021, -0.1689 0.6024 0.602, -0.1668 0.6024 0.5996, -0.1668 0.6063 0.5996, -0.1649 0.6024 0.5983, -0.1649 0.6063 0.5983, -0.1624 0.6024 0.5973, -0.1624 0.6063 0.5973, -0.1593 0.6024 0.5969, -0.1593 0.6063 0.5969, -0.1551 0.6024 0.5975, -0.1551 0.6063 0.5975, -0.1527 0.6024 0.5982, -0.1527 0.6063 0.5982, -0.1527 0.6063 0.5878, -0.1527 0.6024 0.5878, -0.1576 0.6024 0.587, -0.1576 0.6063 0.587, -0.1602 0.6024 0.5869, -0.1602 0.6063 0.5869, -0.1649 0.6024 0.5874, -0.1649 0.6063 0.5874, -0.169 0.6024 0.589, -0.1696 0.6063 0.5892, -0.1696 0.6024 0.5892, -0.1736 0.6024 0.592, -0.1736 0.6063 0.592, -0.1744 0.6024 0.5928, -0.1744 0.6063 0.5928, -0.1787 0.6024 0.5979, -0.1787 0.6063 0.5979, -0.184 0.6024 0.6082, -0.184 0.6063 0.6082, -0.1877 0.6024 0.6175, -0.2772 0.6063 0.629, -0.2772 0.6063 0.6183, -0.2772 0.6024 0.629, -0.2772 0.6024 0.6183, -0.239 0.6024 0.629, -0.239 0.6063 0.629, -0.2565 0.6024 0.629, -0.239 0.6063 0.6604, -0.239 0.6024 0.6604, -0.2724 0.6024 0.6604, -0.2724 0.6063 0.6604, -0.2565 0.6024 0.6604, -0.2724 0.6063 0.6711, -0.2724 0.6024 0.6711, -0.239 0.6024 0.6711, -0.239 0.6063 0.6711, -0.2565 0.6024 0.6711, -0.239 0.6063 0.701, -0.239 0.6024 0.701, -0.275 0.6024 0.701, -0.275 0.6063 0.701, -0.2565 0.6024 0.701, -0.275 0.6063 0.7117, -0.275 0.6024 0.7117, -0.2269 0.6024 0.7117, -0.2269 0.6063 0.7117, -0.2565 0.6024 0.7117, -0.2269 0.6063 0.6183, -0.2269 0.6024 0.6183, -0.2565 0.6024 0.6183, -0.3523 0.6063 0.6437, -0.3482 0.6063 0.6387, -0.3568 0.6063 0.6314, -0.3472 0.6063 0.6377, -0.3471 0.6063 0.6244, -0.3411 0.6063 0.6335, -0.3364 0.6063 0.6203, -0.3334 0.6063 0.6305, -0.3205 0.6063 0.6183, -0.3204 0.6063 0.629, -0.2948 0.6063 0.6183, -0.3069 0.6063 0.629, -0.2948 0.6063 0.7117, -0.3069 0.6063 0.701, -0.3214 0.6063 0.7117, -0.321 0.6063 0.701, -0.3357 0.6063 0.7101, -0.333 0.6063 0.6997, -0.347 0.6063 0.706, -0.3411 0.6063 0.6967, -0.3568 0.6063 0.6993, -0.3479 0.6063 0.6922, -0.36 0.6063 0.6962, -0.3505 0.6063 0.6897, -0.3658 0.6063 0.688, -0.3541 0.6063 0.6844, -0.3693 0.6063 0.6791, -0.3568 0.6063 0.6776, -0.3709 0.6063 0.6662, -0.3582 0.6063 0.6659, -0.3706 0.6063 0.6603, -0.3577 0.6063 0.6588, -0.3683 0.6063 0.6493, -0.3557 0.6063 0.6505, -0.3637 0.6063 0.6397, -0.3205 0.6024 0.6183, -0.2948 0.6024 0.6183, -0.3364 0.6024 0.6203, -0.3471 0.6024 0.6244, -0.3568 0.6024 0.6314, -0.3637 0.6024 0.6397, -0.3683 0.6024 0.6493, -0.3706 0.6024 0.6603, -0.3709 0.6024 0.6662, -0.3693 0.6024 0.6791, -0.3658 0.6024 0.688, -0.36 0.6024 0.6962, -0.3568 0.6024 0.6993, -0.347 0.6024 0.706, -0.3357 0.6024 0.7101, -0.3214 0.6024 0.7117, -0.2948 0.6024 0.7117, -0.321 0.6024 0.701, -0.3069 0.6024 0.701, -0.3069 0.6024 0.629, -0.3204 0.6024 0.629, -0.3482 0.6024 0.6387, -0.3472 0.6024 0.6377, -0.3411 0.6024 0.6335, -0.3334 0.6024 0.6305, -0.3582 0.6024 0.6659, -0.3577 0.6024 0.6588, -0.3557 0.6024 0.6505, -0.3523 0.6024 0.6437, -0.3479 0.6024 0.6922, -0.3505 0.6024 0.6897, -0.3541 0.6024 0.6844, -0.3568 0.6024 0.6776, -0.333 0.6024 0.6997, -0.3411 0.6024 0.6967
            ]
        }
        coordIndex [
            0,1,2,-1,3,4,2,-1,2,4,5,-1,2,5,0,-1,3,6,4,-1,4,6,7,-1,4,7,8,-1,9,8,10,-1,10,8,7,-1,9,10,11,-1,11,10,12,-1,13,14,15,-1,15,14,11,-1,15,11,16,-1,16,11,12,-1,14,13,17,-1,17,13,18,-1,18,19,17,-1,17,19,20,-1,17,20,21,-1,21,20,22,-1,21,22,23,-1,23,22,24,-1,23,24,25,-1,25,24,26,-1,25,26,27,-1,27,26,28,-1,27,28,29,-1,29,28,30,-1,29,30,31,-1,31,30,32,-1,31,32,33,-1,33,32,34,-1,33,34,35,-1,35,34,36,-1,35,36,37,-1,37,36,38,-1,37,38,39,-1,39,38,40,-1,39,40,41,-1,41,40,42,-1,41,42,43,-1,43,42,44,-1,43,44,45,-1,45,44,46,-1,45,46,47,-1,47,46,48,-1,47,48,49,-1,49,48,50,-1,49,50,51,-1,51,50,52,-1,51,52,53,-1,53,52,54,-1,53,54,55,-1,55,54,56,-1,55,56,57,-1,57,56,58,-1,57,58,59,-1,59,58,60,-1,59,60,61,-1,61,60,62,-1,61,62,63,-1,63,62,64,-1,63,64,65,-1,65,64,66,-1,65,66,67,-1,67,66,68,-1,67,68,69,-1,69,68,70,-1,69,70,71,-1,71,70,72,-1,71,72,73,-1,73,72,74,-1,73,74,75,-1,76,75,77,-1,77,75,74,-1,76,77,78,-1,76,78,79,-1,79,78,80,-1,79,80,81,-1,81,80,82,-1,81,82,83,-1,83,82,84,-1,83,84,85,-1,85,84,86,-1,85,86,87,-1,86,88,87,-1,87,88,89,-1,88,90,89,-1,89,90,91,-1,89,91,92,-1,92,91,93,-1,92,93,94,-1,94,93,95,-1,94,95,96,-1,96,95,97,-1,96,97,98,-1,98,97,99,-1,98,99,100,-1,100,99,101,-1,100,101,102,-1,103,104,105,-1,102,101,106,-1,102,106,107,-1,107,106,108,-1,107,108,105,-1,105,108,109,-1,105,109,103,-1,104,103,110,-1,104,110,111,-1,111,110,112,-1,111,112,113,-1,113,112,114,-1,113,114,115,-1,115,114,116,-1,115,116,117,-1,117,116,118,-1,117,118,119,-1,119,118,120,-1,119,120,121,-1,121,120,122,-1,121,122,123,-1,123,122,124,-1,123,124,125,-1,125,124,126,-1,125,126,127,-1,127,126,128,-1,127,128,129,-1,129,128,130,-1,129,130,131,-1,131,130,132,-1,131,132,133,-1,133,132,134,-1,133,134,135,-1,135,134,1,-1,135,1,0,-1,61,63,85,-1,85,63,83,-1,111,43,104,-1,104,43,45,-1,21,23,127,-1,127,23,25,-1,127,25,125,-1,125,25,27,-1,125,27,123,-1,123,27,29,-1,123,29,121,-1,121,29,31,-1,121,31,119,-1,119,31,33,-1,119,33,117,-1,117,33,35,-1,117,35,115,-1,115,35,37,-1,115,37,113,-1,113,37,39,-1,113,39,111,-1,111,39,41,-1,111,41,43,-1,14,0,11,-1,11,0,5,-1,11,5,9,-1,9,5,4,-1,9,4,8,-1,63,65,83,-1,83,65,67,-1,83,67,81,-1,81,67,69,-1,81,69,79,-1,79,69,71,-1,79,71,76,-1,76,71,73,-1,76,73,75,-1,127,129,21,-1,21,129,131,-1,21,131,17,-1,17,131,133,-1,17,133,14,-1,14,133,135,-1,14,135,0,-1,85,87,61,-1,61,87,89,-1,61,89,59,-1,59,89,92,-1,59,92,57,-1,57,92,94,-1,57,94,55,-1,55,94,96,-1,55,96,53,-1,53,96,98,-1,53,98,51,-1,51,98,100,-1,51,100,49,-1,49,100,102,-1,49,102,47,-1,47,102,107,-1,47,107,45,-1,45,107,105,-1,45,105,104,-1,136,137,138,-1,138,137,139,-1,140,136,141,-1,141,136,138,-1,140,141,142,-1,140,142,143,-1,143,142,144,-1,143,144,145,-1,146,145,147,-1,147,145,144,-1,148,146,149,-1,149,146,147,-1,150,151,152,-1,152,151,148,-1,152,148,149,-1,153,151,154,-1,154,151,150,-1,155,156,157,-1,157,156,153,-1,157,153,154,-1,158,159,160,-1,160,159,156,-1,160,156,155,-1,159,158,161,-1,161,158,162,-1,162,163,161,-1,161,163,164,-1,161,164,165,-1,165,164,166,-1,165,166,167,-1,167,166,168,-1,167,168,169,-1,169,168,170,-1,169,170,171,-1,171,170,172,-1,171,172,173,-1,173,172,174,-1,173,174,175,-1,176,175,177,-1,177,175,174,-1,176,177,178,-1,176,178,179,-1,179,178,180,-1,179,180,181,-1,181,180,182,-1,181,182,183,-1,183,182,184,-1,183,184,185,-1,184,186,185,-1,185,186,187,-1,185,187,188,-1,188,187,189,-1,188,189,190,-1,190,189,191,-1,190,191,192,-1,192,191,193,-1,192,193,194,-1,139,137,195,-1,195,137,194,-1,195,194,193,-1,143,145,194,-1,137,136,194,-1,194,136,140,-1,194,140,143,-1,151,153,148,-1,148,153,156,-1,148,156,146,-1,175,176,173,-1,173,176,179,-1,173,179,171,-1,171,179,181,-1,171,181,169,-1,169,181,183,-1,169,183,167,-1,167,183,185,-1,167,185,165,-1,145,146,194,-1,194,146,156,-1,194,156,192,-1,156,159,192,-1,192,159,161,-1,192,161,190,-1,190,161,165,-1,190,165,188,-1,188,165,185,-1,196,197,198,-1,198,197,199,-1,200,201,202,-1,202,201,196,-1,202,196,198,-1,203,201,204,-1,204,201,200,-1,205,206,207,-1,207,206,203,-1,207,203,204,-1,208,206,209,-1,209,206,205,-1,210,211,212,-1,212,211,208,-1,212,208,209,-1,213,211,214,-1,214,211,210,-1,215,216,217,-1,217,216,213,-1,217,213,214,-1,218,216,219,-1,219,216,215,-1,220,221,222,-1,222,221,218,-1,222,218,219,-1,223,221,224,-1,224,221,220,-1,199,197,225,-1,225,197,223,-1,225,223,224,-1,223,197,196,-1,196,201,223,-1,223,201,203,-1,223,203,221,-1,216,218,213,-1,213,218,221,-1,213,221,211,-1,211,221,203,-1,211,203,208,-1,208,203,206,-1,226,227,228,-1,228,227,229,-1,228,229,230,-1,230,229,231,-1,230,231,232,-1,232,231,233,-1,232,233,234,-1,234,233,235,-1,234,235,236,-1,236,235,237,-1,236,237,238,-1,238,237,239,-1,238,239,240,-1,240,239,241,-1,240,241,242,-1,242,241,243,-1,242,243,244,-1,244,243,245,-1,244,245,246,-1,246,245,247,-1,246,247,248,-1,248,247,249,-1,248,249,250,-1,250,249,251,-1,250,251,252,-1,252,251,253,-1,252,253,254,-1,254,253,255,-1,254,255,256,-1,256,255,257,-1,256,257,258,-1,258,257,259,-1,258,259,260,-1,260,259,226,-1,260,226,228,-1,234,236,261,-1,261,236,262,-1,234,261,263,-1,234,263,232,-1,232,263,264,-1,232,264,230,-1,230,264,265,-1,230,265,228,-1,228,265,266,-1,228,266,260,-1,260,266,267,-1,260,267,258,-1,258,267,268,-1,258,268,256,-1,256,268,269,-1,256,269,254,-1,254,269,270,-1,254,270,252,-1,252,270,271,-1,252,271,250,-1,250,271,272,-1,250,272,248,-1,248,272,273,-1,248,273,246,-1,246,273,274,-1,246,274,244,-1,244,274,275,-1,244,275,242,-1,242,275,276,-1,242,276,240,-1,238,240,277,-1,277,240,276,-1,236,238,262,-1,262,238,277,-1,241,239,278,-1,278,239,279,-1,239,237,279,-1,279,237,280,-1,237,235,280,-1,280,235,281,-1,227,282,283,-1,227,283,229,-1,229,283,284,-1,229,284,231,-1,231,284,285,-1,231,285,233,-1,233,285,281,-1,233,281,235,-1,255,286,287,-1,255,287,257,-1,257,287,288,-1,257,288,259,-1,259,288,289,-1,259,289,226,-1,226,289,282,-1,226,282,227,-1,247,290,291,-1,247,291,249,-1,249,291,292,-1,249,292,251,-1,251,292,293,-1,251,293,253,-1,253,293,286,-1,253,286,255,-1,241,278,294,-1,241,294,243,-1,243,294,295,-1,243,295,245,-1,245,295,290,-1,245,290,247,-1,
        ]
    }
}
Shape{
    appearance Appearance {
        material  Material 	{
            diffuseColor 0.7529411764705882 0.7529411764705882 0.7529411764705882
            specularColor 0.3764705882352941 0.3764705882352941 0.3764705882352941
            ambientIntensity 0.7529
            transparency 0.0
            shininess 0.5
        }
    }
    geometry IndexedFaceSet {
        ccw TRUE
        solid FALSE
        coord DEF co Coordinate {
            point [
                -0.3472 0.6024 0.6377, -0.3482 0.6024 0.6387, -0.321 0.6024 0.701, -0.3069 0.6024 0.701, -0.3069 0.6024 0.629, -0.3204 0.6024 0.629, -0.3334 0.6024 0.6305, -0.3411 0.6024 0.6335, -0.3523 0.6024 0.6437, -0.3557 0.6024 0.6505, -0.3577 0.6024 0.6588, -0.3582 0.6024 0.6659, -0.3568 0.6024 0.6776, -0.3541 0.6024 0.6844, -0.3505 0.6024 0.6897, -0.3479 0.6024 0.6922, -0.333 0.6024 0.6997, -0.3411 0.6024 0.6967
            ]
        }
        coordIndex [
            0,1,2,-1,3,4,2,-1,2,4,5,-1,5,6,2,-1,2,6,7,-1,2,7,0,-1,1,8,2,-1,2,8,9,-1,2,9,10,-1,10,11,2,-1,2,11,12,-1,2,12,13,-1,13,14,2,-1,2,14,15,-1,2,15,16,-1,16,15,17,-1,
        ]
    }
}
Shape{
    appearance Appearance {
        material  Material 	{
            diffuseColor 0.0 0.0 0.0
            specularColor 0.0 0.0 0.0
            ambientIntensity 0.0
            transparency 0.0
            shininess 0.5
        }
    }
    geometry IndexedFaceSet {
        ccw TRUE
        solid FALSE
        coord DEF co Coordinate {
            point [
                -0.4022 0.6063 0.6544, -0.4161 0.6063 0.6932, -0.4116 0.6063 0.7117, -0.376 0.6063 0.6183, -0.3894 0.6063 0.6183, -0.3983 0.6063 0.6439, -0.4169 0.6063 0.696, -0.4177 0.6063 0.6998, -0.4245 0.6063 0.7117, -0.4179 0.6063 0.6998, -0.4187 0.6063 0.6958, -0.4194 0.6063 0.6932, -0.4335 0.6063 0.6544, -0.4601 0.6063 0.6183, -0.4468 0.6063 0.6183, -0.4372 0.6063 0.6439, -0.4245 0.6024 0.7117, -0.4601 0.6024 0.6183, -0.4116 0.6024 0.7117, -0.376 0.6024 0.6183, -0.3894 0.6024 0.6183, -0.3983 0.6024 0.6439, -0.4372 0.6024 0.6439, -0.4468 0.6024 0.6183, -0.4022 0.6024 0.6544, -0.4335 0.6024 0.6544, -0.4194 0.6024 0.6932, -0.4179 0.6024 0.6998, -0.4187 0.6024 0.6958, -0.4177 0.6024 0.6998, -0.4161 0.6024 0.6932, -0.4169 0.6024 0.696
            ]
        }
        coordIndex [
            0,1,2,-1,3,4,5,-1,1,6,2,-1,2,6,7,-1,2,7,8,-1,8,7,9,-1,8,9,10,-1,10,11,8,-1,8,11,12,-1,8,12,13,-1,14,13,15,-1,15,13,12,-1,15,12,5,-1,5,12,0,-1,5,0,3,-1,3,0,2,-1,8,13,16,-1,16,13,17,-1,2,8,18,-1,18,8,16,-1,3,2,19,-1,19,2,18,-1,4,3,20,-1,20,3,19,-1,5,4,21,-1,21,4,20,-1,15,5,22,-1,22,5,21,-1,14,15,23,-1,23,15,22,-1,13,14,17,-1,17,14,23,-1,0,12,24,-1,24,12,25,-1,12,11,25,-1,25,11,26,-1,9,27,28,-1,9,28,10,-1,10,28,26,-1,10,26,11,-1,9,7,27,-1,27,7,29,-1,1,30,31,-1,1,31,6,-1,6,31,29,-1,6,29,7,-1,1,0,30,-1,30,0,24,-1,
        ]
    }
}
Shape{
    appearance Appearance {
        material  Material 	{
            diffuseColor 0.7529411764705882 0.7529411764705882 0.7529411764705882
            specularColor 0.3764705882352941 0.3764705882352941 0.3764705882352941
            ambientIntensity 0.7529
            transparency 0.0
            shininess 0.5
        }
    }
    geometry IndexedFaceSet {
        ccw TRUE
        solid FALSE
        coord DEF co Coordinate {
            point [
                -0.4179 0.6024 0.6998, -0.4177 0.6024 0.6998, -0.4187 0.6024 0.6958, -0.4169 0.6024 0.696, -0.4194 0.6024 0.6932, -0.4161 0.6024 0.6932, -0.4335 0.6024 0.6544, -0.4022 0.6024 0.6544
            ]
        }
        coordIndex [
            0,1,2,-1,2,1,3,-1,2,3,4,-1,4,3,5,-1,4,5,6,-1,6,5,7,-1,
        ]
    }
}
Shape{
    appearance Appearance {
        material  Material 	{
            diffuseColor 0.0 0.0 0.0
            specularColor 0.0 0.0 0.0
            ambientIntensity 0.0
            transparency 0.0
            shininess 0.5
        }
    }
    geometry IndexedFaceSet {
        ccw TRUE
        solid FALSE
        coord DEF co Coordinate {
            point [
                0.4444 0.6063 0.6051, 0.4345 0.6063 0.5929, 0.4503 0.6063 0.6638, 0.2106 0.6063 0.7805, 0.2066 0.6063 0.7621, 0.1741 0.6063 0.798, 0.2285 0.6063 0.6964, 0.2491 0.6063 0.7316, 0.3381 0.6063 0.6851, 0.3828 0.6063 0.6651, 0.3767 0.6063 0.6629, 0.3714 0.6063 0.6592, 0.3671 0.6063 0.6544, 0.3215 0.6063 0.6472, 0.4648 0.6063 0.6727, 0.4613 0.6063 0.6225, 0.451 0.6063 0.6193, 0.3643 0.6063 0.6489, 0.3628 0.6063 0.6428, 0.3215 0.6063 0.6406, 0.3628 0.6063 0.6371, 0.2013 0.6063 0.7621, 0.1887 0.6063 0.7606, 0.1707 0.6063 0.7969, 0.1771 0.6063 0.7561, 0.151 0.6063 0.787, 0.133 0.6063 0.7718, 0.3456 0.6063 0.8332, 0.3799 0.6063 0.8591, 0.3636 0.6063 0.8201, 0.3956 0.6063 0.8457, 0.3785 0.6063 0.8023, 0.4092 0.6063 0.8298, 0.3886 0.6063 0.7814, 0.447 0.6063 0.7871, 0.4306 0.6063 0.791, 0.4244 0.6063 0.8312, 0.4238 0.6063 0.7913, 0.4168 0.6063 0.8308, 0.4083 0.6063 0.7894, 0.3934 0.6063 0.784, 0.4051 0.6063 0.6199, 0.3996 0.6063 0.6165, 0.4215 0.6063 0.5831, 0.3934 0.6063 0.6144, 0.3944 0.6063 0.6651, 0.4037 0.6063 0.7057, 0.4003 0.6063 0.663, 0.4184 0.6063 0.7001, 0.4055 0.6063 0.6595, 0.432 0.6063 0.6907, 0.4099 0.6063 0.6547, 0.443 0.6063 0.6781, 0.4129 0.6063 0.6489, 0.4144 0.6063 0.6425, 0.1329 0.6063 0.6479, 0.1639 0.6063 0.6742, 0.151 0.6063 0.6326, 0.1737 0.6063 0.6662, 0.1712 0.6063 0.6226, 0.1854 0.6063 0.6608, 0.1933 0.6063 0.618, 0.1973 0.6063 0.6585, 0.2325 0.6063 0.618, 0.2272 0.6063 0.6585, 0.2362 0.6063 0.6186, 0.4882 0.6063 0.741, 0.5318 0.6063 0.7314, 0.4902 0.6063 0.7249, 0.532 0.6063 0.7236, 0.4894 0.6063 0.7147, 0.5292 0.6063 0.6991, 0.4847 0.6063 0.6985, 0.5201 0.6063 0.6743, 0.4767 0.6063 0.6849, 0.5041 0.6063 0.6512, 0.485 0.6063 0.6346, 0.3638 0.6063 0.7032, 0.3798 0.6063 0.7072, 0.3879 0.6063 0.7076, 0.1668 0.6063 0.7489, 0.1591 0.6063 0.7403, 0.1194 0.6063 0.7529, 0.1529 0.6063 0.7288, 0.1113 0.6063 0.7326, 0.1498 0.6063 0.7161, 0.1083 0.6063 0.711, 0.1495 0.6063 0.7103, 0.1114 0.6063 0.6872, 0.1511 0.6063 0.6974, 0.1197 0.6063 0.6662, 0.1556 0.6063 0.6855, 0.1629 0.6063 0.6752, 0.449 0.6063 0.8283, 0.4738 0.6063 0.8192, 0.4618 0.6063 0.7793, 0.4951 0.6063 0.8046, 0.4733 0.6063 0.769, 0.5008 0.6063 0.7993, 0.4825 0.6063 0.7558, 0.516 0.6063 0.7801, 0.5269 0.6063 0.7563, 0.4095 0.6063 0.6246, 0.4125 0.6063 0.63, 0.4142 0.6063 0.636, 0.2209 0.6063 0.8019, 0.1857 0.6063 0.8216, 0.2358 0.6063 0.8198, 0.2066 0.6063 0.8474, 0.2376 0.6063 0.8214, 0.2099 0.6063 0.8504, 0.2563 0.6063 0.8344, 0.2395 0.6063 0.8704, 0.2771 0.6063 0.8424, 0.2729 0.6063 0.8821, 0.2996 0.6063 0.8451, 0.3002 0.6063 0.885, 0.3239 0.6063 0.842, 0.3332 0.6063 0.8809, 0.3639 0.6063 0.869, 0.3886 0.6063 0.6658, 0.3497 0.6063 0.6956, 0.2305 0.6063 0.6591, 0.2465 0.6063 0.6249, 0.2449 0.6063 0.6234, 0.2285 0.6063 0.6587, 0.2406 0.6063 0.6203, 0.4062 0.6063 0.5766, 0.3905 0.6063 0.5742, 0.3886 0.6063 0.614, 0.3879 0.6063 0.5741, 0.3827 0.6063 0.6147, 0.3719 0.6063 0.5761, 0.3769 0.6063 0.6168, 0.357 0.6063 0.5818, 0.3717 0.6063 0.6202, 0.3438 0.6063 0.591, 0.3674 0.6063 0.625, 0.3336 0.6063 0.6025, 0.3644 0.6063 0.6308, 0.3257 0.6063 0.6173, 0.3218 0.6063 0.6337, 0.2518 0.6063 0.6386, 0.2511 0.6063 0.6336, 0.2494 0.6063 0.6291, 0.2363 0.6063 0.6585, 0.2409 0.6063 0.6567, 0.2516 0.6063 0.6411, 0.2449 0.6063 0.6538, 0.2477 0.6063 0.6507, 0.2503 0.6063 0.6462, 0.2312 0.6063 0.6592, 0.1286 0.6024 0.7657, 0.1194 0.6024 0.7529, 0.1136 0.6024 0.7383, 0.1113 0.6024 0.7326, 0.1083 0.6024 0.711, 0.133 0.6024 0.7718, 0.151 0.6024 0.787, 0.1707 0.6024 0.7969, 0.1741 0.6024 0.798, 0.1857 0.6024 0.8216, 0.2066 0.6024 0.8474, 0.2099 0.6024 0.8504, 0.2252 0.6024 0.8607, 0.2395 0.6024 0.8704, 0.2729 0.6024 0.8821, 0.3002 0.6024 0.885, 0.3332 0.6024 0.8809, 0.3639 0.6024 0.869, 0.3773 0.6024 0.8607, 0.3799 0.6024 0.8591, 0.3956 0.6024 0.8457, 0.4092 0.6024 0.8298, 0.4168 0.6024 0.8308, 0.4244 0.6024 0.8312, 0.449 0.6024 0.8283, 0.4738 0.6024 0.8192, 0.4951 0.6024 0.8046, 0.5008 0.6024 0.7993, 0.516 0.6024 0.7801, 0.5226 0.6024 0.7657, 0.5269 0.6024 0.7563, 0.5304 0.6024 0.7383, 0.5318 0.6024 0.7314, 0.532 0.6024 0.7236, 0.5292 0.6024 0.6991, 0.5201 0.6024 0.6743, 0.5041 0.6024 0.6512, 0.485 0.6024 0.6346, 0.4613 0.6024 0.6225, 0.451 0.6024 0.6193, 0.4502 0.6024 0.6175, 0.4444 0.6024 0.6051, 0.4345 0.6024 0.5929, 0.4215 0.6024 0.5831, 0.4154 0.6024 0.5805, 0.4062 0.6024 0.5766, 0.3905 0.6024 0.5742, 0.3879 0.6024 0.5741, 0.3215 0.6024 0.6406, 0.3719 0.6024 0.5761, 0.3604 0.6024 0.5805, 0.357 0.6024 0.5818, 0.3438 0.6024 0.591, 0.3336 0.6024 0.6025, 0.3257 0.6024 0.6173, 0.3257 0.6024 0.6175, 0.3218 0.6024 0.6337, 0.3215 0.6024 0.6472, 0.2285 0.6024 0.6964, 0.2491 0.6024 0.7316, 0.3381 0.6024 0.6851, 0.3497 0.6024 0.6956, 0.3638 0.6024 0.7032, 0.3798 0.6024 0.7072, 0.3879 0.6024 0.7076, 0.4037 0.6024 0.7057, 0.4184 0.6024 0.7001, 0.432 0.6024 0.6907, 0.443 0.6024 0.6781, 0.4503 0.6024 0.6638, 0.4648 0.6024 0.6727, 0.4767 0.6024 0.6849, 0.4847 0.6024 0.6985, 0.4894 0.6024 0.7147, 0.4902 0.6024 0.7249, 0.4885 0.6024 0.7383, 0.4882 0.6024 0.741, 0.4825 0.6024 0.7558, 0.4756 0.6024 0.7657, 0.4733 0.6024 0.769, 0.4618 0.6024 0.7793, 0.447 0.6024 0.7871, 0.4306 0.6024 0.791, 0.4238 0.6024 0.7913, 0.4083 0.6024 0.7894, 0.3934 0.6024 0.784, 0.3886 0.6024 0.7814, 0.3785 0.6024 0.8023, 0.3636 0.6024 0.8201, 0.3456 0.6024 0.8332, 0.3239 0.6024 0.842, 0.2996 0.6024 0.8451, 0.2771 0.6024 0.8424, 0.2563 0.6024 0.8344, 0.2376 0.6024 0.8214, 0.2358 0.6024 0.8198, 0.2209 0.6024 0.8019, 0.2106 0.6024 0.7805, 0.2074 0.6024 0.7657, 0.2066 0.6024 0.7621, 0.2013 0.6024 0.7621, 0.1887 0.6024 0.7606, 0.1771 0.6024 0.7561, 0.1668 0.6024 0.7489, 0.1591 0.6024 0.7403, 0.158 0.6024 0.7383, 0.1529 0.6024 0.7288, 0.1498 0.6024 0.7161, 0.1495 0.6024 0.7103, 0.1511 0.6024 0.6974, 0.1556 0.6024 0.6855, 0.1629 0.6024 0.6752, 0.1639 0.6024 0.6742, 0.1737 0.6024 0.6662, 0.1854 0.6024 0.6608, 0.1973 0.6024 0.6585, 0.2272 0.6024 0.6585, 0.2285 0.6024 0.6587, 0.2305 0.6024 0.6591, 0.2312 0.6024 0.6592, 0.2363 0.6024 0.6585, 0.2409 0.6024 0.6567, 0.2449 0.6024 0.6538, 0.2477 0.6024 0.6507, 0.2503 0.6024 0.6462, 0.2516 0.6024 0.6411, 0.2518 0.6024 0.6386, 0.2511 0.6024 0.6336, 0.2494 0.6024 0.6291, 0.2465 0.6024 0.6249, 0.2449 0.6024 0.6234, 0.2406 0.6024 0.6203, 0.2362 0.6024 0.6186, 0.2325 0.6024 0.618, 0.1933 0.6024 0.618, 0.1712 0.6024 0.6226, 0.151 0.6024 0.6326, 0.1329 0.6024 0.6479, 0.1197 0.6024 0.6662, 0.1114 0.6024 0.6872, 0.3886 0.6024 0.6658, 0.3828 0.6024 0.6651, 0.3767 0.6024 0.6629, 0.3714 0.6024 0.6592, 0.3671 0.6024 0.6544, 0.3643 0.6024 0.6489, 0.3628 0.6024 0.6428, 0.3628 0.6024 0.6371, 0.3644 0.6024 0.6308, 0.3674 0.6024 0.625, 0.3717 0.6024 0.6202, 0.3769 0.6024 0.6168, 0.3827 0.6024 0.6147, 0.3886 0.6024 0.614, 0.3934 0.6024 0.6144, 0.3996 0.6024 0.6165, 0.4051 0.6024 0.6199, 0.4095 0.6024 0.6246, 0.4125 0.6024 0.63, 0.4142 0.6024 0.636, 0.4144 0.6024 0.6425, 0.4129 0.6024 0.6489, 0.4099 0.6024 0.6547, 0.4055 0.6024 0.6595, 0.4003 0.6024 0.663, 0.3944 0.6024 0.6651
            ]
        }
        coordIndex [
            0,1,2,-1,3,4,5,-1,6,7,8,-1,9,10,6,-1,10,11,6,-1,6,11,12,-1,6,12,13,-1,14,15,2,-1,2,15,16,-1,2,16,0,-1,12,17,13,-1,13,17,18,-1,13,18,19,-1,19,18,20,-1,4,21,5,-1,5,21,22,-1,5,22,23,-1,23,22,24,-1,23,24,25,-1,25,24,26,-1,27,28,29,-1,29,28,30,-1,29,30,31,-1,31,30,32,-1,31,32,33,-1,34,35,36,-1,36,35,37,-1,36,37,38,-1,38,37,39,-1,38,39,32,-1,32,39,40,-1,32,40,33,-1,41,1,42,-1,42,1,43,-1,42,43,44,-1,45,46,47,-1,47,46,48,-1,47,48,49,-1,49,48,50,-1,49,50,51,-1,51,50,52,-1,51,52,53,-1,53,52,2,-1,53,2,54,-1,55,56,57,-1,57,56,58,-1,57,58,59,-1,59,58,60,-1,59,60,61,-1,61,60,62,-1,61,62,63,-1,63,62,64,-1,63,64,65,-1,66,67,68,-1,68,67,69,-1,68,69,70,-1,70,69,71,-1,70,71,72,-1,72,71,73,-1,72,73,74,-1,74,73,75,-1,74,75,14,-1,14,75,76,-1,14,76,15,-1,77,78,45,-1,45,78,79,-1,45,79,46,-1,24,80,26,-1,26,80,81,-1,26,81,82,-1,82,81,83,-1,82,83,84,-1,84,83,85,-1,84,85,86,-1,86,85,87,-1,86,87,88,-1,88,87,89,-1,88,89,90,-1,90,89,91,-1,90,91,55,-1,55,91,92,-1,55,92,56,-1,36,93,34,-1,34,93,94,-1,34,94,95,-1,95,94,96,-1,95,96,97,-1,97,96,98,-1,97,98,99,-1,99,98,100,-1,99,100,66,-1,66,100,101,-1,66,101,67,-1,41,102,1,-1,1,102,103,-1,1,103,2,-1,2,103,104,-1,2,104,54,-1,3,5,105,-1,105,5,106,-1,105,106,107,-1,107,106,108,-1,107,108,109,-1,109,108,110,-1,109,110,111,-1,111,110,112,-1,111,112,113,-1,113,112,114,-1,113,114,115,-1,115,114,116,-1,115,116,117,-1,117,116,118,-1,117,118,27,-1,27,118,119,-1,27,119,28,-1,9,6,120,-1,120,6,8,-1,120,8,45,-1,45,8,121,-1,45,121,77,-1,122,123,124,-1,64,125,65,-1,65,125,122,-1,65,122,126,-1,126,122,124,-1,43,127,44,-1,44,127,128,-1,44,128,129,-1,129,128,130,-1,129,130,131,-1,131,130,132,-1,131,132,133,-1,133,132,134,-1,133,134,135,-1,135,134,136,-1,135,136,137,-1,137,136,138,-1,137,138,139,-1,139,138,140,-1,139,140,20,-1,20,140,141,-1,20,141,19,-1,142,143,122,-1,122,143,144,-1,122,144,123,-1,145,146,147,-1,146,148,147,-1,147,148,149,-1,147,149,150,-1,142,122,147,-1,147,122,151,-1,147,151,145,-1,152,26,153,-1,153,26,82,-1,153,82,154,-1,154,82,84,-1,154,84,155,-1,155,84,86,-1,155,86,156,-1,152,157,26,-1,26,157,158,-1,26,158,25,-1,25,158,159,-1,25,159,23,-1,23,159,160,-1,23,160,5,-1,5,160,161,-1,5,161,106,-1,106,161,162,-1,106,162,108,-1,108,162,163,-1,108,163,110,-1,112,110,164,-1,164,110,163,-1,164,165,112,-1,112,165,166,-1,112,166,114,-1,114,166,167,-1,114,167,116,-1,116,167,168,-1,116,168,118,-1,118,168,169,-1,118,169,119,-1,119,169,28,-1,28,169,170,-1,28,170,171,-1,28,171,172,-1,28,172,30,-1,30,172,173,-1,30,173,32,-1,32,173,174,-1,32,174,38,-1,38,174,175,-1,38,175,36,-1,36,175,176,-1,36,176,93,-1,93,176,177,-1,93,177,94,-1,94,177,178,-1,94,178,96,-1,96,178,179,-1,96,179,98,-1,101,100,180,-1,180,100,98,-1,180,98,179,-1,180,181,101,-1,101,181,182,-1,101,182,67,-1,67,182,183,-1,183,184,67,-1,67,184,185,-1,67,185,69,-1,69,185,186,-1,69,186,71,-1,71,186,187,-1,71,187,73,-1,73,187,188,-1,73,188,75,-1,75,188,189,-1,75,189,76,-1,76,189,190,-1,76,190,15,-1,15,190,191,-1,15,191,16,-1,16,191,192,-1,16,192,0,-1,192,193,0,-1,0,193,194,-1,0,194,1,-1,1,194,195,-1,1,195,43,-1,43,195,196,-1,43,196,127,-1,196,197,127,-1,127,197,198,-1,127,198,128,-1,128,198,199,-1,128,199,130,-1,200,19,141,-1,130,199,201,-1,202,134,201,-1,201,134,132,-1,201,132,130,-1,202,203,134,-1,134,203,204,-1,134,204,136,-1,136,204,205,-1,136,205,138,-1,138,205,206,-1,138,206,140,-1,140,206,207,-1,140,207,141,-1,141,207,208,-1,141,208,200,-1,13,19,209,-1,209,19,200,-1,6,13,210,-1,210,13,209,-1,7,6,211,-1,211,6,210,-1,8,7,212,-1,212,7,211,-1,8,212,213,-1,8,213,121,-1,121,213,214,-1,121,214,77,-1,77,214,215,-1,77,215,78,-1,78,215,216,-1,78,216,79,-1,79,216,217,-1,79,217,46,-1,46,217,218,-1,46,218,48,-1,48,218,219,-1,48,219,50,-1,50,219,220,-1,50,220,52,-1,52,220,221,-1,52,221,2,-1,2,221,222,-1,2,222,14,-1,14,222,223,-1,14,223,74,-1,74,223,224,-1,74,224,72,-1,72,224,225,-1,72,225,70,-1,70,225,226,-1,70,226,68,-1,66,68,226,-1,226,227,66,-1,66,227,228,-1,66,228,229,-1,230,97,229,-1,229,97,99,-1,229,99,66,-1,230,231,97,-1,97,231,232,-1,97,232,95,-1,95,232,233,-1,95,233,34,-1,34,233,234,-1,34,234,35,-1,35,234,235,-1,35,235,37,-1,37,235,236,-1,37,236,39,-1,39,236,237,-1,39,237,40,-1,40,237,238,-1,40,238,33,-1,33,238,239,-1,33,239,31,-1,31,239,240,-1,31,240,29,-1,29,240,241,-1,29,241,27,-1,27,241,242,-1,27,242,117,-1,117,242,243,-1,117,243,115,-1,115,243,244,-1,115,244,113,-1,113,244,245,-1,113,245,111,-1,111,245,246,-1,111,246,109,-1,109,246,247,-1,109,247,107,-1,107,247,248,-1,107,248,105,-1,105,248,249,-1,105,249,3,-1,3,249,4,-1,4,249,250,-1,4,250,251,-1,21,4,252,-1,252,4,251,-1,21,252,253,-1,21,253,22,-1,22,253,254,-1,22,254,24,-1,24,254,255,-1,24,255,80,-1,80,255,256,-1,80,256,81,-1,81,256,257,-1,81,257,83,-1,257,258,83,-1,83,258,259,-1,83,259,85,-1,85,259,260,-1,85,260,87,-1,87,260,261,-1,87,261,89,-1,89,261,262,-1,89,262,91,-1,91,262,263,-1,91,263,92,-1,92,263,264,-1,92,264,56,-1,56,264,265,-1,56,265,58,-1,58,265,266,-1,58,266,60,-1,60,266,267,-1,60,267,62,-1,64,62,268,-1,268,62,267,-1,64,268,269,-1,64,269,125,-1,125,269,270,-1,125,270,122,-1,122,270,271,-1,122,271,151,-1,151,271,272,-1,151,272,145,-1,145,272,273,-1,145,273,146,-1,146,273,274,-1,146,274,148,-1,148,274,275,-1,148,275,149,-1,149,275,276,-1,149,276,150,-1,150,276,277,-1,150,277,147,-1,147,277,278,-1,147,278,142,-1,142,278,279,-1,142,279,143,-1,143,279,280,-1,143,280,144,-1,144,280,281,-1,144,281,123,-1,123,281,282,-1,123,282,124,-1,124,282,283,-1,124,283,126,-1,126,283,284,-1,126,284,65,-1,65,284,285,-1,65,285,63,-1,61,63,286,-1,286,63,285,-1,61,286,287,-1,61,287,59,-1,59,287,288,-1,59,288,57,-1,57,288,289,-1,57,289,55,-1,55,289,290,-1,55,290,90,-1,90,290,291,-1,90,291,88,-1,88,291,156,-1,88,156,86,-1,120,292,293,-1,120,293,9,-1,9,293,294,-1,9,294,10,-1,10,294,295,-1,10,295,11,-1,11,295,296,-1,11,296,12,-1,12,296,297,-1,12,297,17,-1,17,297,298,-1,17,298,18,-1,18,298,299,-1,18,299,20,-1,20,299,300,-1,20,300,139,-1,139,300,301,-1,139,301,137,-1,137,301,302,-1,137,302,135,-1,135,302,303,-1,135,303,133,-1,133,303,304,-1,133,304,131,-1,131,304,305,-1,131,305,129,-1,129,305,306,-1,129,306,44,-1,44,306,307,-1,44,307,42,-1,42,307,308,-1,42,308,41,-1,41,308,309,-1,41,309,102,-1,102,309,310,-1,102,310,103,-1,103,310,311,-1,103,311,104,-1,104,311,312,-1,104,312,54,-1,54,312,313,-1,54,313,53,-1,53,313,314,-1,53,314,51,-1,51,314,315,-1,51,315,49,-1,49,315,316,-1,49,316,47,-1,47,316,317,-1,47,317,45,-1,45,317,292,-1,45,292,120,-1,
        ]
    }
}
Shape{
    appearance Appearance {
        material  Material 	{
            diffuseColor 0.7529411764705882 0.7529411764705882 0.7529411764705882
            specularColor 0.3764705882352941 0.3764705882352941 0.3764705882352941
            ambientIntensity 0.7529
            transparency 0.0
            shininess 0.5
        }
    }
    geometry IndexedFaceSet {
        ccw TRUE
        solid FALSE
        coord DEF co Coordinate {
            point [
                0.3934 0.6024 0.6144, 0.3886 0.6024 0.614, 0.3886 0.6024 0.6658, 0.3769 0.6024 0.6168, 0.3628 0.6024 0.6371, 0.3827 0.6024 0.6147, 0.3628 0.6024 0.6428, 0.3643 0.6024 0.6489, 0.3671 0.6024 0.6544, 0.3714 0.6024 0.6592, 0.4003 0.6024 0.663, 0.4095 0.6024 0.6246, 0.4051 0.6024 0.6199, 0.3767 0.6024 0.6629, 0.3828 0.6024 0.6651, 0.4125 0.6024 0.63, 0.4055 0.6024 0.6595, 0.4142 0.6024 0.636, 0.3944 0.6024 0.6651, 0.3996 0.6024 0.6165, 0.3717 0.6024 0.6202, 0.3674 0.6024 0.625, 0.3644 0.6024 0.6308, 0.4144 0.6024 0.6425, 0.4099 0.6024 0.6547, 0.4129 0.6024 0.6489, 1.596 0.3633 0.0138, 1.593 0.3583 0.0191, 1.5944 0.359 0.0176, 1.5956 0.3597 0.0162, 1.5967 0.3604 0.0149, 1.6013 0.3661 0.0079, 1.5949 -0.3593 0.0171, 1.5943 -0.3589 0.0177, 1.5948 -0.3614 0.0159, 1.5937 -0.3586 0.0184, 1.593 -0.3583 0.0191, 1.5964 -0.3602 0.0153, 1.5959 -0.3599 0.0158, 1.5954 -0.3596 0.0164, 1.5967 -0.3644 0.0126, 1.5985 -0.3619 0.0126, 1.5981 -0.3616 0.0131, 1.5977 -0.3612 0.0136, 1.5973 -0.3609 0.0141, 1.5969 -0.3605 0.0147, 1.5994 -0.363 0.0112, 1.5991 -0.3626 0.0117, 1.5988 -0.3622 0.0122, 1.5985 -0.3675 0.0093, 1.6005 -0.3647 0.0094, 1.6001 -0.364 0.01, 1.5997 -0.3635 0.0107, 1.5993 -0.3689 0.0079, 1.6013 -0.3661 0.0079, 1.6009 -0.3654 0.0087
            ]
        }
        coordIndex [
            0,1,2,-1,3,4,5,-1,5,4,6,-1,5,6,1,-1,6,7,1,-1,1,7,8,-1,1,8,9,-1,10,11,12,-1,9,13,1,-1,1,13,14,-1,1,14,2,-1,11,10,15,-1,15,10,16,-1,15,16,17,-1,2,18,0,-1,0,18,10,-1,0,10,19,-1,19,10,12,-1,3,20,4,-1,4,20,21,-1,4,21,22,-1,17,16,23,-1,23,16,24,-1,23,24,25,-1,26,27,28,-1,28,29,26,-1,26,29,30,-1,26,30,31,-1,32,33,34,-1,34,33,35,-1,34,35,36,-1,37,38,34,-1,34,38,39,-1,34,39,32,-1,40,41,42,-1,42,43,40,-1,40,43,44,-1,40,44,34,-1,34,44,45,-1,34,45,37,-1,46,47,40,-1,40,47,48,-1,40,48,41,-1,49,50,51,-1,49,51,40,-1,40,51,52,-1,40,52,46,-1,53,54,49,-1,49,54,55,-1,49,55,50,-1,
        ]
    }
}