solid OpenSCAD_Model
  facet normal -1 0 0
    outer loop
      vertex -11.45 -14.5 7.2
      vertex -11.45 -13.8 9.2
      vertex -11.45 -13.8 7.2
    endloop
  endfacet
  facet normal -1 -0 0
    outer loop
      vertex -11.45 -13.8 9.2
      vertex -11.45 -14.5 7.2
      vertex -11.45 -14.5 9.2
    endloop
  endfacet
  facet normal 0 0 -1
    outer loop
      vertex -20.05 -14.5 9.2
      vertex -11.45 -13.8 9.2
      vertex -11.45 -14.5 9.2
    endloop
  endfacet
  facet normal -0 0 -1
    outer loop
      vertex -11.45 -13.8 9.2
      vertex -20.05 -14.5 9.2
      vertex -20.05 -13.8 9.2
    endloop
  endfacet
  facet normal -0 0 1
    outer loop
      vertex -20.05 -13.8 7.2
      vertex -11.45 -14.5 7.2
      vertex -11.45 -13.8 7.2
    endloop
  endfacet
  facet normal 0 0 1
    outer loop
      vertex -11.45 -14.5 7.2
      vertex -20.05 -13.8 7.2
      vertex -20.05 -14.5 7.2
    endloop
  endfacet
  facet normal 1 -0 0
    outer loop
      vertex -20.05 -14.5 9.2
      vertex -20.05 -13.8 7.2
      vertex -20.05 -13.8 9.2
    endloop
  endfacet
  facet normal 1 0 0
    outer loop
      vertex -20.05 -13.8 7.2
      vertex -20.05 -14.5 9.2
      vertex -20.05 -14.5 7.2
    endloop
  endfacet
  facet normal 0 -1 0
    outer loop
      vertex -20.05 -13.8 7.2
      vertex -11.45 -13.8 9.2
      vertex -20.05 -13.8 9.2
    endloop
  endfacet
  facet normal 0 -1 -0
    outer loop
      vertex -11.45 -13.8 9.2
      vertex -20.05 -13.8 7.2
      vertex -11.45 -13.8 7.2
    endloop
  endfacet
  facet normal -1 0 0
    outer loop
      vertex -11.45 13.8 7.2
      vertex -11.45 14.5 9.2
      vertex -11.45 14.5 7.2
    endloop
  endfacet
  facet normal -1 -0 0
    outer loop
      vertex -11.45 14.5 9.2
      vertex -11.45 13.8 7.2
      vertex -11.45 13.8 9.2
    endloop
  endfacet
  facet normal 0 0 -1
    outer loop
      vertex -20.05 13.8 9.2
      vertex -11.45 14.5 9.2
      vertex -11.45 13.8 9.2
    endloop
  endfacet
  facet normal -0 0 -1
    outer loop
      vertex -11.45 14.5 9.2
      vertex -20.05 13.8 9.2
      vertex -20.05 14.5 9.2
    endloop
  endfacet
  facet normal -0 0 1
    outer loop
      vertex -20.05 14.5 7.2
      vertex -11.45 13.8 7.2
      vertex -11.45 14.5 7.2
    endloop
  endfacet
  facet normal 0 0 1
    outer loop
      vertex -11.45 13.8 7.2
      vertex -20.05 14.5 7.2
      vertex -20.05 13.8 7.2
    endloop
  endfacet
  facet normal 1 -0 0
    outer loop
      vertex -20.05 13.8 9.2
      vertex -20.05 14.5 7.2
      vertex -20.05 14.5 9.2
    endloop
  endfacet
  facet normal 1 0 0
    outer loop
      vertex -20.05 14.5 7.2
      vertex -20.05 13.8 9.2
      vertex -20.05 13.8 7.2
    endloop
  endfacet
  facet normal 0 1 -0
    outer loop
      vertex -11.45 13.8 7.2
      vertex -20.05 13.8 9.2
      vertex -11.45 13.8 9.2
    endloop
  endfacet
  facet normal 0 1 0
    outer loop
      vertex -20.05 13.8 9.2
      vertex -11.45 13.8 7.2
      vertex -20.05 13.8 7.2
    endloop
  endfacet
  facet normal -1 0 0
    outer loop
      vertex 20.05 -14.5 7.2
      vertex 20.05 -13.8 9.2
      vertex 20.05 -13.8 7.2
    endloop
  endfacet
  facet normal -1 -0 0
    outer loop
      vertex 20.05 -13.8 9.2
      vertex 20.05 -14.5 7.2
      vertex 20.05 -14.5 9.2
    endloop
  endfacet
  facet normal 0 0 -1
    outer loop
      vertex 11.45 -14.5 9.2
      vertex 20.05 -13.8 9.2
      vertex 20.05 -14.5 9.2
    endloop
  endfacet
  facet normal -0 0 -1
    outer loop
      vertex 20.05 -13.8 9.2
      vertex 11.45 -14.5 9.2
      vertex 11.45 -13.8 9.2
    endloop
  endfacet
  facet normal -0 0 1
    outer loop
      vertex 11.45 -13.8 7.2
      vertex 20.05 -14.5 7.2
      vertex 20.05 -13.8 7.2
    endloop
  endfacet
  facet normal 0 0 1
    outer loop
      vertex 20.05 -14.5 7.2
      vertex 11.45 -13.8 7.2
      vertex 11.45 -14.5 7.2
    endloop
  endfacet
  facet normal 1 -0 0
    outer loop
      vertex 11.45 -14.5 9.2
      vertex 11.45 -13.8 7.2
      vertex 11.45 -13.8 9.2
    endloop
  endfacet
  facet normal 1 0 0
    outer loop
      vertex 11.45 -13.8 7.2
      vertex 11.45 -14.5 9.2
      vertex 11.45 -14.5 7.2
    endloop
  endfacet
  facet normal 0 -1 0
    outer loop
      vertex 11.45 -13.8 7.2
      vertex 20.05 -13.8 9.2
      vertex 11.45 -13.8 9.2
    endloop
  endfacet
  facet normal 0 -1 -0
    outer loop
      vertex 20.05 -13.8 9.2
      vertex 11.45 -13.8 7.2
      vertex 20.05 -13.8 7.2
    endloop
  endfacet
  facet normal -1 0 0
    outer loop
      vertex 20.05 13.8 7.2
      vertex 20.05 14.5 9.2
      vertex 20.05 14.5 7.2
    endloop
  endfacet
  facet normal -1 -0 0
    outer loop
      vertex 20.05 14.5 9.2
      vertex 20.05 13.8 7.2
      vertex 20.05 13.8 9.2
    endloop
  endfacet
  facet normal 0 0 -1
    outer loop
      vertex 11.45 13.8 9.2
      vertex 20.05 14.5 9.2
      vertex 20.05 13.8 9.2
    endloop
  endfacet
  facet normal -0 0 -1
    outer loop
      vertex 20.05 14.5 9.2
      vertex 11.45 13.8 9.2
      vertex 11.45 14.5 9.2
    endloop
  endfacet
  facet normal -0 0 1
    outer loop
      vertex 11.45 14.5 7.2
      vertex 20.05 13.8 7.2
      vertex 20.05 14.5 7.2
    endloop
  endfacet
  facet normal 0 0 1
    outer loop
      vertex 20.05 13.8 7.2
      vertex 11.45 14.5 7.2
      vertex 11.45 13.8 7.2
    endloop
  endfacet
  facet normal 1 -0 0
    outer loop
      vertex 11.45 13.8 9.2
      vertex 11.45 14.5 7.2
      vertex 11.45 14.5 9.2
    endloop
  endfacet
  facet normal 1 0 0
    outer loop
      vertex 11.45 14.5 7.2
      vertex 11.45 13.8 9.2
      vertex 11.45 13.8 7.2
    endloop
  endfacet
  facet normal 0 1 -0
    outer loop
      vertex 20.05 13.8 7.2
      vertex 11.45 13.8 9.2
      vertex 20.05 13.8 9.2
    endloop
  endfacet
  facet normal 0 1 0
    outer loop
      vertex 11.45 13.8 9.2
      vertex 20.05 13.8 7.2
      vertex 11.45 13.8 7.2
    endloop
  endfacet
  facet normal -1 0 0
    outer loop
      vertex -14.5 -12.5 0.5
      vertex -14.5 12.5 1.5
      vertex -14.5 12.5 0.5
    endloop
  endfacet
  facet normal -1 -0 0
    outer loop
      vertex -14.5 12.5 1.5
      vertex -14.5 -12.5 0.5
      vertex -14.5 -12.5 1.5
    endloop
  endfacet
  facet normal 1 -0 0
    outer loop
      vertex -29.5 -12.5 1.5
      vertex -29.5 12.5 0.5
      vertex -29.5 12.5 1.5
    endloop
  endfacet
  facet normal 1 0 0
    outer loop
      vertex -29.5 12.5 0.5
      vertex -29.5 -12.5 1.5
      vertex -29.5 -12.5 0.5
    endloop
  endfacet
  facet normal 0 -1 0
    outer loop
      vertex -29.5 12.5 0.5
      vertex -14.5 12.5 1.5
      vertex -29.5 12.5 1.5
    endloop
  endfacet
  facet normal 0 -1 -0
    outer loop
      vertex -14.5 12.5 1.5
      vertex -29.5 12.5 0.5
      vertex -14.5 12.5 0.5
    endloop
  endfacet
  facet normal 0 1 -0
    outer loop
      vertex -14.5 -12.5 0.5
      vertex -29.5 -12.5 1.5
      vertex -14.5 -12.5 1.5
    endloop
  endfacet
  facet normal 0 1 0
    outer loop
      vertex -29.5 -12.5 1.5
      vertex -14.5 -12.5 0.5
      vertex -29.5 -12.5 0.5
    endloop
  endfacet
  facet normal 0.707078 0 -0.707136
    outer loop
      vertex -29.9979 -12.9979 0.002141
      vertex -29.5 12.5 0.5
      vertex -29.5 -12.5 0.5
    endloop
  endfacet
  facet normal 0.707078 0 -0.707136
    outer loop
      vertex -29.5 12.5 0.5
      vertex -29.9979 -12.9979 0.002141
      vertex -29.9979 12.9979 0.002141
    endloop
  endfacet
  facet normal 0 -0.707078 -0.707136
    outer loop
      vertex -29.9979 12.9979 0.002141
      vertex -14.5 12.5 0.5
      vertex -29.5 12.5 0.5
    endloop
  endfacet
  facet normal 0 -0.707078 -0.707136
    outer loop
      vertex -14.5 12.5 0.5
      vertex -29.9979 12.9979 0.002141
      vertex -14.0021 12.9979 0.002141
    endloop
  endfacet
  facet normal 0 0.707078 -0.707136
    outer loop
      vertex -14.0021 -12.9979 0.002141
      vertex -29.5 -12.5 0.5
      vertex -14.5 -12.5 0.5
    endloop
  endfacet
  facet normal 0 0.707078 -0.707136
    outer loop
      vertex -29.5 -12.5 0.5
      vertex -14.0021 -12.9979 0.002141
      vertex -29.9979 -12.9979 0.002141
    endloop
  endfacet
  facet normal -0.707078 0 -0.707136
    outer loop
      vertex -14.0021 12.9979 0.002141
      vertex -14.5 -12.5 0.5
      vertex -14.5 12.5 0.5
    endloop
  endfacet
  facet normal -0.707078 0 -0.707136
    outer loop
      vertex -14.5 -12.5 0.5
      vertex -14.0021 12.9979 0.002141
      vertex -14.0021 -12.9979 0.002141
    endloop
  endfacet
  facet normal 0 1 -0
    outer loop
      vertex -14 -13 2
      vertex -30 -13 2.02
      vertex -14 -13 2.02
    endloop
  endfacet
  facet normal 0 1 0
    outer loop
      vertex -30 -13 2.02
      vertex -14 -13 2
      vertex -30 -13 2
    endloop
  endfacet
  facet normal 0.707107 0 0.707107
    outer loop
      vertex -30 13 2
      vertex -29.5 -12.5 1.5
      vertex -29.5 12.5 1.5
    endloop
  endfacet
  facet normal 0.707107 0 0.707107
    outer loop
      vertex -29.5 -12.5 1.5
      vertex -30 13 2
      vertex -30 -13 2
    endloop
  endfacet
  facet normal 0 0 -1
    outer loop
      vertex -14 -13 2.02
      vertex -29.5 -12.5 2.02
      vertex -14 -12.5 2.02
    endloop
  endfacet
  facet normal -0 0 -1
    outer loop
      vertex -29.5 -12.5 2.02
      vertex -30 -13 2.02
      vertex -29.5 12.5 2.02
    endloop
  endfacet
  facet normal 0 0 -1
    outer loop
      vertex -30 -13 2.02
      vertex -29.5 -12.5 2.02
      vertex -14 -13 2.02
    endloop
  endfacet
  facet normal 0 0 -1
    outer loop
      vertex -29.5 12.5 2.02
      vertex -14 13 2.02
      vertex -14 12.5 2.02
    endloop
  endfacet
  facet normal 0 0 -1
    outer loop
      vertex -29.5 12.5 2.02
      vertex -30 13 2.02
      vertex -14 13 2.02
    endloop
  endfacet
  facet normal 0 0 -1
    outer loop
      vertex -30 13 2.02
      vertex -29.5 12.5 2.02
      vertex -30 -13 2.02
    endloop
  endfacet
  facet normal 0 -1 0
    outer loop
      vertex -30 13 2
      vertex -14 13 2.02
      vertex -30 13 2.02
    endloop
  endfacet
  facet normal 0 -1 -0
    outer loop
      vertex -14 13 2.02
      vertex -30 13 2
      vertex -14 13 2
    endloop
  endfacet
  facet normal 0 0.707107 0.707107
    outer loop
      vertex -14.5 -12.5 1.5
      vertex -30 -13 2
      vertex -14 -13 2
    endloop
  endfacet
  facet normal 0 0.707107 0.707107
    outer loop
      vertex -30 -13 2
      vertex -14.5 -12.5 1.5
      vertex -29.5 -12.5 1.5
    endloop
  endfacet
  facet normal 0 -0.707107 0.707107
    outer loop
      vertex -29.5 12.5 1.5
      vertex -14 13 2
      vertex -30 13 2
    endloop
  endfacet
  facet normal 0 -0.707107 0.707107
    outer loop
      vertex -14 13 2
      vertex -29.5 12.5 1.5
      vertex -14.5 12.5 1.5
    endloop
  endfacet
  facet normal -1 0 0
    outer loop
      vertex -14 -13 2
      vertex -14 -12.5 2.02
      vertex -14 -12.5 2
    endloop
  endfacet
  facet normal -1 -0 0
    outer loop
      vertex -14 -12.5 2.02
      vertex -14 -13 2
      vertex -14 -13 2.02
    endloop
  endfacet
  facet normal -1 0 0
    outer loop
      vertex -14 12.5 2
      vertex -14 13 2.02
      vertex -14 13 2
    endloop
  endfacet
  facet normal -1 -0 0
    outer loop
      vertex -14 13 2.02
      vertex -14 12.5 2
      vertex -14 12.5 2.02
    endloop
  endfacet
  facet normal -0.707107 0 0.707107
    outer loop
      vertex -14.5 12.5 1.5
      vertex -14 12.5 2
      vertex -14 13 2
    endloop
  endfacet
  facet normal -0.707107 0 0.707107
    outer loop
      vertex -14.5 -12.5 1.5
      vertex -14 12.5 2
      vertex -14.5 12.5 1.5
    endloop
  endfacet
  facet normal -0.707107 0 0.707107
    outer loop
      vertex -14.5 -12.5 1.5
      vertex -14 -12.5 2
      vertex -14 12.5 2
    endloop
  endfacet
  facet normal -0.707107 0 0.707107
    outer loop
      vertex -14 -12.5 2
      vertex -14.5 -12.5 1.5
      vertex -14 -13 2
    endloop
  endfacet
  facet normal 1 -0 0
    outer loop
      vertex -30 -13 2.02
      vertex -30 13 2
      vertex -30 13 2.02
    endloop
  endfacet
  facet normal 1 0 0
    outer loop
      vertex -30 13 2
      vertex -30 -13 2.02
      vertex -30 -13 2
    endloop
  endfacet
  facet normal 0.707107 0 -0.707107
    outer loop
      vertex 31.5 13 10.5
      vertex 31 -12.5 10
      vertex 31 12.5 10
    endloop
  endfacet
  facet normal 0.707107 0 -0.707107
    outer loop
      vertex 31 -12.5 10
      vertex 31.5 13 10.5
      vertex 31.5 -13 10.5
    endloop
  endfacet
  facet normal 0.707107 -0.707107 0
    outer loop
      vertex 31 12.5 10
      vertex 31.5 13 4.5
      vertex 31.5 13 10.5
    endloop
  endfacet
  facet normal 0.707107 -0.707107 0
    outer loop
      vertex 31.5 13 4.5
      vertex 31 12.5 10
      vertex 31 12.5 5
    endloop
  endfacet
  facet normal 0.707107 0.707107 0
    outer loop
      vertex 31.5 -13 10.5
      vertex 31 -12.5 5
      vertex 31 -12.5 10
    endloop
  endfacet
  facet normal 0.707107 0.707107 0
    outer loop
      vertex 31 -12.5 5
      vertex 31.5 -13 10.5
      vertex 31.5 -13 4.5
    endloop
  endfacet
  facet normal 0.707107 -0 0.707107
    outer loop
      vertex 31 -12.5 5
      vertex 31.5 13 4.5
      vertex 31 12.5 5
    endloop
  endfacet
  facet normal 0.707107 0 0.707107
    outer loop
      vertex 31.5 13 4.5
      vertex 31 -12.5 5
      vertex 31.5 -13 4.5
    endloop
  endfacet
  facet normal 0 1 -0
    outer loop
      vertex 29.5 -13 4.5
      vertex 29.48 -13 10.5
      vertex 29.5 -13 10.5
    endloop
  endfacet
  facet normal 0 1 0
    outer loop
      vertex 29.48 -13 10.5
      vertex 29.5 -13 4.5
      vertex 29.48 -13 4.5
    endloop
  endfacet
  facet normal -0.707107 0 0.707107
    outer loop
      vertex 29.5 12.5 4.5
      vertex 30 12.5 5
      vertex 29.5 13 4.5
    endloop
  endfacet
  facet normal -0.707107 0 0.707107
    outer loop
      vertex 29.5 -12.5 4.5
      vertex 30 12.5 5
      vertex 29.5 12.5 4.5
    endloop
  endfacet
  facet normal -0.707107 0 0.707107
    outer loop
      vertex 29.5 -12.5 4.5
      vertex 30 -12.5 5
      vertex 30 12.5 5
    endloop
  endfacet
  facet normal -0.707107 0 0.707107
    outer loop
      vertex 30 -12.5 5
      vertex 29.5 -12.5 4.5
      vertex 29.5 -13 4.5
    endloop
  endfacet
  facet normal 0 -1 0
    outer loop
      vertex 29.48 13 4.5
      vertex 29.5 13 10.5
      vertex 29.48 13 10.5
    endloop
  endfacet
  facet normal 0 -1 -0
    outer loop
      vertex 29.5 13 10.5
      vertex 29.48 13 4.5
      vertex 29.5 13 4.5
    endloop
  endfacet
  facet normal 1 -0 0
    outer loop
      vertex 29.48 -13 10.5
      vertex 29.48 -12.5 4.5
      vertex 29.48 -12.5 10.5
    endloop
  endfacet
  facet normal 1 0 0
    outer loop
      vertex 29.48 -12.5 4.5
      vertex 29.48 -13 10.5
      vertex 29.48 -13 4.5
    endloop
  endfacet
  facet normal 1 -0 0
    outer loop
      vertex 29.48 12.5 10.5
      vertex 29.48 13 4.5
      vertex 29.48 13 10.5
    endloop
  endfacet
  facet normal 1 0 0
    outer loop
      vertex 29.48 13 4.5
      vertex 29.48 12.5 10.5
      vertex 29.48 12.5 4.5
    endloop
  endfacet
  facet normal -0.707107 0.707107 0
    outer loop
      vertex 29.5 -13 4.5
      vertex 30 -12.5 10
      vertex 30 -12.5 5
    endloop
  endfacet
  facet normal -0.707107 0.707107 0
    outer loop
      vertex 30 -12.5 10
      vertex 29.5 -13 4.5
      vertex 29.5 -13 10.5
    endloop
  endfacet
  facet normal -0.707107 -0.707107 0
    outer loop
      vertex 30 12.5 5
      vertex 29.5 13 10.5
      vertex 29.5 13 4.5
    endloop
  endfacet
  facet normal -0.707107 -0.707107 0
    outer loop
      vertex 29.5 13 10.5
      vertex 30 12.5 5
      vertex 30 12.5 10
    endloop
  endfacet
  facet normal 0 0 -1
    outer loop
      vertex 29.48 -13 10.5
      vertex 29.5 -12.5 10.5
      vertex 29.5 -13 10.5
    endloop
  endfacet
  facet normal -0 0 -1
    outer loop
      vertex 29.5 -12.5 10.5
      vertex 29.48 -13 10.5
      vertex 29.48 -12.5 10.5
    endloop
  endfacet
  facet normal 0 0 -1
    outer loop
      vertex 29.48 12.5 10.5
      vertex 29.5 13 10.5
      vertex 29.5 12.5 10.5
    endloop
  endfacet
  facet normal -0 0 -1
    outer loop
      vertex 29.5 13 10.5
      vertex 29.48 12.5 10.5
      vertex 29.48 13 10.5
    endloop
  endfacet
  facet normal -0.707107 0 -0.707107
    outer loop
      vertex 30 12.5 10
      vertex 29.5 12.5 10.5
      vertex 29.5 13 10.5
    endloop
  endfacet
  facet normal -0.707107 0 -0.707107
    outer loop
      vertex 30 -12.5 10
      vertex 29.5 12.5 10.5
      vertex 30 12.5 10
    endloop
  endfacet
  facet normal -0.707107 0 -0.707107
    outer loop
      vertex 30 -12.5 10
      vertex 29.5 -12.5 10.5
      vertex 29.5 12.5 10.5
    endloop
  endfacet
  facet normal -0.707107 -0 -0.707107
    outer loop
      vertex 29.5 -12.5 10.5
      vertex 30 -12.5 10
      vertex 29.5 -13 10.5
    endloop
  endfacet
  facet normal -0 0 1
    outer loop
      vertex 29.48 -12.5 4.5
      vertex 29.5 -13 4.5
      vertex 29.5 -12.5 4.5
    endloop
  endfacet
  facet normal 0 0 1
    outer loop
      vertex 29.5 -13 4.5
      vertex 29.48 -12.5 4.5
      vertex 29.48 -13 4.5
    endloop
  endfacet
  facet normal -0 0 1
    outer loop
      vertex 29.48 13 4.5
      vertex 29.5 12.5 4.5
      vertex 29.5 13 4.5
    endloop
  endfacet
  facet normal 0 0 1
    outer loop
      vertex 29.5 12.5 4.5
      vertex 29.48 13 4.5
      vertex 29.48 12.5 4.5
    endloop
  endfacet
  facet normal -0.1549 -0.778534 -0.608186
    outer loop
      vertex -30.6085 -14.3244 0.444429
      vertex -30.6946 -14.2262 0.340653
      vertex -30.5981 -14.2454 0.340653
    endloop
  endfacet
  facet normal -0.118686 0.597667 -0.792911
    outer loop
      vertex -30.6438 14.0366 0.16853
      vertex -30.6707 14.1369 0.248159
      vertex -30.5861 14.1537 0.248159
    endloop
  endfacet
  facet normal -0.155443 -0.778674 -0.607869
    outer loop
      vertex -30.6085 -14.3244 0.444429
      vertex -30.7152 -14.3031 0.444429
      vertex -30.6946 -14.2262 0.340653
    endloop
  endfacet
  facet normal 0.227271 0.670448 0.706291
    outer loop
      vertex 30.7588 14.4659 16.6
      vertex 30.6553 14.0796 17
      vertex 30.8827 14.4239 16.6
    endloop
  endfacet
  facet normal -0.0518287 -0.792029 -0.608279
    outer loop
      vertex -30.5 -14.3315 0.444429
      vertex -30.6085 -14.3244 0.444429
      vertex -30.5 -14.2518 0.340653
    endloop
  endfacet
  facet normal 0.137969 0.694354 0.706284
    outer loop
      vertex 30.6305 14.4914 16.6
      vertex 30.5783 14.0949 17
      vertex 30.6553 14.0796 17
    endloop
  endfacet
  facet normal -0.707107 0 0.707107
    outer loop
      vertex -31.5 -13.5 16.6
      vertex -31.1 13.5 17
      vertex -31.5 13.5 16.6
    endloop
  endfacet
  facet normal -0.707107 0 0.707107
    outer loop
      vertex -31.1 13.5 17
      vertex -31.5 -13.5 16.6
      vertex -31.1 -13.5 17
    endloop
  endfacet
  facet normal 0.596786 -0.52374 -0.607901
    outer loop
      vertex 31.0879 -14.0879 0.444429
      vertex 31.0316 -14.0316 0.340653
      vertex 31.1596 -14.0062 0.444429
    endloop
  endfacet
  facet normal -0.467039 -0.531981 0.706308
    outer loop
      vertex -30.9243 -13.9243 17
      vertex -31.2071 -14.2071 16.6
      vertex -31.1088 -14.2934 16.6
    endloop
  endfacet
  facet normal -0.963906 0.0632563 -0.25862
    outer loop
      vertex -31.4469 13.5 0.67856
      vertex -31.4808 13.5 0.804909
      vertex -31.4724 13.628 0.804909
    endloop
  endfacet
  facet normal 0.138004 -0.694352 0.706279
    outer loop
      vertex 30.6553 -14.0796 17
      vertex 30.6305 -14.4914 16.6
      vertex 30.7588 -14.4659 16.6
    endloop
  endfacet
  facet normal -0.12317 -0.363123 -0.923564
    outer loop
      vertex -30.6145 -13.9272 0.103127
      vertex -30.623 -13.797 0.0530691
      vertex -30.5832 -13.8105 0.0530691
    endloop
  endfacet
  facet normal 0.193262 0.972496 -0.130008
    outer loop
      vertex 30.7538 14.4474 0.804909
      vertex 30.628 14.4724 0.804909
      vertex 30.6302 14.4893 0.934596
    endloop
  endfacet
  facet normal -0.532685 0.465987 0.706472
    outer loop
      vertex -30.9243 13.9243 17
      vertex -31.2934 14.1088 16.6
      vertex -30.976 13.8652 17
    endloop
  endfacet
  facet normal 0.313185 -0.63501 -0.706171
    outer loop
      vertex 30.7877 -14.1946 0.340653
      vertex 30.7523 -14.1092 0.248159
      vertex 30.8759 -14.1511 0.340653
    endloop
  endfacet
  facet normal -0.706446 -0.0460137 0.70627
    outer loop
      vertex -31.1 -13.5 17
      vertex -31.4914 -13.6305 16.6
      vertex -31.0949 -13.5783 17
    endloop
  endfacet
  facet normal 0.849651 -0.169612 -0.499324
    outer loop
      vertex 31.3663 -13.7321 0.557711
      vertex 31.3031 -13.7152 0.444429
      vertex 31.3244 -13.6085 0.444429
    endloop
  endfacet
  facet normal -0.88918 -0.43851 -0.130647
    outer loop
      vertex -31.3642 -13.9989 0.934596
      vertex -31.4219 -13.8819 0.934596
      vertex -31.4061 -13.8753 0.804909
    endloop
  endfacet
  facet normal 0 -1 0
    outer loop
      vertex -11.45 -14.5 7.2
      vertex 11.45 -14.5 9.2
      vertex -11.45 -14.5 9.2
    endloop
  endfacet
  facet normal 0 -1 -0
    outer loop
      vertex 11.45 -14.5 9.2
      vertex -11.45 -14.5 7.2
      vertex 11.45 -14.5 7.2
    endloop
  endfacet
  facet normal 0 -1 0
    outer loop
      vertex -11.45 -14.5 9.2
      vertex -30.5 -14.5 16.6
      vertex -20.05 -14.5 9.2
    endloop
  endfacet
  facet normal 0 -1 0
    outer loop
      vertex -30.5 -14.5 1
      vertex -20.05 -14.5 9.2
      vertex -30.5 -14.5 16.6
    endloop
  endfacet
  facet normal 0 -1 0
    outer loop
      vertex -30.5 -14.5 1
      vertex -11.45 -14.5 7.2
      vertex -20.05 -14.5 7.2
    endloop
  endfacet
  facet normal 0 -1 -0
    outer loop
      vertex -11.45 -14.5 7.2
      vertex -30.5 -14.5 1
      vertex 11.45 -14.5 7.2
    endloop
  endfacet
  facet normal 0 -1 0
    outer loop
      vertex 30.5 -14.5 1
      vertex 11.45 -14.5 7.2
      vertex -30.5 -14.5 1
    endloop
  endfacet
  facet normal 0 -1 -0
    outer loop
      vertex -20.05 -14.5 9.2
      vertex -30.5 -14.5 1
      vertex -20.05 -14.5 7.2
    endloop
  endfacet
  facet normal 0 -1 0
    outer loop
      vertex -30.5 -14.5 16.6
      vertex -11.45 -14.5 9.2
      vertex 30.5 -14.5 16.6
    endloop
  endfacet
  facet normal 0 -1 0
    outer loop
      vertex 11.45 -14.5 9.2
      vertex 30.5 -14.5 16.6
      vertex -11.45 -14.5 9.2
    endloop
  endfacet
  facet normal 0 -1 0
    outer loop
      vertex 20.05 -14.5 9.2
      vertex 30.5 -14.5 16.6
      vertex 11.45 -14.5 9.2
    endloop
  endfacet
  facet normal 0 -1 0
    outer loop
      vertex 30.5 -14.5 1
      vertex 20.05 -14.5 9.2
      vertex 20.05 -14.5 7.2
    endloop
  endfacet
  facet normal 0 -1 0
    outer loop
      vertex 20.05 -14.5 9.2
      vertex 30.5 -14.5 1
      vertex 30.5 -14.5 16.6
    endloop
  endfacet
  facet normal 0 -1 0
    outer loop
      vertex 11.45 -14.5 7.2
      vertex 30.5 -14.5 1
      vertex 20.05 -14.5 7.2
    endloop
  endfacet
  facet normal -0.596786 -0.52374 -0.607901
    outer loop
      vertex -31.0879 -14.0879 0.444429
      vertex -31.1596 -14.0062 0.444429
      vertex -31.0316 -14.0316 0.340653
    endloop
  endfacet
  facet normal 0.70634 -0.0465481 0.70634
    outer loop
      vertex 31.5 -13.5 16.6
      vertex 31.1 -13.5 17
      vertex 31.4914 -13.6305 16.6
    endloop
  endfacet
  facet normal -0.138145 0.69432 -0.706283
    outer loop
      vertex -30.5861 14.1537 0.248159
      vertex -30.6946 14.2262 0.340653
      vertex -30.5981 14.2454 0.340653
    endloop
  endfacet
  facet normal -0.288459 0.252858 -0.923501
    outer loop
      vertex -30.755 13.6957 0.0530691
      vertex -30.8127 13.8127 0.103127
      vertex -30.7273 13.7273 0.0530691
    endloop
  endfacet
  facet normal 0.195924 -0.577163 -0.792778
    outer loop
      vertex 30.7523 -14.1092 0.248159
      vertex 30.6707 -14.1369 0.248159
      vertex 30.7126 -14.0133 0.16853
    endloop
  endfacet
  facet normal 0 0.96584 -0.259139
    outer loop
      vertex 30.5 14.4469 0.67856
      vertex -30.5 14.4808 0.804909
      vertex 30.5 14.4808 0.804909
    endloop
  endfacet
  facet normal 0 0.96584 -0.259139
    outer loop
      vertex -30.5 14.4808 0.804909
      vertex 30.5 14.4469 0.67856
      vertex -30.5 14.4469 0.67856
    endloop
  endfacet
  facet normal 0.296997 0.875234 -0.381783
    outer loop
      vertex 30.8432 14.3286 0.557711
      vertex 30.7321 14.3663 0.557711
      vertex 30.8624 14.3748 0.67856
    endloop
  endfacet
  facet normal 0.227271 -0.670448 0.706291
    outer loop
      vertex 30.8827 -14.4239 16.6
      vertex 30.6553 -14.0796 17
      vertex 30.7588 -14.4659 16.6
    endloop
  endfacet
  facet normal 0.1549 -0.778534 -0.608186
    outer loop
      vertex 30.6085 -14.3244 0.444429
      vertex 30.5981 -14.2454 0.340653
      vertex 30.6946 -14.2262 0.340653
    endloop
  endfacet
  facet normal 0.778534 0.1549 -0.608186
    outer loop
      vertex 31.2454 13.5981 0.340653
      vertex 31.2262 13.6946 0.340653
      vertex 31.3244 13.6085 0.444429
    endloop
  endfacet
  facet normal -0.0516772 -0.792115 -0.60818
    outer loop
      vertex -30.5 -14.2518 0.340653
      vertex -30.6085 -14.3244 0.444429
      vertex -30.5981 -14.2454 0.340653
    endloop
  endfacet
  facet normal -0.0976966 -0.0870111 -0.991405
    outer loop
      vertex -30.5462 -13.5462 0.002141
      vertex -30.6548 -13.6188 0.0192146
      vertex -30.5519 -13.5398 0.002141
    endloop
  endfacet
  facet normal -0.278105 -0.820769 -0.498994
    outer loop
      vertex -30.7152 -14.3031 0.444429
      vertex -30.8432 -14.3286 0.557711
      vertex -30.8182 -14.2682 0.444429
    endloop
  endfacet
  facet normal -0.537103 -0.802926 -0.258514
    outer loop
      vertex -30.9735 -14.3201 0.67856
      vertex -31.0971 -14.2781 0.804909
      vertex -31.0765 -14.2512 0.67856
    endloop
  endfacet
  facet normal -0.866671 0.426935 -0.258084
    outer loop
      vertex -31.3201 13.9735 0.67856
      vertex -31.4061 13.8753 0.804909
      vertex -31.3494 13.9904 0.804909
    endloop
  endfacet
  facet normal 0 1 -0
    outer loop
      vertex 11.45 14.5 7.2
      vertex -11.45 14.5 9.2
      vertex 11.45 14.5 9.2
    endloop
  endfacet
  facet normal 0 1 0
    outer loop
      vertex -11.45 14.5 9.2
      vertex 11.45 14.5 7.2
      vertex -11.45 14.5 7.2
    endloop
  endfacet
  facet normal 0 1 0
    outer loop
      vertex 11.45 14.5 9.2
      vertex 30.5 14.5 16.6
      vertex 20.05 14.5 9.2
    endloop
  endfacet
  facet normal 0 1 -0
    outer loop
      vertex 30.5 14.5 1
      vertex 20.05 14.5 9.2
      vertex 30.5 14.5 16.6
    endloop
  endfacet
  facet normal 0 1 0
    outer loop
      vertex 30.5 14.5 1
      vertex 11.45 14.5 7.2
      vertex 20.05 14.5 7.2
    endloop
  endfacet
  facet normal 0 1 0
    outer loop
      vertex 11.45 14.5 7.2
      vertex 30.5 14.5 1
      vertex -11.45 14.5 7.2
    endloop
  endfacet
  facet normal 0 1 0
    outer loop
      vertex -30.5 14.5 1
      vertex -11.45 14.5 7.2
      vertex 30.5 14.5 1
    endloop
  endfacet
  facet normal 0 1 0
    outer loop
      vertex 20.05 14.5 9.2
      vertex 30.5 14.5 1
      vertex 20.05 14.5 7.2
    endloop
  endfacet
  facet normal 0 1 0
    outer loop
      vertex 30.5 14.5 16.6
      vertex 11.45 14.5 9.2
      vertex -30.5 14.5 16.6
    endloop
  endfacet
  facet normal 0 1 -0
    outer loop
      vertex -11.45 14.5 9.2
      vertex -30.5 14.5 16.6
      vertex 11.45 14.5 9.2
    endloop
  endfacet
  facet normal 0 1 -0
    outer loop
      vertex -20.05 14.5 9.2
      vertex -30.5 14.5 16.6
      vertex -11.45 14.5 9.2
    endloop
  endfacet
  facet normal 0 1 0
    outer loop
      vertex -30.5 14.5 1
      vertex -20.05 14.5 9.2
      vertex -20.05 14.5 7.2
    endloop
  endfacet
  facet normal 0 1 0
    outer loop
      vertex -20.05 14.5 9.2
      vertex -30.5 14.5 1
      vertex -30.5 14.5 16.6
    endloop
  endfacet
  facet normal 0 1 0
    outer loop
      vertex -11.45 14.5 7.2
      vertex -30.5 14.5 1
      vertex -20.05 14.5 7.2
    endloop
  endfacet
  facet normal -0.70634 0.0465481 0.70634
    outer loop
      vertex -31.4914 13.6305 16.6
      vertex -31.5 13.5 16.6
      vertex -31.1 13.5 17
    endloop
  endfacet
  facet normal -0.70634 -0.0465481 0.70634
    outer loop
      vertex -31.1 -13.5 17
      vertex -31.5 -13.5 16.6
      vertex -31.4914 -13.6305 16.6
    endloop
  endfacet
  facet normal 0.849906 0.169242 -0.499015
    outer loop
      vertex 31.3892 13.6171 0.557711
      vertex 31.3244 13.6085 0.444429
      vertex 31.3663 13.7321 0.557711
    endloop
  endfacet
  facet normal 0.596786 0.52374 -0.607901
    outer loop
      vertex 31.1596 14.0062 0.444429
      vertex 31.0316 14.0316 0.340653
      vertex 31.0879 14.0879 0.444429
    endloop
  endfacet
  facet normal 0.192835 0.972525 -0.130425
    outer loop
      vertex 30.7538 14.4474 0.804909
      vertex 30.6302 14.4893 0.934596
      vertex 30.7583 14.4639 0.934596
    endloop
  endfacet
  facet normal -0.128235 0.0256469 -0.991412
    outer loop
      vertex -30.5648 13.5085 0.002141
      vertex -30.6934 13.5255 0.0192146
      vertex -30.6884 13.5505 0.0192146
    endloop
  endfacet
  facet normal 0.924034 0 -0.382309
    outer loop
      vertex 31.4469 -13.5 0.67856
      vertex 31.3969 13.5 0.557711
      vertex 31.4469 13.5 0.67856
    endloop
  endfacet
  facet normal 0.924034 0 -0.382309
    outer loop
      vertex 31.3969 13.5 0.557711
      vertex 31.4469 -13.5 0.67856
      vertex 31.3969 -13.5 0.557711
    endloop
  endfacet
  facet normal 0 -0.707107 0.707107
    outer loop
      vertex -30.5 -14.5 16.6
      vertex 30.5 -14.1 17
      vertex -30.5 -14.1 17
    endloop
  endfacet
  facet normal 0 -0.707107 0.707107
    outer loop
      vertex 30.5 -14.1 17
      vertex -30.5 -14.5 16.6
      vertex 30.5 -14.5 16.6
    endloop
  endfacet
  facet normal 0.228148 -0.670016 0.706418
    outer loop
      vertex 30.7296 -14.0543 17
      vertex 30.6553 -14.0796 17
      vertex 30.8827 -14.4239 16.6
    endloop
  endfacet
  facet normal 1 0 0
    outer loop
      vertex 31.5 13.5 16.6
      vertex 31.5 13 10.5
      vertex 31.5 13.5 1
    endloop
  endfacet
  facet normal 1 0 0
    outer loop
      vertex 31.5 13.5 16.6
      vertex 31.5 -13 10.5
      vertex 31.5 13 10.5
    endloop
  endfacet
  facet normal 1 0 0
    outer loop
      vertex 31.5 -13.5 1
      vertex 31.5 -13 10.5
      vertex 31.5 -13.5 16.6
    endloop
  endfacet
  facet normal 1 -0 0
    outer loop
      vertex 31.5 -13.5 16.6
      vertex 31.5 -13 10.5
      vertex 31.5 13.5 16.6
    endloop
  endfacet
  facet normal 1 -0 0
    outer loop
      vertex 31.5 13 4.5
      vertex 31.5 13.5 1
      vertex 31.5 13 10.5
    endloop
  endfacet
  facet normal 1 -0 0
    outer loop
      vertex 31.5 -13 4.5
      vertex 31.5 13.5 1
      vertex 31.5 13 4.5
    endloop
  endfacet
  facet normal 1 0 0
    outer loop
      vertex 31.5 -13 4.5
      vertex 31.5 -13.5 1
      vertex 31.5 13.5 1
    endloop
  endfacet
  facet normal 1 0 0
    outer loop
      vertex 31.5 -13 10.5
      vertex 31.5 -13.5 1
      vertex 31.5 -13 4.5
    endloop
  endfacet
  facet normal 0.321039 -0.947066 0
    outer loop
      vertex 30.7588 -14.4659 1
      vertex 30.8827 -14.4239 16.6
      vertex 30.7588 -14.4659 16.6
    endloop
  endfacet
  facet normal 0.321039 -0.947066 0
    outer loop
      vertex 30.8827 -14.4239 16.6
      vertex 30.7588 -14.4659 1
      vertex 30.8827 -14.4239 1
    endloop
  endfacet
  facet normal -0.408911 -0.828852 -0.381832
    outer loop
      vertex -30.8624 -14.3748 0.67856
      vertex -30.9484 -14.2767 0.557711
      vertex -30.8432 -14.3286 0.557711
    endloop
  endfacet
  facet normal 0.0465481 -0.70634 0.70634
    outer loop
      vertex 30.5 -14.1 17
      vertex 30.5 -14.5 16.6
      vertex 30.6305 -14.4914 16.6
    endloop
  endfacet
  facet normal -0.0465481 -0.70634 0.70634
    outer loop
      vertex -30.5 -14.1 17
      vertex -30.6305 -14.4914 16.6
      vertex -30.5 -14.5 16.6
    endloop
  endfacet
  facet normal -0.0565807 -0.864649 -0.49918
    outer loop
      vertex -30.5 -14.3969 0.557711
      vertex -30.6085 -14.3244 0.444429
      vertex -30.5 -14.3315 0.444429
    endloop
  endfacet
  facet normal 0.0330812 -0.499665 -0.865587
    outer loop
      vertex 30.5725 -14.0508 0.16853
      vertex 30.5 -14.0556 0.16853
      vertex 30.5 -13.9423 0.103127
    endloop
  endfacet
  facet normal 0.227604 -0.670488 -0.706146
    outer loop
      vertex 30.6946 -14.2262 0.340653
      vertex 30.6707 -14.1369 0.248159
      vertex 30.7523 -14.1092 0.248159
    endloop
  endfacet
  facet normal 0.707107 -0 0.707107
    outer loop
      vertex 31.1 -13.5 17
      vertex 31.5 13.5 16.6
      vertex 31.1 13.5 17
    endloop
  endfacet
  facet normal 0.707107 0 0.707107
    outer loop
      vertex 31.5 13.5 16.6
      vertex 31.1 -13.5 17
      vertex 31.5 -13.5 16.6
    endloop
  endfacet
  facet normal 0.0465481 0.70634 0.70634
    outer loop
      vertex 30.5 14.5 16.6
      vertex 30.5 14.1 17
      vertex 30.6305 14.4914 16.6
    endloop
  endfacet
  facet normal 0 -0.866037 -0.499981
    outer loop
      vertex -30.5 -14.3315 0.444429
      vertex 30.5 -14.3969 0.557711
      vertex -30.5 -14.3969 0.557711
    endloop
  endfacet
  facet normal 0 -0.866037 -0.499981
    outer loop
      vertex 30.5 -14.3969 0.557711
      vertex -30.5 -14.3315 0.444429
      vertex 30.5 -14.3315 0.444429
    endloop
  endfacet
  facet normal 0.634748 0.313315 0.706349
    outer loop
      vertex 31.366 14 16.6
      vertex 31.0196 13.8 17
      vertex 31.4239 13.8827 16.6
    endloop
  endfacet
  facet normal -0.320866 -0.946554 -0.0328696
    outer loop
      vertex -30.7588 -14.4659 1
      vertex -30.8827 -14.4239 1
      vertex -30.8819 -14.4219 0.934596
    endloop
  endfacet
  facet normal -0.442621 -0.896709 0
    outer loop
      vertex -31 -14.366 1
      vertex -30.8827 -14.4239 16.6
      vertex -31 -14.366 16.6
    endloop
  endfacet
  facet normal -0.442621 -0.896709 -0
    outer loop
      vertex -30.8827 -14.4239 16.6
      vertex -31 -14.366 1
      vertex -30.8827 -14.4239 1
    endloop
  endfacet
  facet normal -0.255149 -0.751721 -0.608124
    outer loop
      vertex -30.6946 -14.2262 0.340653
      vertex -30.8182 -14.2682 0.444429
      vertex -30.7877 -14.1946 0.340653
    endloop
  endfacet
  facet normal -0.318982 0.938719 -0.130599
    outer loop
      vertex -30.8753 14.4061 0.804909
      vertex -30.8819 14.4219 0.934596
      vertex -30.7583 14.4639 0.934596
    endloop
  endfacet
  facet normal -0.866037 0 -0.499981
    outer loop
      vertex -31.3315 -13.5 0.444429
      vertex -31.3969 13.5 0.557711
      vertex -31.3315 13.5 0.444429
    endloop
  endfacet
  facet normal -0.866037 -0 -0.499981
    outer loop
      vertex -31.3969 13.5 0.557711
      vertex -31.3315 -13.5 0.444429
      vertex -31.3969 -13.5 0.557711
    endloop
  endfacet
  facet normal -0.0419923 0.123929 -0.991402
    outer loop
      vertex -30.5169 13.5632 0.002141
      vertex -30.5747 13.6802 0.0192146
      vertex -30.5505 13.6884 0.0192146
    endloop
  endfacet
  facet normal 0.123929 -0.0419923 -0.991402
    outer loop
      vertex 30.6802 -13.5747 0.0192146
      vertex 30.5632 -13.5169 0.002141
      vertex 30.6884 -13.5505 0.0192146
    endloop
  endfacet
  facet normal -0.660543 -0.4409 -0.607693
    outer loop
      vertex -31.0965 -13.9577 0.340653
      vertex -31.1596 -14.0062 0.444429
      vertex -31.1511 -13.8759 0.340653
    endloop
  endfacet
  facet normal 0.39343 0.588341 0.706447
    outer loop
      vertex 31.1088 14.2934 16.6
      vertex 30.8 14.0196 17
      vertex 30.8652 13.976 17
    endloop
  endfacet
  facet normal -0.442383 -0.896226 -0.0328169
    outer loop
      vertex -30.8827 -14.4239 1
      vertex -31 -14.366 1
      vertex -30.8819 -14.4219 0.934596
    endloop
  endfacet
  facet normal 0.119049 -0.597761 -0.792785
    outer loop
      vertex 30.5861 -14.1537 0.248159
      vertex 30.5725 -14.0508 0.16853
      vertex 30.6438 -14.0366 0.16853
    endloop
  endfacet
  facet normal 0 0.999485 -0.0320916
    outer loop
      vertex 30.5 14.4979 0.934596
      vertex -30.5 14.5 1
      vertex 30.5 14.5 1
    endloop
  endfacet
  facet normal 0 0.999485 -0.0320916
    outer loop
      vertex -30.5 14.5 1
      vertex 30.5 14.4979 0.934596
      vertex -30.5 14.4979 0.934596
    endloop
  endfacet
  facet normal 0.0657577 0.997836 -0
    outer loop
      vertex 30.6305 14.4914 1
      vertex 30.5 14.5 16.6
      vertex 30.6305 14.4914 16.6
    endloop
  endfacet
  facet normal 0.0657577 0.997836 0
    outer loop
      vertex 30.5 14.5 16.6
      vertex 30.6305 14.4914 1
      vertex 30.5 14.5 1
    endloop
  endfacet
  facet normal 0 0.130513 -0.991447
    outer loop
      vertex -30.5 13.5654 0.002141
      vertex 30.5 13.6951 0.0192146
      vertex 30.5 13.5654 0.002141
    endloop
  endfacet
  facet normal 0 0.130513 -0.991447
    outer loop
      vertex 30.5 13.6951 0.0192146
      vertex -30.5 13.5654 0.002141
      vertex -30.5 13.6951 0.0192146
    endloop
  endfacet
  facet normal 0.277921 -0.416449 -0.865638
    outer loop
      vertex 30.8382 -13.9408 0.16853
      vertex 30.7211 -13.883 0.103127
      vertex 30.7692 -13.8509 0.103127
    endloop
  endfacet
  facet normal -0.258908 0 -0.965902
    outer loop
      vertex -30.8214 -13.5 0.0530691
      vertex -30.6951 13.5 0.0192146
      vertex -30.6951 -13.5 0.0192146
    endloop
  endfacet
  facet normal -0.258908 0 -0.965902
    outer loop
      vertex -30.6951 13.5 0.0192146
      vertex -30.8214 -13.5 0.0530691
      vertex -30.8214 13.5 0.0530691
    endloop
  endfacet
  facet normal 0.0402897 0.608542 -0.792498
    outer loop
      vertex 30.5725 14.0508 0.16853
      vertex 30.5 14.0556 0.16853
      vertex 30.5 14.1593 0.248159
    endloop
  endfacet
  facet normal -0.19494 0.980815 0
    outer loop
      vertex -30.6305 14.4914 1
      vertex -30.7588 14.4659 16.6
      vertex -30.6305 14.4914 16.6
    endloop
  endfacet
  facet normal -0.19494 0.980815 0
    outer loop
      vertex -30.7588 14.4659 16.6
      vertex -30.6305 14.4914 1
      vertex -30.7588 14.4659 1
    endloop
  endfacet
  facet normal 0.670016 0.228148 0.706418
    outer loop
      vertex 31.4239 13.8827 16.6
      vertex 31.0543 13.7296 17
      vertex 31.0796 13.6553 17
    endloop
  endfacet
  facet normal 0.634879 -0.31293 0.706402
    outer loop
      vertex 31.0543 -13.7296 17
      vertex 31.0196 -13.8 17
      vertex 31.4239 -13.8827 16.6
    endloop
  endfacet
  facet normal 0.980815 -0.19494 0
    outer loop
      vertex 31.4659 -13.7588 16.6
      vertex 31.4914 -13.6305 1
      vertex 31.4914 -13.6305 16.6
    endloop
  endfacet
  facet normal 0.980815 -0.19494 0
    outer loop
      vertex 31.4914 -13.6305 1
      vertex 31.4659 -13.7588 16.6
      vertex 31.4659 -13.7588 1
    endloop
  endfacet
  facet normal 0.39343 -0.588341 0.706447
    outer loop
      vertex 30.8652 -13.976 17
      vertex 30.8 -14.0196 17
      vertex 31.1088 -14.2934 16.6
    endloop
  endfacet
  facet normal 0.254819 -0.752045 -0.607862
    outer loop
      vertex 30.7152 -14.3031 0.444429
      vertex 30.6946 -14.2262 0.340653
      vertex 30.8182 -14.2682 0.444429
    endloop
  endfacet
  facet normal -0.408131 -0.828946 -0.382463
    outer loop
      vertex -30.8624 -14.3748 0.67856
      vertex -30.9735 -14.3201 0.67856
      vertex -30.9484 -14.2767 0.557711
    endloop
  endfacet
  facet normal -0.0632563 -0.963906 -0.25862
    outer loop
      vertex -30.5 -14.4808 0.804909
      vertex -30.628 -14.4724 0.804909
      vertex -30.5 -14.4469 0.67856
    endloop
  endfacet
  facet normal -0.351154 -0.711995 -0.608075
    outer loop
      vertex -30.7877 -14.1946 0.340653
      vertex -30.9157 -14.2201 0.444429
      vertex -30.8759 -14.1511 0.340653
    endloop
  endfacet
  facet normal 0 -0.130513 -0.991447
    outer loop
      vertex -30.5 -13.6951 0.0192146
      vertex 30.5 -13.5654 0.002141
      vertex 30.5 -13.6951 0.0192146
    endloop
  endfacet
  facet normal -0 -0.130513 -0.991447
    outer loop
      vertex 30.5 -13.5654 0.002141
      vertex -30.5 -13.6951 0.0192146
      vertex -30.5 -13.5654 0.002141
    endloop
  endfacet
  facet normal 0 0.707107 0.707107
    outer loop
      vertex 30.5 14.5 16.6
      vertex -30.5 14.1 17
      vertex 30.5 14.1 17
    endloop
  endfacet
  facet normal 0 0.707107 0.707107
    outer loop
      vertex -30.5 14.1 17
      vertex 30.5 14.5 16.6
      vertex -30.5 14.5 16.6
    endloop
  endfacet
  facet normal -0.310909 0.914659 -0.258329
    outer loop
      vertex -30.8624 14.3748 0.67856
      vertex -30.8753 14.4061 0.804909
      vertex -30.7538 14.4474 0.804909
    endloop
  endfacet
  facet normal -0.321039 -0.947066 0
    outer loop
      vertex -30.8827 -14.4239 1
      vertex -30.7588 -14.4659 16.6
      vertex -30.8827 -14.4239 16.6
    endloop
  endfacet
  facet normal -0.321039 -0.947066 -0
    outer loop
      vertex -30.7588 -14.4659 16.6
      vertex -30.8827 -14.4239 1
      vertex -30.7588 -14.4659 1
    endloop
  endfacet
  facet normal 0.0518287 -0.792029 -0.608279
    outer loop
      vertex 30.6085 -14.3244 0.444429
      vertex 30.5 -14.3315 0.444429
      vertex 30.5 -14.2518 0.340653
    endloop
  endfacet
  facet normal -0.254819 -0.752045 -0.607862
    outer loop
      vertex -30.7152 -14.3031 0.444429
      vertex -30.8182 -14.2682 0.444429
      vertex -30.6946 -14.2262 0.340653
    endloop
  endfacet
  facet normal -0.169242 -0.849906 -0.499015
    outer loop
      vertex -30.6171 -14.3892 0.557711
      vertex -30.7321 -14.3663 0.557711
      vertex -30.6085 -14.3244 0.444429
    endloop
  endfacet
  facet normal -0.0606439 -0.92226 -0.381784
    outer loop
      vertex -30.5 -14.3969 0.557711
      vertex -30.6236 -14.4388 0.67856
      vertex -30.6171 -14.3892 0.557711
    endloop
  endfacet
  facet normal 0 0 1
    outer loop
      vertex 30.5 14.1 17
      vertex 31.1 13.5 17
      vertex 31.0949 13.5783 17
    endloop
  endfacet
  facet normal 0 0 1
    outer loop
      vertex 31.1 13.5 17
      vertex 29.5 12.5 17
      vertex 31.1 -13.5 17
    endloop
  endfacet
  facet normal 0 0 1
    outer loop
      vertex 30.5 14.1 17
      vertex 31.0949 13.5783 17
      vertex 31.0796 13.6553 17
    endloop
  endfacet
  facet normal -0 0 1
    outer loop
      vertex 29.5 -12.5 17
      vertex 31.1 -13.5 17
      vertex 29.5 12.5 17
    endloop
  endfacet
  facet normal 0 0 1
    outer loop
      vertex 30.5 14.1 17
      vertex 31.0796 13.6553 17
      vertex 31.0543 13.7296 17
    endloop
  endfacet
  facet normal 0 -0 1
    outer loop
      vertex 30.5 -14.1 17
      vertex 31.1 -13.5 17
      vertex 29.5 -12.5 17
    endloop
  endfacet
  facet normal 0 0 1
    outer loop
      vertex 30.5 14.1 17
      vertex 31.0543 13.7296 17
      vertex 31.0196 13.8 17
    endloop
  endfacet
  facet normal 0 0 1
    outer loop
      vertex 31.1 -13.5 17
      vertex 30.5 -14.1 17
      vertex 31.0949 -13.5783 17
    endloop
  endfacet
  facet normal 0 0 1
    outer loop
      vertex 30.5 14.1 17
      vertex 31.0196 13.8 17
      vertex 30.976 13.8652 17
    endloop
  endfacet
  facet normal 0 0 1
    outer loop
      vertex 31.0949 -13.5783 17
      vertex 30.5 -14.1 17
      vertex 31.0796 -13.6553 17
    endloop
  endfacet
  facet normal 0 0 1
    outer loop
      vertex 30.5 14.1 17
      vertex 30.976 13.8652 17
      vertex 30.9243 13.9243 17
    endloop
  endfacet
  facet normal 0 0 1
    outer loop
      vertex 31.0796 -13.6553 17
      vertex 30.5 -14.1 17
      vertex 31.0543 -13.7296 17
    endloop
  endfacet
  facet normal 0 0 1
    outer loop
      vertex 30.5 14.1 17
      vertex 30.9243 13.9243 17
      vertex 30.8652 13.976 17
    endloop
  endfacet
  facet normal 0 0 1
    outer loop
      vertex 31.0543 -13.7296 17
      vertex 30.5 -14.1 17
      vertex 31.0196 -13.8 17
    endloop
  endfacet
  facet normal 0 0 1
    outer loop
      vertex 30.5 14.1 17
      vertex 30.8652 13.976 17
      vertex 30.8 14.0196 17
    endloop
  endfacet
  facet normal 0 0 1
    outer loop
      vertex 31.0196 -13.8 17
      vertex 30.5 -14.1 17
      vertex 30.976 -13.8652 17
    endloop
  endfacet
  facet normal 0 0 1
    outer loop
      vertex 30.5 14.1 17
      vertex 30.8 14.0196 17
      vertex 30.7296 14.0543 17
    endloop
  endfacet
  facet normal 0 0 1
    outer loop
      vertex 30.976 -13.8652 17
      vertex 30.5 -14.1 17
      vertex 30.9243 -13.9243 17
    endloop
  endfacet
  facet normal 0 0 1
    outer loop
      vertex 30.5 14.1 17
      vertex 30.7296 14.0543 17
      vertex 30.6553 14.0796 17
    endloop
  endfacet
  facet normal 0 0 1
    outer loop
      vertex 30.9243 -13.9243 17
      vertex 30.5 -14.1 17
      vertex 30.8652 -13.976 17
    endloop
  endfacet
  facet normal 0 0 1
    outer loop
      vertex 30.5 14.1 17
      vertex 30.6553 14.0796 17
      vertex 30.5783 14.0949 17
    endloop
  endfacet
  facet normal 0 0 1
    outer loop
      vertex 30.8652 -13.976 17
      vertex 30.5 -14.1 17
      vertex 30.8 -14.0196 17
    endloop
  endfacet
  facet normal 0 0 1
    outer loop
      vertex 31.1 13.5 17
      vertex 30.5 14.1 17
      vertex 29.5 12.5 17
    endloop
  endfacet
  facet normal 0 0 1
    outer loop
      vertex 30.8 -14.0196 17
      vertex 30.5 -14.1 17
      vertex 30.7296 -14.0543 17
    endloop
  endfacet
  facet normal 0 0 1
    outer loop
      vertex 30.7296 -14.0543 17
      vertex 30.5 -14.1 17
      vertex 30.6553 -14.0796 17
    endloop
  endfacet
  facet normal 0 0 1
    outer loop
      vertex 30.5 14.1 17
      vertex -29.5 12.5 17
      vertex 29.5 12.5 17
    endloop
  endfacet
  facet normal -0 0 1
    outer loop
      vertex -31.1 13.5 17
      vertex -29.5 12.5 17
      vertex -30.5 14.1 17
    endloop
  endfacet
  facet normal -0 0 1
    outer loop
      vertex -30.5 14.1 17
      vertex -29.5 12.5 17
      vertex 30.5 14.1 17
    endloop
  endfacet
  facet normal 0 0 1
    outer loop
      vertex 30.6553 -14.0796 17
      vertex 30.5 -14.1 17
      vertex 30.5783 -14.0949 17
    endloop
  endfacet
  facet normal -0 0 1
    outer loop
      vertex -29.5 -12.5 17
      vertex 30.5 -14.1 17
      vertex 29.5 -12.5 17
    endloop
  endfacet
  facet normal 0 0 1
    outer loop
      vertex -29.5 -12.5 17
      vertex -30.5 -14.1 17
      vertex 30.5 -14.1 17
    endloop
  endfacet
  facet normal 0 0 1
    outer loop
      vertex -29.5 12.5 17
      vertex -31.1 13.5 17
      vertex -29.5 -12.5 17
    endloop
  endfacet
  facet normal 0 0 1
    outer loop
      vertex -31.1 13.5 17
      vertex -30.5 14.1 17
      vertex -30.5783 14.0949 17
    endloop
  endfacet
  facet normal 0 0 1
    outer loop
      vertex -31.1 -13.5 17
      vertex -29.5 -12.5 17
      vertex -31.1 13.5 17
    endloop
  endfacet
  facet normal 0 0 1
    outer loop
      vertex -31.1 13.5 17
      vertex -30.5783 14.0949 17
      vertex -30.6553 14.0796 17
    endloop
  endfacet
  facet normal 0 0 1
    outer loop
      vertex -29.5 -12.5 17
      vertex -31.1 -13.5 17
      vertex -30.5 -14.1 17
    endloop
  endfacet
  facet normal 0 0 1
    outer loop
      vertex -31.1 13.5 17
      vertex -30.6553 14.0796 17
      vertex -30.7296 14.0543 17
    endloop
  endfacet
  facet normal 0 0 1
    outer loop
      vertex -30.5 -14.1 17
      vertex -31.1 -13.5 17
      vertex -30.5783 -14.0949 17
    endloop
  endfacet
  facet normal 0 0 1
    outer loop
      vertex -31.1 13.5 17
      vertex -30.7296 14.0543 17
      vertex -30.8 14.0196 17
    endloop
  endfacet
  facet normal 0 0 1
    outer loop
      vertex -30.5783 -14.0949 17
      vertex -31.1 -13.5 17
      vertex -30.6553 -14.0796 17
    endloop
  endfacet
  facet normal 0 0 1
    outer loop
      vertex -31.1 13.5 17
      vertex -30.8 14.0196 17
      vertex -30.8652 13.976 17
    endloop
  endfacet
  facet normal 0 0 1
    outer loop
      vertex -30.6553 -14.0796 17
      vertex -31.1 -13.5 17
      vertex -30.7296 -14.0543 17
    endloop
  endfacet
  facet normal 0 0 1
    outer loop
      vertex -31.1 13.5 17
      vertex -30.8652 13.976 17
      vertex -30.9243 13.9243 17
    endloop
  endfacet
  facet normal 0 0 1
    outer loop
      vertex -30.7296 -14.0543 17
      vertex -31.1 -13.5 17
      vertex -30.8 -14.0196 17
    endloop
  endfacet
  facet normal 0 0 1
    outer loop
      vertex -31.1 13.5 17
      vertex -30.9243 13.9243 17
      vertex -30.976 13.8652 17
    endloop
  endfacet
  facet normal 0 0 1
    outer loop
      vertex -30.8 -14.0196 17
      vertex -31.1 -13.5 17
      vertex -30.8652 -13.976 17
    endloop
  endfacet
  facet normal 0 0 1
    outer loop
      vertex -31.1 13.5 17
      vertex -30.976 13.8652 17
      vertex -31.0196 13.8 17
    endloop
  endfacet
  facet normal 0 0 1
    outer loop
      vertex -30.8652 -13.976 17
      vertex -31.1 -13.5 17
      vertex -30.9243 -13.9243 17
    endloop
  endfacet
  facet normal 0 0 1
    outer loop
      vertex -31.1 13.5 17
      vertex -31.0196 13.8 17
      vertex -31.0543 13.7296 17
    endloop
  endfacet
  facet normal 0 0 1
    outer loop
      vertex -30.9243 -13.9243 17
      vertex -31.1 -13.5 17
      vertex -30.976 -13.8652 17
    endloop
  endfacet
  facet normal 0 0 1
    outer loop
      vertex -31.1 13.5 17
      vertex -31.0543 13.7296 17
      vertex -31.0796 13.6553 17
    endloop
  endfacet
  facet normal 0 0 1
    outer loop
      vertex -30.976 -13.8652 17
      vertex -31.1 -13.5 17
      vertex -31.0196 -13.8 17
    endloop
  endfacet
  facet normal 0 0 1
    outer loop
      vertex -31.1 13.5 17
      vertex -31.0796 13.6553 17
      vertex -31.0949 13.5783 17
    endloop
  endfacet
  facet normal 0 0 1
    outer loop
      vertex -31.0196 -13.8 17
      vertex -31.1 -13.5 17
      vertex -31.0543 -13.7296 17
    endloop
  endfacet
  facet normal 0 0 1
    outer loop
      vertex -31.0543 -13.7296 17
      vertex -31.1 -13.5 17
      vertex -31.0796 -13.6553 17
    endloop
  endfacet
  facet normal 0 0 1
    outer loop
      vertex -31.0796 -13.6553 17
      vertex -31.1 -13.5 17
      vertex -31.0949 -13.5783 17
    endloop
  endfacet
  facet normal -0.653998 -0.745148 -0.130542
    outer loop
      vertex -31.1075 -14.2917 0.934596
      vertex -31.2056 -14.2056 0.934596
      vertex -31.1935 -14.1935 0.804909
    endloop
  endfacet
  facet normal -0.481321 -0.720504 -0.499203
    outer loop
      vertex -30.9484 -14.2767 0.557711
      vertex -31.046 -14.2115 0.557711
      vertex -31.0062 -14.1596 0.444429
    endloop
  endfacet
  facet normal -0.991419 0 -0.130724
    outer loop
      vertex -31.4808 -13.5 0.804909
      vertex -31.4979 13.5 0.934596
      vertex -31.4808 13.5 0.804909
    endloop
  endfacet
  facet normal -0.991419 -0 -0.130724
    outer loop
      vertex -31.4979 13.5 0.934596
      vertex -31.4808 -13.5 0.804909
      vertex -31.4979 -13.5 0.934596
    endloop
  endfacet
  facet normal 0.138145 -0.69432 -0.706283
    outer loop
      vertex 30.5981 -14.2454 0.340653
      vertex 30.5861 -14.1537 0.248159
      vertex 30.6946 -14.2262 0.340653
    endloop
  endfacet
  facet normal -0.707084 0 -0.70713
    outer loop
      vertex -31.1593 -13.5 0.248159
      vertex -31.2518 13.5 0.340653
      vertex -31.1593 13.5 0.248159
    endloop
  endfacet
  facet normal -0.707084 -0 -0.70713
    outer loop
      vertex -31.2518 13.5 0.340653
      vertex -31.1593 -13.5 0.248159
      vertex -31.2518 -13.5 0.340653
    endloop
  endfacet
  facet normal -0.392898 0.588806 0.706355
    outer loop
      vertex -31 14.366 16.6
      vertex -31.1088 14.2934 16.6
      vertex -30.8 14.0196 17
    endloop
  endfacet
  facet normal 0.0460851 0.706398 -0.706313
    outer loop
      vertex 30.5861 14.1537 0.248159
      vertex 30.5 14.2518 0.340653
      vertex 30.5981 14.2454 0.340653
    endloop
  endfacet
  facet normal -0.711995 -0.351154 -0.608075
    outer loop
      vertex -31.1511 -13.8759 0.340653
      vertex -31.2201 -13.9157 0.444429
      vertex -31.1946 -13.7877 0.340653
    endloop
  endfacet
  facet normal -0.997836 0.0657577 0
    outer loop
      vertex -31.5 13.5 1
      vertex -31.4914 13.6305 16.6
      vertex -31.4914 13.6305 1
    endloop
  endfacet
  facet normal -0.997836 0.0657577 0
    outer loop
      vertex -31.4914 13.6305 16.6
      vertex -31.5 13.5 1
      vertex -31.5 13.5 16.6
    endloop
  endfacet
  facet normal -0.997836 -0.0657577 0
    outer loop
      vertex -31.4914 -13.6305 1
      vertex -31.5 -13.5 16.6
      vertex -31.5 -13.5 1
    endloop
  endfacet
  facet normal -0.997836 -0.0657577 0
    outer loop
      vertex -31.5 -13.5 16.6
      vertex -31.4914 -13.6305 1
      vertex -31.4914 -13.6305 16.6
    endloop
  endfacet
  facet normal -0.392898 -0.588806 0.706355
    outer loop
      vertex -30.8 -14.0196 17
      vertex -31.1088 -14.2934 16.6
      vertex -31 -14.366 16.6
    endloop
  endfacet
  facet normal -0.555053 -0.831815 0
    outer loop
      vertex -31.1088 -14.2934 1
      vertex -31 -14.366 16.6
      vertex -31.1088 -14.2934 16.6
    endloop
  endfacet
  facet normal -0.555053 -0.831815 -0
    outer loop
      vertex -31 -14.366 16.6
      vertex -31.1088 -14.2934 1
      vertex -31 -14.366 1
    endloop
  endfacet
  facet normal 0.19494 -0.980815 0
    outer loop
      vertex 30.6305 -14.4914 1
      vertex 30.7588 -14.4659 16.6
      vertex 30.6305 -14.4914 16.6
    endloop
  endfacet
  facet normal 0.19494 -0.980815 0
    outer loop
      vertex 30.7588 -14.4659 16.6
      vertex 30.6305 -14.4914 1
      vertex 30.7588 -14.4659 1
    endloop
  endfacet
  facet normal -0.19494 -0.980815 0
    outer loop
      vertex -30.7588 -14.4659 1
      vertex -30.6305 -14.4914 16.6
      vertex -30.7588 -14.4659 16.6
    endloop
  endfacet
  facet normal -0.19494 -0.980815 -0
    outer loop
      vertex -30.6305 -14.4914 16.6
      vertex -30.7588 -14.4659 1
      vertex -30.6305 -14.4914 1
    endloop
  endfacet
  facet normal 0.896404 0.442073 -0.0321052
    outer loop
      vertex 31.4219 13.8819 0.934596
      vertex 31.3642 13.9989 0.934596
      vertex 31.366 14 1
    endloop
  endfacet
  facet normal -0.0565807 0.864649 -0.49918
    outer loop
      vertex -30.5 14.3315 0.444429
      vertex -30.6085 14.3244 0.444429
      vertex -30.5 14.3969 0.557711
    endloop
  endfacet
  facet normal -0.313315 0.634748 0.706349
    outer loop
      vertex -30.8827 14.4239 16.6
      vertex -31 14.366 16.6
      vertex -30.8 14.0196 17
    endloop
  endfacet
  facet normal -0.946554 0.320866 -0.0328696
    outer loop
      vertex -31.4219 13.8819 0.934596
      vertex -31.4659 13.7588 1
      vertex -31.4239 13.8827 1
    endloop
  endfacet
  facet normal 0.138004 0.694352 0.706279
    outer loop
      vertex 30.7588 14.4659 16.6
      vertex 30.6305 14.4914 16.6
      vertex 30.6553 14.0796 17
    endloop
  endfacet
  facet normal 0.277892 0.416494 -0.865626
    outer loop
      vertex 30.8382 13.9408 0.16853
      vertex 30.7211 13.883 0.103127
      vertex 30.7778 13.9811 0.16853
    endloop
  endfacet
  facet normal 0.442621 -0.896709 0
    outer loop
      vertex 30.8827 -14.4239 1
      vertex 31 -14.366 16.6
      vertex 30.8827 -14.4239 16.6
    endloop
  endfacet
  facet normal 0.442621 -0.896709 0
    outer loop
      vertex 31 -14.366 16.6
      vertex 30.8827 -14.4239 1
      vertex 31 -14.366 1
    endloop
  endfacet
  facet normal 0.0172453 0.258679 -0.965809
    outer loop
      vertex 30.5255 13.6934 0.0192146
      vertex 30.5 13.6951 0.0192146
      vertex 30.542 13.8187 0.0530691
    endloop
  endfacet
  facet normal 0.00870055 0.130508 -0.991409
    outer loop
      vertex 30.5255 13.6934 0.0192146
      vertex 30.5 13.5654 0.002141
      vertex 30.5 13.6951 0.0192146
    endloop
  endfacet
  facet normal -0.160664 -0.474407 -0.86552
    outer loop
      vertex -30.6438 -14.0366 0.16853
      vertex -30.7126 -14.0133 0.16853
      vertex -30.6145 -13.9272 0.103127
    endloop
  endfacet
  facet normal 0.382606 0.0251977 -0.923568
    outer loop
      vertex 30.9423 13.5 0.103127
      vertex 30.8187 13.542 0.0530691
      vertex 30.9385 13.5577 0.103127
    endloop
  endfacet
  facet normal 0.258873 0.0166418 -0.965768
    outer loop
      vertex 30.8214 13.5 0.0530691
      vertex 30.6951 13.5 0.0192146
      vertex 30.8187 13.542 0.0530691
    endloop
  endfacet
  facet normal 0.228148 0.670016 0.706418
    outer loop
      vertex 30.8827 14.4239 16.6
      vertex 30.6553 14.0796 17
      vertex 30.7296 14.0543 17
    endloop
  endfacet
  facet normal 0.896709 0.442621 0
    outer loop
      vertex 31.4239 13.8827 16.6
      vertex 31.366 14 1
      vertex 31.366 14 16.6
    endloop
  endfacet
  facet normal 0.896709 0.442621 0
    outer loop
      vertex 31.366 14 1
      vertex 31.4239 13.8827 16.6
      vertex 31.4239 13.8827 1
    endloop
  endfacet
  facet normal 0.634748 -0.313315 0.706349
    outer loop
      vertex 31.4239 -13.8827 16.6
      vertex 31.0196 -13.8 17
      vertex 31.366 -14 16.6
    endloop
  endfacet
  facet normal 0.653959 0.745174 -0.130588
    outer loop
      vertex 31.1935 14.1935 0.804909
      vertex 31.0971 14.2781 0.804909
      vertex 31.1075 14.2917 0.934596
    endloop
  endfacet
  facet normal 0.0460137 0.706446 0.70627
    outer loop
      vertex 30.6305 14.4914 16.6
      vertex 30.5 14.1 17
      vertex 30.5783 14.0949 17
    endloop
  endfacet
  facet normal 0.694354 -0.137969 0.706284
    outer loop
      vertex 31.0949 -13.5783 17
      vertex 31.0796 -13.6553 17
      vertex 31.4914 -13.6305 16.6
    endloop
  endfacet
  facet normal 0.997836 -0.0657577 0
    outer loop
      vertex 31.4914 -13.6305 16.6
      vertex 31.5 -13.5 1
      vertex 31.5 -13.5 16.6
    endloop
  endfacet
  facet normal 0.997836 -0.0657577 0
    outer loop
      vertex 31.5 -13.5 1
      vertex 31.4914 -13.6305 16.6
      vertex 31.4914 -13.6305 1
    endloop
  endfacet
  facet normal 0.914659 -0.310909 -0.258329
    outer loop
      vertex 31.4061 -13.8753 0.804909
      vertex 31.3748 -13.8624 0.67856
      vertex 31.4474 -13.7538 0.804909
    endloop
  endfacet
  facet normal 0.187966 -0.94763 -0.258196
    outer loop
      vertex 30.7538 -14.4474 0.804909
      vertex 30.6236 -14.4388 0.67856
      vertex 30.7451 -14.4147 0.67856
    endloop
  endfacet
  facet normal 0.363124 -0.12325 -0.923553
    outer loop
      vertex 30.9086 -13.6693 0.103127
      vertex 30.797 -13.623 0.0530691
      vertex 30.9272 -13.6145 0.103127
    endloop
  endfacet
  facet normal -0.849906 -0.169242 -0.499015
    outer loop
      vertex -31.3663 -13.7321 0.557711
      vertex -31.3892 -13.6171 0.557711
      vertex -31.3244 -13.6085 0.444429
    endloop
  endfacet
  facet normal 0.278105 -0.820769 -0.498994
    outer loop
      vertex 30.8432 -14.3286 0.557711
      vertex 30.7152 -14.3031 0.444429
      vertex 30.8182 -14.2682 0.444429
    endloop
  endfacet
  facet normal 0 -0.707084 -0.70713
    outer loop
      vertex -30.5 -14.1593 0.248159
      vertex 30.5 -14.2518 0.340653
      vertex -30.5 -14.2518 0.340653
    endloop
  endfacet
  facet normal 0 -0.707084 -0.70713
    outer loop
      vertex 30.5 -14.2518 0.340653
      vertex -30.5 -14.1593 0.248159
      vertex 30.5 -14.1593 0.248159
    endloop
  endfacet
  facet normal -0.0459406 -0.706337 -0.706383
    outer loop
      vertex -30.5 -14.2518 0.340653
      vertex -30.5861 -14.1537 0.248159
      vertex -30.5 -14.1593 0.248159
    endloop
  endfacet
  facet normal -0.137915 -0.694498 -0.706153
    outer loop
      vertex -30.5861 -14.1537 0.248159
      vertex -30.6946 -14.2262 0.340653
      vertex -30.6707 -14.1369 0.248159
    endloop
  endfacet
  facet normal -0.653959 -0.745174 -0.130588
    outer loop
      vertex -31.1075 -14.2917 0.934596
      vertex -31.1935 -14.1935 0.804909
      vertex -31.0971 -14.2781 0.804909
    endloop
  endfacet
  facet normal -0.195444 -0.577104 -0.792939
    outer loop
      vertex -30.6707 -14.1369 0.248159
      vertex -30.7126 -14.0133 0.16853
      vertex -30.6438 -14.0366 0.16853
    endloop
  endfacet
  facet normal -0.138004 -0.694352 0.706279
    outer loop
      vertex -30.6553 -14.0796 17
      vertex -30.7588 -14.4659 16.6
      vertex -30.6305 -14.4914 16.6
    endloop
  endfacet
  facet normal -0.0568623 -0.864749 -0.498974
    outer loop
      vertex -30.5 -14.3969 0.557711
      vertex -30.6171 -14.3892 0.557711
      vertex -30.6085 -14.3244 0.444429
    endloop
  endfacet
  facet normal -0.193262 -0.972496 -0.130008
    outer loop
      vertex -30.6302 -14.4893 0.934596
      vertex -30.7538 -14.4474 0.804909
      vertex -30.628 -14.4724 0.804909
    endloop
  endfacet
  facet normal -0.896226 -0.442383 -0.0328169
    outer loop
      vertex -31.366 -14 1
      vertex -31.4239 -13.8827 1
      vertex -31.4219 -13.8819 0.934596
    endloop
  endfacet
  facet normal -0.588727 -0.392964 -0.706385
    outer loop
      vertex -31.0965 -13.9577 0.340653
      vertex -31.1511 -13.8759 0.340653
      vertex -31.0231 -13.9014 0.248159
    endloop
  endfacet
  facet normal -0.458083 -0.402236 -0.792695
    outer loop
      vertex -30.9662 -13.9662 0.248159
      vertex -31.0231 -13.9014 0.248159
      vertex -30.9408 -13.8382 0.16853
    endloop
  endfacet
  facet normal -0.313317 -0.634836 -0.706269
    outer loop
      vertex -30.7523 -14.1092 0.248159
      vertex -30.8759 -14.1511 0.340653
      vertex -30.8297 -14.071 0.248159
    endloop
  endfacet
  facet normal -0.72647 -0.636734 -0.25848
    outer loop
      vertex -31.1696 -14.1696 0.67856
      vertex -31.2781 -14.0971 0.804909
      vertex -31.2512 -14.0765 0.67856
    endloop
  endfacet
  facet normal -0.221871 -0.448943 -0.865577
    outer loop
      vertex -30.7126 -14.0133 0.16853
      vertex -30.7211 -13.883 0.103127
      vertex -30.6693 -13.9086 0.103127
    endloop
  endfacet
  facet normal -0.634836 -0.313317 -0.706269
    outer loop
      vertex -31.071 -13.8297 0.248159
      vertex -31.1511 -13.8759 0.340653
      vertex -31.1092 -13.7523 0.248159
    endloop
  endfacet
  facet normal -0.47416 -0.160938 -0.865605
    outer loop
      vertex -30.9086 -13.6693 0.103127
      vertex -31.0133 -13.7126 0.16853
      vertex -30.9272 -13.6145 0.103127
    endloop
  endfacet
  facet normal -0.706337 -0.0459406 -0.706383
    outer loop
      vertex -31.1537 -13.5861 0.248159
      vertex -31.2518 -13.5 0.340653
      vertex -31.1593 -13.5 0.248159
    endloop
  endfacet
  facet normal -0.297562 0.874789 -0.382362
    outer loop
      vertex -30.7321 14.3663 0.557711
      vertex -30.8624 14.3748 0.67856
      vertex -30.7451 14.4147 0.67856
    endloop
  endfacet
  facet normal -0.634879 0.31293 0.706402
    outer loop
      vertex -31.0196 13.8 17
      vertex -31.4239 13.8827 16.6
      vertex -31.0543 13.7296 17
    endloop
  endfacet
  facet normal 0.212905 0.319026 -0.923522
    outer loop
      vertex 30.7692 13.8509 0.103127
      vertex 30.6607 13.7784 0.0530691
      vertex 30.7211 13.883 0.103127
    endloop
  endfacet
  facet normal -0.0244994 0.128622 -0.991391
    outer loop
      vertex -30.5169 13.5632 0.002141
      vertex -30.5505 13.6884 0.0192146
      vertex -30.5085 13.5648 0.002141
    endloop
  endfacet
  facet normal 0.0251977 0.382606 -0.923568
    outer loop
      vertex 30.542 13.8187 0.0530691
      vertex 30.5 13.9423 0.103127
      vertex 30.5577 13.9385 0.103127
    endloop
  endfacet
  facet normal 0.597667 -0.118686 -0.792911
    outer loop
      vertex 31.1369 -13.6707 0.248159
      vertex 31.0366 -13.6438 0.16853
      vertex 31.1537 -13.5861 0.248159
    endloop
  endfacet
  facet normal -0.94763 -0.187966 -0.258196
    outer loop
      vertex -31.4147 -13.7451 0.67856
      vertex -31.4474 -13.7538 0.804909
      vertex -31.4388 -13.6236 0.67856
    endloop
  endfacet
  facet normal -0.778674 -0.155443 -0.607869
    outer loop
      vertex -31.3031 -13.7152 0.444429
      vertex -31.3244 -13.6085 0.444429
      vertex -31.2262 -13.6946 0.340653
    endloop
  endfacet
  facet normal -0.980815 0.19494 0
    outer loop
      vertex -31.4914 13.6305 1
      vertex -31.4659 13.7588 16.6
      vertex -31.4659 13.7588 1
    endloop
  endfacet
  facet normal -0.980815 0.19494 0
    outer loop
      vertex -31.4659 13.7588 16.6
      vertex -31.4914 13.6305 1
      vertex -31.4914 13.6305 16.6
    endloop
  endfacet
  facet normal 0.0460137 -0.706446 0.70627
    outer loop
      vertex 30.5783 -14.0949 17
      vertex 30.5 -14.1 17
      vertex 30.6305 -14.4914 16.6
    endloop
  endfacet
  facet normal 0.137969 -0.694354 0.706284
    outer loop
      vertex 30.6553 -14.0796 17
      vertex 30.5783 -14.0949 17
      vertex 30.6305 -14.4914 16.6
    endloop
  endfacet
  facet normal 0.694352 -0.138004 0.706279
    outer loop
      vertex 31.4914 -13.6305 16.6
      vertex 31.0796 -13.6553 17
      vertex 31.4659 -13.7588 16.6
    endloop
  endfacet
  facet normal 0.588341 0.39343 0.706447
    outer loop
      vertex 31.2934 14.1088 16.6
      vertex 30.976 13.8652 17
      vertex 31.0196 13.8 17
    endloop
  endfacet
  facet normal 0.670448 -0.227271 0.706291
    outer loop
      vertex 31.4659 -13.7588 16.6
      vertex 31.0796 -13.6553 17
      vertex 31.4239 -13.8827 16.6
    endloop
  endfacet
  facet normal 0.588806 0.392898 0.706355
    outer loop
      vertex 31.2934 14.1088 16.6
      vertex 31.0196 13.8 17
      vertex 31.366 14 16.6
    endloop
  endfacet
  facet normal 0 -0.999485 -0.0320916
    outer loop
      vertex -30.5 -14.4979 0.934596
      vertex 30.5 -14.5 1
      vertex -30.5 -14.5 1
    endloop
  endfacet
  facet normal 0 -0.999485 -0.0320916
    outer loop
      vertex 30.5 -14.5 1
      vertex -30.5 -14.4979 0.934596
      vertex 30.5 -14.4979 0.934596
    endloop
  endfacet
  facet normal 0.31293 -0.634879 0.706402
    outer loop
      vertex 30.8 -14.0196 17
      vertex 30.7296 -14.0543 17
      vertex 30.8827 -14.4239 16.6
    endloop
  endfacet
  facet normal -0.706446 0.0460137 0.70627
    outer loop
      vertex -31.0949 13.5783 17
      vertex -31.4914 13.6305 16.6
      vertex -31.1 13.5 17
    endloop
  endfacet
  facet normal 0.694352 0.138004 0.706279
    outer loop
      vertex 31.4659 13.7588 16.6
      vertex 31.0796 13.6553 17
      vertex 31.4914 13.6305 16.6
    endloop
  endfacet
  facet normal -0.0460137 -0.706446 0.70627
    outer loop
      vertex -30.5783 -14.0949 17
      vertex -30.6305 -14.4914 16.6
      vertex -30.5 -14.1 17
    endloop
  endfacet
  facet normal -0.751486 0.659749 0
    outer loop
      vertex -31.2934 14.1088 1
      vertex -31.2071 14.2071 16.6
      vertex -31.2071 14.2071 1
    endloop
  endfacet
  facet normal -0.751486 0.659749 0
    outer loop
      vertex -31.2071 14.2071 16.6
      vertex -31.2934 14.1088 1
      vertex -31.2934 14.1088 16.6
    endloop
  endfacet
  facet normal -0.00870055 0.130508 -0.991409
    outer loop
      vertex -30.5 13.5654 0.002141
      vertex -30.5255 13.6934 0.0192146
      vertex -30.5 13.6951 0.0192146
    endloop
  endfacet
  facet normal -0.980418 0.1944 -0.0314665
    outer loop
      vertex -31.4639 13.7583 0.934596
      vertex -31.4893 13.6302 0.934596
      vertex -31.4659 13.7588 1
    endloop
  endfacet
  facet normal -0.531981 0.467039 0.706308
    outer loop
      vertex -31.2071 14.2071 16.6
      vertex -31.2934 14.1088 16.6
      vertex -30.9243 13.9243 17
    endloop
  endfacet
  facet normal -0.138004 0.694352 0.706279
    outer loop
      vertex -30.6305 14.4914 16.6
      vertex -30.7588 14.4659 16.6
      vertex -30.6553 14.0796 17
    endloop
  endfacet
  facet normal 0.706446 0.0460137 0.70627
    outer loop
      vertex 31.4914 13.6305 16.6
      vertex 31.0949 13.5783 17
      vertex 31.1 13.5 17
    endloop
  endfacet
  facet normal 0.169242 0.849906 -0.499015
    outer loop
      vertex 30.7321 14.3663 0.557711
      vertex 30.6085 14.3244 0.444429
      vertex 30.6171 14.3892 0.557711
    endloop
  endfacet
  facet normal 0.999485 0 -0.0320916
    outer loop
      vertex 31.5 -13.5 1
      vertex 31.4979 13.5 0.934596
      vertex 31.5 13.5 1
    endloop
  endfacet
  facet normal 0.999485 0 -0.0320916
    outer loop
      vertex 31.4979 13.5 0.934596
      vertex 31.5 -13.5 1
      vertex 31.4979 -13.5 0.934596
    endloop
  endfacet
  facet normal 0.321039 0.947066 -0
    outer loop
      vertex 30.8827 14.4239 1
      vertex 30.7588 14.4659 16.6
      vertex 30.8827 14.4239 16.6
    endloop
  endfacet
  facet normal 0.321039 0.947066 0
    outer loop
      vertex 30.7588 14.4659 16.6
      vertex 30.8827 14.4239 1
      vertex 30.7588 14.4659 1
    endloop
  endfacet
  facet normal 0.467039 0.531981 0.706308
    outer loop
      vertex 31.1088 14.2934 16.6
      vertex 30.9243 13.9243 17
      vertex 31.2071 14.2071 16.6
    endloop
  endfacet
  facet normal 0.221871 -0.448943 -0.865577
    outer loop
      vertex 30.7126 -14.0133 0.16853
      vertex 30.6693 -13.9086 0.103127
      vertex 30.7211 -13.883 0.103127
    endloop
  endfacet
  facet normal 0.0166418 0.258873 -0.965768
    outer loop
      vertex 30.542 13.8187 0.0530691
      vertex 30.5 13.6951 0.0192146
      vertex 30.5 13.8214 0.0530691
    endloop
  endfacet
  facet normal -0.12325 -0.363124 -0.923553
    outer loop
      vertex -30.6145 -13.9272 0.103127
      vertex -30.6693 -13.9086 0.103127
      vertex -30.623 -13.797 0.0530691
    endloop
  endfacet
  facet normal -0.160938 -0.47416 -0.865605
    outer loop
      vertex -30.6145 -13.9272 0.103127
      vertex -30.7126 -14.0133 0.16853
      vertex -30.6693 -13.9086 0.103127
    endloop
  endfacet
  facet normal -0.169704 0.34397 -0.923518
    outer loop
      vertex -30.6607 13.7784 0.0530691
      vertex -30.7211 13.883 0.103127
      vertex -30.623 13.797 0.0530691
    endloop
  endfacet
  facet normal -0.258679 0.0172453 -0.965809
    outer loop
      vertex -30.6951 13.5 0.0192146
      vertex -30.8187 13.542 0.0530691
      vertex -30.6934 13.5255 0.0192146
    endloop
  endfacet
  facet normal -0.0976966 0.0870111 -0.991405
    outer loop
      vertex -30.5519 13.5398 0.002141
      vertex -30.6548 13.6188 0.0192146
      vertex -30.5462 13.5462 0.002141
    endloop
  endfacet
  facet normal 0.0725237 0.108786 -0.991416
    outer loop
      vertex 30.6188 13.6548 0.0192146
      vertex 30.5327 13.5566 0.002141
      vertex 30.5975 13.669 0.0192146
    endloop
  endfacet
  facet normal 0.318982 0.938719 -0.130599
    outer loop
      vertex 30.8753 14.4061 0.804909
      vertex 30.7583 14.4639 0.934596
      vertex 30.8819 14.4219 0.934596
    endloop
  endfacet
  facet normal 0.524033 0.596704 -0.607728
    outer loop
      vertex 31.0316 14.0316 0.340653
      vertex 30.9577 14.0965 0.340653
      vertex 31.0062 14.1596 0.444429
    endloop
  endfacet
  facet normal -0.39343 -0.588341 0.706447
    outer loop
      vertex -30.8652 -13.976 17
      vertex -31.1088 -14.2934 16.6
      vertex -30.8 -14.0196 17
    endloop
  endfacet
  facet normal 0.70634 0.0465481 0.70634
    outer loop
      vertex 31.4914 13.6305 16.6
      vertex 31.1 13.5 17
      vertex 31.5 13.5 16.6
    endloop
  endfacet
  facet normal 0.532685 0.465987 0.706472
    outer loop
      vertex 31.2934 14.1088 16.6
      vertex 30.9243 13.9243 17
      vertex 30.976 13.8652 17
    endloop
  endfacet
  facet normal 0.4409 0.660543 -0.607693
    outer loop
      vertex 30.9577 14.0965 0.340653
      vertex 30.8759 14.1511 0.340653
      vertex 31.0062 14.1596 0.444429
    endloop
  endfacet
  facet normal 0.465987 0.532685 0.706472
    outer loop
      vertex 31.1088 14.2934 16.6
      vertex 30.8652 13.976 17
      vertex 30.9243 13.9243 17
    endloop
  endfacet
  facet normal 0.320866 -0.946554 -0.0328696
    outer loop
      vertex 30.8827 -14.4239 1
      vertex 30.7588 -14.4659 1
      vertex 30.8819 -14.4219 0.934596
    endloop
  endfacet
  facet normal -0.0653455 -0.9893 -0.130445
    outer loop
      vertex -30.5 -14.4979 0.934596
      vertex -30.6302 -14.4893 0.934596
      vertex -30.5 -14.4808 0.804909
    endloop
  endfacet
  facet normal 0.866716 0.426727 -0.258277
    outer loop
      vertex 31.3748 13.8624 0.67856
      vertex 31.3201 13.9735 0.67856
      vertex 31.4061 13.8753 0.804909
    endloop
  endfacet
  facet normal 0.711995 0.351154 -0.608075
    outer loop
      vertex 31.1946 13.7877 0.340653
      vertex 31.1511 13.8759 0.340653
      vertex 31.2201 13.9157 0.444429
    endloop
  endfacet
  facet normal 0.555053 -0.831815 0
    outer loop
      vertex 31 -14.366 1
      vertex 31.1088 -14.2934 16.6
      vertex 31 -14.366 16.6
    endloop
  endfacet
  facet normal 0.555053 -0.831815 0
    outer loop
      vertex 31.1088 -14.2934 16.6
      vertex 31 -14.366 1
      vertex 31.1088 -14.2934 1
    endloop
  endfacet
  facet normal 0.653959 -0.745174 -0.130588
    outer loop
      vertex 31.1075 -14.2917 0.934596
      vertex 31.0971 -14.2781 0.804909
      vertex 31.1935 -14.1935 0.804909
    endloop
  endfacet
  facet normal -0.137969 -0.694354 0.706284
    outer loop
      vertex -30.5783 -14.0949 17
      vertex -30.6553 -14.0796 17
      vertex -30.6305 -14.4914 16.6
    endloop
  endfacet
  facet normal -0.137969 0.694354 0.706284
    outer loop
      vertex -30.6305 14.4914 16.6
      vertex -30.6553 14.0796 17
      vertex -30.5783 14.0949 17
    endloop
  endfacet
  facet normal 0.0516772 -0.792115 -0.60818
    outer loop
      vertex 30.6085 -14.3244 0.444429
      vertex 30.5 -14.2518 0.340653
      vertex 30.5981 -14.2454 0.340653
    endloop
  endfacet
  facet normal 0.351154 -0.711995 -0.608075
    outer loop
      vertex 30.9157 -14.2201 0.444429
      vertex 30.7877 -14.1946 0.340653
      vertex 30.8759 -14.1511 0.340653
    endloop
  endfacet
  facet normal 0.651265 -0.571551 -0.499182
    outer loop
      vertex 31.2115 -14.046 0.557711
      vertex 31.0879 -14.0879 0.444429
      vertex 31.1596 -14.0062 0.444429
    endloop
  endfacet
  facet normal -0.513242 -0.768289 -0.382511
    outer loop
      vertex -30.9735 -14.3201 0.67856
      vertex -31.046 -14.2115 0.557711
      vertex -30.9484 -14.2767 0.557711
    endloop
  endfacet
  facet normal -0.651265 -0.571551 -0.499182
    outer loop
      vertex -31.0879 -14.0879 0.444429
      vertex -31.2115 -14.046 0.557711
      vertex -31.1596 -14.0062 0.444429
    endloop
  endfacet
  facet normal -0.180505 -0.906468 -0.38175
    outer loop
      vertex -30.6236 -14.4388 0.67856
      vertex -30.7321 -14.3663 0.557711
      vertex -30.6171 -14.3892 0.557711
    endloop
  endfacet
  facet normal -0.0604449 -0.922345 -0.38161
    outer loop
      vertex -30.5 -14.4469 0.67856
      vertex -30.6236 -14.4388 0.67856
      vertex -30.5 -14.3969 0.557711
    endloop
  endfacet
  facet normal -0.0631704 -0.963933 -0.258539
    outer loop
      vertex -30.5 -14.4469 0.67856
      vertex -30.628 -14.4724 0.804909
      vertex -30.6236 -14.4388 0.67856
    endloop
  endfacet
  facet normal -0.296997 -0.875234 -0.381783
    outer loop
      vertex -30.7321 -14.3663 0.557711
      vertex -30.8624 -14.3748 0.67856
      vertex -30.8432 -14.3286 0.557711
    endloop
  endfacet
  facet normal 0.1944 -0.980418 -0.0314665
    outer loop
      vertex 30.7588 -14.4659 1
      vertex 30.6302 -14.4893 0.934596
      vertex 30.7583 -14.4639 0.934596
    endloop
  endfacet
  facet normal -0.0657234 -0.997314 -0.0323234
    outer loop
      vertex -30.5 -14.5 1
      vertex -30.6305 -14.4914 1
      vertex -30.6302 -14.4893 0.934596
    endloop
  endfacet
  facet normal -0.659298 -0.751186 -0.0323486
    outer loop
      vertex -31.1075 -14.2917 0.934596
      vertex -31.2071 -14.2071 1
      vertex -31.2056 -14.2056 0.934596
    endloop
  endfacet
  facet normal -0.194838 -0.980301 -0.0323693
    outer loop
      vertex -30.6305 -14.4914 1
      vertex -30.7588 -14.4659 1
      vertex -30.6302 -14.4893 0.934596
    endloop
  endfacet
  facet normal -0.751486 -0.659749 0
    outer loop
      vertex -31.2071 -14.2071 1
      vertex -31.2934 -14.1088 16.6
      vertex -31.2934 -14.1088 1
    endloop
  endfacet
  facet normal -0.751486 -0.659749 0
    outer loop
      vertex -31.2934 -14.1088 16.6
      vertex -31.2071 -14.2071 1
      vertex -31.2071 -14.2071 16.6
    endloop
  endfacet
  facet normal -0.43851 -0.88918 -0.130647
    outer loop
      vertex -30.8819 -14.4219 0.934596
      vertex -30.9989 -14.3642 0.934596
      vertex -30.8753 -14.4061 0.804909
    endloop
  endfacet
  facet normal -0.972525 -0.192835 -0.130425
    outer loop
      vertex -31.4639 -13.7583 0.934596
      vertex -31.4893 -13.6302 0.934596
      vertex -31.4474 -13.7538 0.804909
    endloop
  endfacet
  facet normal -0.963906 -0.0632563 -0.25862
    outer loop
      vertex -31.4724 -13.628 0.804909
      vertex -31.4808 -13.5 0.804909
      vertex -31.4469 -13.5 0.67856
    endloop
  endfacet
  facet normal -1 0 0
    outer loop
      vertex -31.5 -13.5 1
      vertex -31.5 13.5 16.6
      vertex -31.5 13.5 1
    endloop
  endfacet
  facet normal -1 -0 0
    outer loop
      vertex -31.5 13.5 16.6
      vertex -31.5 -13.5 1
      vertex -31.5 -13.5 16.6
    endloop
  endfacet
  facet normal -0.40239 -0.457719 -0.792827
    outer loop
      vertex -30.8382 -13.9408 0.16853
      vertex -30.9662 -13.9662 0.248159
      vertex -30.8928 -13.8928 0.16853
    endloop
  endfacet
  facet normal -0.118686 -0.597667 -0.792911
    outer loop
      vertex -30.5861 -14.1537 0.248159
      vertex -30.6707 -14.1369 0.248159
      vertex -30.6438 -14.0366 0.16853
    endloop
  endfacet
  facet normal -0.467084 -0.531857 -0.706372
    outer loop
      vertex -30.9577 -14.0965 0.340653
      vertex -31.0316 -14.0316 0.340653
      vertex -30.9014 -14.0231 0.248159
    endloop
  endfacet
  facet normal 0 -0.258908 -0.965902
    outer loop
      vertex -30.5 -13.8214 0.0530691
      vertex 30.5 -13.6951 0.0192146
      vertex 30.5 -13.8214 0.0530691
    endloop
  endfacet
  facet normal -0 -0.258908 -0.965902
    outer loop
      vertex 30.5 -13.6951 0.0192146
      vertex -30.5 -13.8214 0.0530691
      vertex -30.5 -13.6951 0.0192146
    endloop
  endfacet
  facet normal -0.144142 -0.215598 -0.965785
    outer loop
      vertex -30.6607 -13.7784 0.0530691
      vertex -30.6957 -13.755 0.0530691
      vertex -30.5975 -13.669 0.0192146
    endloop
  endfacet
  facet normal -0.499751 0.0329125 -0.865544
    outer loop
      vertex -30.9423 13.5 0.103127
      vertex -31.0508 13.5725 0.16853
      vertex -30.9385 13.5577 0.103127
    endloop
  endfacet
  facet normal 0.12325 -0.363124 -0.923553
    outer loop
      vertex 30.6693 -13.9086 0.103127
      vertex 30.6145 -13.9272 0.103127
      vertex 30.623 -13.797 0.0530691
    endloop
  endfacet
  facet normal -0.546584 -0.269761 -0.792764
    outer loop
      vertex -31.071 -13.8297 0.248159
      vertex -31.1092 -13.7523 0.248159
      vertex -31.0133 -13.7126 0.16853
    endloop
  endfacet
  facet normal -0.318753 -0.213109 -0.92357
    outer loop
      vertex -30.755 -13.6957 0.0530691
      vertex -30.8509 -13.7692 0.103127
      vertex -30.7784 -13.6607 0.0530691
    endloop
  endfacet
  facet normal -0.12317 0.363123 -0.923564
    outer loop
      vertex -30.5832 13.8105 0.0530691
      vertex -30.623 13.797 0.0530691
      vertex -30.6145 13.9272 0.103127
    endloop
  endfacet
  facet normal -0.467063 0.53191 -0.706346
    outer loop
      vertex -30.9662 13.9662 0.248159
      vertex -31.0316 14.0316 0.340653
      vertex -30.9014 14.0231 0.248159
    endloop
  endfacet
  facet normal -0.588806 0.392898 0.706355
    outer loop
      vertex -31.2934 14.1088 16.6
      vertex -31.366 14 16.6
      vertex -31.0196 13.8 17
    endloop
  endfacet
  facet normal -0.1944 0.980418 -0.0314665
    outer loop
      vertex -30.7583 14.4639 0.934596
      vertex -30.7588 14.4659 1
      vertex -30.6302 14.4893 0.934596
    endloop
  endfacet
  facet normal -0.31293 0.634879 0.706402
    outer loop
      vertex -30.7296 14.0543 17
      vertex -30.8827 14.4239 16.6
      vertex -30.8 14.0196 17
    endloop
  endfacet
  facet normal -0.442073 0.896404 -0.0321052
    outer loop
      vertex -30.9989 14.3642 0.934596
      vertex -31 14.366 1
      vertex -30.8819 14.4219 0.934596
    endloop
  endfacet
  facet normal 0.319081 0.9387 -0.130502
    outer loop
      vertex 30.8753 14.4061 0.804909
      vertex 30.7538 14.4474 0.804909
      vertex 30.7583 14.4639 0.934596
    endloop
  endfacet
  facet normal 0.546584 0.269761 -0.792764
    outer loop
      vertex 31.1092 13.7523 0.248159
      vertex 31.0133 13.7126 0.16853
      vertex 31.071 13.8297 0.248159
    endloop
  endfacet
  facet normal 0.670488 0.227604 -0.706146
    outer loop
      vertex 31.1369 13.6707 0.248159
      vertex 31.1092 13.7523 0.248159
      vertex 31.2262 13.6946 0.340653
    endloop
  endfacet
  facet normal 0.137915 0.694498 -0.706153
    outer loop
      vertex 30.6707 14.1369 0.248159
      vertex 30.5861 14.1537 0.248159
      vertex 30.6946 14.2262 0.340653
    endloop
  endfacet
  facet normal -0.499665 -0.0330812 -0.865587
    outer loop
      vertex -31.0508 -13.5725 0.16853
      vertex -31.0556 -13.5 0.16853
      vertex -30.9423 -13.5 0.103127
    endloop
  endfacet
  facet normal -0.63501 -0.313185 -0.706171
    outer loop
      vertex -31.1511 -13.8759 0.340653
      vertex -31.1946 -13.7877 0.340653
      vertex -31.1092 -13.7523 0.248159
    endloop
  endfacet
  facet normal -0.634748 -0.313315 0.706349
    outer loop
      vertex -31.0196 -13.8 17
      vertex -31.4239 -13.8827 16.6
      vertex -31.366 -14 16.6
    endloop
  endfacet
  facet normal -0.634748 0.313315 0.706349
    outer loop
      vertex -31.366 14 16.6
      vertex -31.4239 13.8827 16.6
      vertex -31.0196 13.8 17
    endloop
  endfacet
  facet normal -0.670448 0.227271 0.706291
    outer loop
      vertex -31.4239 13.8827 16.6
      vertex -31.4659 13.7588 16.6
      vertex -31.0796 13.6553 17
    endloop
  endfacet
  facet normal -0.227271 0.670448 0.706291
    outer loop
      vertex -30.7588 14.4659 16.6
      vertex -30.8827 14.4239 16.6
      vertex -30.6553 14.0796 17
    endloop
  endfacet
  facet normal -0.588341 0.39343 0.706447
    outer loop
      vertex -30.976 13.8652 17
      vertex -31.2934 14.1088 16.6
      vertex -31.0196 13.8 17
    endloop
  endfacet
  facet normal 0.392898 0.588806 0.706355
    outer loop
      vertex 31 14.366 16.6
      vertex 30.8 14.0196 17
      vertex 31.1088 14.2934 16.6
    endloop
  endfacet
  facet normal 0.694354 0.137969 0.706284
    outer loop
      vertex 31.4914 13.6305 16.6
      vertex 31.0796 13.6553 17
      vertex 31.0949 13.5783 17
    endloop
  endfacet
  facet normal 0.670016 -0.228148 0.706418
    outer loop
      vertex 31.0796 -13.6553 17
      vertex 31.0543 -13.7296 17
      vertex 31.4239 -13.8827 16.6
    endloop
  endfacet
  facet normal -0.659749 -0.751486 0
    outer loop
      vertex -31.2071 -14.2071 1
      vertex -31.1088 -14.2934 16.6
      vertex -31.2071 -14.2071 16.6
    endloop
  endfacet
  facet normal -0.659749 -0.751486 -0
    outer loop
      vertex -31.1088 -14.2934 16.6
      vertex -31.2071 -14.2071 1
      vertex -31.1088 -14.2934 1
    endloop
  endfacet
  facet normal 0.278419 -0.820486 -0.499285
    outer loop
      vertex 30.7321 -14.3663 0.557711
      vertex 30.7152 -14.3031 0.444429
      vertex 30.8432 -14.3286 0.557711
    endloop
  endfacet
  facet normal -0.745174 0.653959 -0.130588
    outer loop
      vertex -31.2781 14.0971 0.804909
      vertex -31.2917 14.1075 0.934596
      vertex -31.1935 14.1935 0.804909
    endloop
  endfacet
  facet normal 0 0.991419 -0.130724
    outer loop
      vertex 30.5 14.4808 0.804909
      vertex -30.5 14.4979 0.934596
      vertex 30.5 14.4979 0.934596
    endloop
  endfacet
  facet normal 0 0.991419 -0.130724
    outer loop
      vertex -30.5 14.4979 0.934596
      vertex 30.5 14.4808 0.804909
      vertex -30.5 14.4808 0.804909
    endloop
  endfacet
  facet normal 0 0.609037 -0.793142
    outer loop
      vertex -30.5 14.0556 0.16853
      vertex 30.5 14.1593 0.248159
      vertex 30.5 14.0556 0.16853
    endloop
  endfacet
  facet normal 0 0.609037 -0.793142
    outer loop
      vertex 30.5 14.1593 0.248159
      vertex -30.5 14.0556 0.16853
      vertex -30.5 14.1593 0.248159
    endloop
  endfacet
  facet normal 0 0.707084 -0.70713
    outer loop
      vertex 30.5 14.1593 0.248159
      vertex -30.5 14.2518 0.340653
      vertex 30.5 14.2518 0.340653
    endloop
  endfacet
  facet normal 0 0.707084 -0.70713
    outer loop
      vertex -30.5 14.2518 0.340653
      vertex 30.5 14.1593 0.248159
      vertex -30.5 14.1593 0.248159
    endloop
  endfacet
  facet normal -0.896709 0.442621 0
    outer loop
      vertex -31.4239 13.8827 1
      vertex -31.366 14 16.6
      vertex -31.366 14 1
    endloop
  endfacet
  facet normal -0.896709 0.442621 0
    outer loop
      vertex -31.366 14 16.6
      vertex -31.4239 13.8827 1
      vertex -31.4239 13.8827 16.6
    endloop
  endfacet
  facet normal -0.9387 0.319081 -0.130502
    outer loop
      vertex -31.4474 13.7538 0.804909
      vertex -31.4639 13.7583 0.934596
      vertex -31.4061 13.8753 0.804909
    endloop
  endfacet
  facet normal 0 0.499938 -0.866061
    outer loop
      vertex -30.5 13.9423 0.103127
      vertex 30.5 14.0556 0.16853
      vertex 30.5 13.9423 0.103127
    endloop
  endfacet
  facet normal 0 0.499938 -0.866061
    outer loop
      vertex 30.5 14.0556 0.16853
      vertex -30.5 13.9423 0.103127
      vertex -30.5 14.0556 0.16853
    endloop
  endfacet
  facet normal -0.9893 -0.0653455 -0.130445
    outer loop
      vertex -31.4893 -13.6302 0.934596
      vertex -31.4979 -13.5 0.934596
      vertex -31.4808 -13.5 0.804909
    endloop
  endfacet
  facet normal -0.980301 0.194838 -0.0323693
    outer loop
      vertex -31.4893 13.6302 0.934596
      vertex -31.4914 13.6305 1
      vertex -31.4659 13.7588 1
    endloop
  endfacet
  facet normal -0.659397 0.751086 -0.0326289
    outer loop
      vertex -31.1075 14.2917 0.934596
      vertex -31.2071 14.2071 1
      vertex -31.1088 14.2934 1
    endloop
  endfacet
  facet normal -0.467039 0.531981 0.706308
    outer loop
      vertex -31.1088 14.2934 16.6
      vertex -31.2071 14.2071 16.6
      vertex -30.9243 13.9243 17
    endloop
  endfacet
  facet normal 0.18829 0.947478 -0.25852
    outer loop
      vertex 30.7538 14.4474 0.804909
      vertex 30.6236 14.4388 0.67856
      vertex 30.628 14.4724 0.804909
    endloop
  endfacet
  facet normal 0.0657234 0.997314 -0.0323234
    outer loop
      vertex 30.6302 14.4893 0.934596
      vertex 30.5 14.5 1
      vertex 30.6305 14.4914 1
    endloop
  endfacet
  facet normal 0.997314 0.0658748 -0.0320219
    outer loop
      vertex 31.4979 13.5 0.934596
      vertex 31.4893 13.6302 0.934596
      vertex 31.5 13.5 1
    endloop
  endfacet
  facet normal 0.227576 0.670484 -0.706159
    outer loop
      vertex 30.7523 14.1092 0.248159
      vertex 30.6946 14.2262 0.340653
      vertex 30.7877 14.1946 0.340653
    endloop
  endfacet
  facet normal 0.792029 -0.0518287 -0.608279
    outer loop
      vertex 31.3244 -13.6085 0.444429
      vertex 31.2518 -13.5 0.340653
      vertex 31.3315 -13.5 0.444429
    endloop
  endfacet
  facet normal 0.442383 0.896226 -0.0328169
    outer loop
      vertex 31 14.366 1
      vertex 30.8819 14.4219 0.934596
      vertex 30.8827 14.4239 1
    endloop
  endfacet
  facet normal 0.653998 0.745148 -0.130542
    outer loop
      vertex 31.1935 14.1935 0.804909
      vertex 31.1075 14.2917 0.934596
      vertex 31.2056 14.2056 0.934596
    endloop
  endfacet
  facet normal 0.874789 -0.297562 -0.382362
    outer loop
      vertex 31.3748 -13.8624 0.67856
      vertex 31.3663 -13.7321 0.557711
      vertex 31.4147 -13.7451 0.67856
    endloop
  endfacet
  facet normal 0.659397 0.751086 -0.0326289
    outer loop
      vertex 31.2071 14.2071 1
      vertex 31.1075 14.2917 0.934596
      vertex 31.1088 14.2934 1
    endloop
  endfacet
  facet normal 0.866037 0 -0.499981
    outer loop
      vertex 31.3969 -13.5 0.557711
      vertex 31.3315 13.5 0.444429
      vertex 31.3969 13.5 0.557711
    endloop
  endfacet
  facet normal 0.866037 0 -0.499981
    outer loop
      vertex 31.3315 13.5 0.444429
      vertex 31.3969 -13.5 0.557711
      vertex 31.3315 -13.5 0.444429
    endloop
  endfacet
  facet normal 0.0977327 -0.491258 -0.865514
    outer loop
      vertex 30.6438 -14.0366 0.16853
      vertex 30.5577 -13.9385 0.103127
      vertex 30.6145 -13.9272 0.103127
    endloop
  endfacet
  facet normal 0.499938 0 -0.866061
    outer loop
      vertex 30.9423 -13.5 0.103127
      vertex 31.0556 13.5 0.16853
      vertex 31.0556 -13.5 0.16853
    endloop
  endfacet
  facet normal 0.499938 0 -0.866061
    outer loop
      vertex 31.0556 13.5 0.16853
      vertex 30.9423 -13.5 0.103127
      vertex 30.9423 13.5 0.103127
    endloop
  endfacet
  facet normal 0.608542 -0.0402897 -0.792498
    outer loop
      vertex 31.1593 -13.5 0.248159
      vertex 31.0508 -13.5725 0.16853
      vertex 31.0556 -13.5 0.16853
    endloop
  endfacet
  facet normal 0.778534 -0.1549 -0.608186
    outer loop
      vertex 31.3244 -13.6085 0.444429
      vertex 31.2262 -13.6946 0.340653
      vertex 31.2454 -13.5981 0.340653
    endloop
  endfacet
  facet normal 0.506965 -0.338257 -0.792823
    outer loop
      vertex 31.071 -13.8297 0.248159
      vertex 30.9408 -13.8382 0.16853
      vertex 30.9811 -13.7778 0.16853
    endloop
  endfacet
  facet normal -0.245536 0.0831981 -0.965811
    outer loop
      vertex -30.6884 13.5505 0.0192146
      vertex -30.797 13.623 0.0530691
      vertex -30.6802 13.5747 0.0192146
    endloop
  endfacet
  facet normal 0.024585 0.382434 -0.923656
    outer loop
      vertex 30.542 13.8187 0.0530691
      vertex 30.5 13.8214 0.0530691
      vertex 30.5 13.9423 0.103127
    endloop
  endfacet
  facet normal 0.0402897 -0.608542 -0.792498
    outer loop
      vertex 30.5725 -14.0508 0.16853
      vertex 30.5 -14.1593 0.248159
      vertex 30.5 -14.0556 0.16853
    endloop
  endfacet
  facet normal 0.0166418 -0.258873 -0.965768
    outer loop
      vertex 30.542 -13.8187 0.0530691
      vertex 30.5 -13.8214 0.0530691
      vertex 30.5 -13.6951 0.0192146
    endloop
  endfacet
  facet normal 0.330364 -0.3762 -0.86564
    outer loop
      vertex 30.8382 -13.9408 0.16853
      vertex 30.7692 -13.8509 0.103127
      vertex 30.8127 -13.8127 0.103127
    endloop
  endfacet
  facet normal -0.0172453 -0.258679 -0.965809
    outer loop
      vertex -30.5 -13.6951 0.0192146
      vertex -30.542 -13.8187 0.0530691
      vertex -30.5255 -13.6934 0.0192146
    endloop
  endfacet
  facet normal 0.0576505 -0.11736 -0.991415
    outer loop
      vertex 30.5747 -13.6802 0.0192146
      vertex 30.5327 -13.5566 0.002141
      vertex 30.5975 -13.669 0.0192146
    endloop
  endfacet
  facet normal 0.258908 0 -0.965902
    outer loop
      vertex 30.6951 -13.5 0.0192146
      vertex 30.8214 13.5 0.0530691
      vertex 30.8214 -13.5 0.0530691
    endloop
  endfacet
  facet normal 0.258908 0 -0.965902
    outer loop
      vertex 30.8214 13.5 0.0530691
      vertex 30.6951 -13.5 0.0192146
      vertex 30.6951 13.5 0.0192146
    endloop
  endfacet
  facet normal 0 -0.38255 -0.923935
    outer loop
      vertex -30.5 -13.9423 0.103127
      vertex 30.5 -13.8214 0.0530691
      vertex 30.5 -13.9423 0.103127
    endloop
  endfacet
  facet normal -0 -0.38255 -0.923935
    outer loop
      vertex 30.5 -13.8214 0.0530691
      vertex -30.5 -13.9423 0.103127
      vertex -30.5 -13.8214 0.0530691
    endloop
  endfacet
  facet normal -0.215859 -0.143906 -0.965762
    outer loop
      vertex -30.6548 -13.6188 0.0192146
      vertex -30.755 -13.6957 0.0530691
      vertex -30.669 -13.5975 0.0192146
    endloop
  endfacet
  facet normal -0.0979357 -0.0866552 -0.991413
    outer loop
      vertex -30.6379 -13.6379 0.0192146
      vertex -30.6548 -13.6188 0.0192146
      vertex -30.5462 -13.5462 0.002141
    endloop
  endfacet
  facet normal 0.254239 0.050601 -0.965817
    outer loop
      vertex 30.8187 13.542 0.0530691
      vertex 30.6884 13.5505 0.0192146
      vertex 30.8105 13.5832 0.0530691
    endloop
  endfacet
  facet normal 0.63501 0.313185 -0.706171
    outer loop
      vertex 31.1946 13.7877 0.340653
      vertex 31.1092 13.7523 0.248159
      vertex 31.1511 13.8759 0.340653
    endloop
  endfacet
  facet normal 0.0978254 0.491194 -0.86554
    outer loop
      vertex 30.6438 14.0366 0.16853
      vertex 30.5577 13.9385 0.103127
      vertex 30.5725 14.0508 0.16853
    endloop
  endfacet
  facet normal 0.40239 0.457719 -0.792827
    outer loop
      vertex 30.8928 13.8928 0.16853
      vertex 30.8382 13.9408 0.16853
      vertex 30.9662 13.9662 0.248159
    endloop
  endfacet
  facet normal 0.253036 -0.288143 -0.923551
    outer loop
      vertex 30.7692 -13.8509 0.103127
      vertex 30.6957 -13.755 0.0530691
      vertex 30.8127 -13.8127 0.103127
    endloop
  endfacet
  facet normal 0.169704 -0.34397 -0.923518
    outer loop
      vertex 30.7211 -13.883 0.103127
      vertex 30.623 -13.797 0.0530691
      vertex 30.6607 -13.7784 0.0530691
    endloop
  endfacet
  facet normal -0.694352 -0.138004 0.706279
    outer loop
      vertex -31.0796 -13.6553 17
      vertex -31.4914 -13.6305 16.6
      vertex -31.4659 -13.7588 16.6
    endloop
  endfacet
  facet normal 0.588341 -0.39343 0.706447
    outer loop
      vertex 31.0196 -13.8 17
      vertex 30.976 -13.8652 17
      vertex 31.2934 -14.1088 16.6
    endloop
  endfacet
  facet normal 0.670448 0.227271 0.706291
    outer loop
      vertex 31.4239 13.8827 16.6
      vertex 31.0796 13.6553 17
      vertex 31.4659 13.7588 16.6
    endloop
  endfacet
  facet normal 0.896226 0.442383 -0.0328169
    outer loop
      vertex 31.4219 13.8819 0.934596
      vertex 31.366 14 1
      vertex 31.4239 13.8827 1
    endloop
  endfacet
  facet normal 0.31293 0.634879 0.706402
    outer loop
      vertex 30.8827 14.4239 16.6
      vertex 30.7296 14.0543 17
      vertex 30.8 14.0196 17
    endloop
  endfacet
  facet normal 0.383408 -0.777178 -0.498992
    outer loop
      vertex 30.8432 -14.3286 0.557711
      vertex 30.8182 -14.2682 0.444429
      vertex 30.9157 -14.2201 0.444429
    endloop
  endfacet
  facet normal 0.0565807 -0.864649 -0.49918
    outer loop
      vertex 30.6085 -14.3244 0.444429
      vertex 30.5 -14.3969 0.557711
      vertex 30.5 -14.3315 0.444429
    endloop
  endfacet
  facet normal 0.659298 -0.751186 -0.0323486
    outer loop
      vertex 31.2071 -14.2071 1
      vertex 31.1075 -14.2917 0.934596
      vertex 31.2056 -14.2056 0.934596
    endloop
  endfacet
  facet normal 0.57095 -0.651459 -0.499617
    outer loop
      vertex 31.1342 -14.1342 0.557711
      vertex 31.046 -14.2115 0.557711
      vertex 31.0879 -14.0879 0.444429
    endloop
  endfacet
  facet normal 0.596704 -0.524033 -0.607728
    outer loop
      vertex 31.1596 -14.0062 0.444429
      vertex 31.0316 -14.0316 0.340653
      vertex 31.0965 -13.9577 0.340653
    endloop
  endfacet
  facet normal 0.849906 -0.169242 -0.499015
    outer loop
      vertex 31.3663 -13.7321 0.557711
      vertex 31.3244 -13.6085 0.444429
      vertex 31.3892 -13.6171 0.557711
    endloop
  endfacet
  facet normal 0.659749 -0.751486 0
    outer loop
      vertex 31.1088 -14.2934 1
      vertex 31.2071 -14.2071 16.6
      vertex 31.1088 -14.2934 16.6
    endloop
  endfacet
  facet normal 0.659749 -0.751486 0
    outer loop
      vertex 31.2071 -14.2071 16.6
      vertex 31.1088 -14.2934 1
      vertex 31.2071 -14.2071 1
    endloop
  endfacet
  facet normal 0.313315 -0.634748 0.706349
    outer loop
      vertex 31 -14.366 16.6
      vertex 30.8 -14.0196 17
      vertex 30.8827 -14.4239 16.6
    endloop
  endfacet
  facet normal -0.531981 -0.467039 0.706308
    outer loop
      vertex -30.9243 -13.9243 17
      vertex -31.2934 -14.1088 16.6
      vertex -31.2071 -14.2071 16.6
    endloop
  endfacet
  facet normal 0.947066 -0.321039 0
    outer loop
      vertex 31.4239 -13.8827 16.6
      vertex 31.4659 -13.7588 1
      vertex 31.4659 -13.7588 16.6
    endloop
  endfacet
  facet normal 0.947066 -0.321039 0
    outer loop
      vertex 31.4659 -13.7588 1
      vertex 31.4239 -13.8827 16.6
      vertex 31.4239 -13.8827 1
    endloop
  endfacet
  facet normal -0.228148 0.670016 0.706418
    outer loop
      vertex -30.6553 14.0796 17
      vertex -30.8827 14.4239 16.6
      vertex -30.7296 14.0543 17
    endloop
  endfacet
  facet normal -0.31293 -0.634879 0.706402
    outer loop
      vertex -30.8 -14.0196 17
      vertex -30.8827 -14.4239 16.6
      vertex -30.7296 -14.0543 17
    endloop
  endfacet
  facet normal 0.532685 -0.465987 0.706472
    outer loop
      vertex 30.976 -13.8652 17
      vertex 30.9243 -13.9243 17
      vertex 31.2934 -14.1088 16.6
    endloop
  endfacet
  facet normal -0.313315 -0.634748 0.706349
    outer loop
      vertex -30.8 -14.0196 17
      vertex -31 -14.366 16.6
      vertex -30.8827 -14.4239 16.6
    endloop
  endfacet
  facet normal 0.0460851 -0.706398 -0.706313
    outer loop
      vertex 30.5981 -14.2454 0.340653
      vertex 30.5 -14.2518 0.340653
      vertex 30.5861 -14.1537 0.248159
    endloop
  endfacet
  facet normal 0.0459406 -0.706337 -0.706383
    outer loop
      vertex 30.5861 -14.1537 0.248159
      vertex 30.5 -14.2518 0.340653
      vertex 30.5 -14.1593 0.248159
    endloop
  endfacet
  facet normal 0 -0.793095 -0.609097
    outer loop
      vertex -30.5 -14.2518 0.340653
      vertex 30.5 -14.3315 0.444429
      vertex -30.5 -14.3315 0.444429
    endloop
  endfacet
  facet normal 0 -0.793095 -0.609097
    outer loop
      vertex 30.5 -14.3315 0.444429
      vertex -30.5 -14.2518 0.340653
      vertex 30.5 -14.2518 0.340653
    endloop
  endfacet
  facet normal 0.0395608 -0.608248 -0.792761
    outer loop
      vertex 30.5861 -14.1537 0.248159
      vertex 30.5 -14.1593 0.248159
      vertex 30.5725 -14.0508 0.16853
    endloop
  endfacet
  facet normal 0.137915 -0.694498 -0.706153
    outer loop
      vertex 30.6946 -14.2262 0.340653
      vertex 30.5861 -14.1537 0.248159
      vertex 30.6707 -14.1369 0.248159
    endloop
  endfacet
  facet normal -0.768138 -0.513832 -0.382022
    outer loop
      vertex -31.2512 -14.0765 0.67856
      vertex -31.3201 -13.9735 0.67856
      vertex -31.2115 -14.046 0.557711
    endloop
  endfacet
  facet normal -0.513832 -0.768138 -0.382022
    outer loop
      vertex -30.9735 -14.3201 0.67856
      vertex -31.0765 -14.2512 0.67856
      vertex -31.046 -14.2115 0.557711
    endloop
  endfacet
  facet normal -0.670488 -0.227604 -0.706146
    outer loop
      vertex -31.1092 -13.7523 0.248159
      vertex -31.2262 -13.6946 0.340653
      vertex -31.1369 -13.6707 0.248159
    endloop
  endfacet
  facet normal -0.803284 -0.536778 -0.258077
    outer loop
      vertex -31.2781 -14.0971 0.804909
      vertex -31.3494 -13.9904 0.804909
      vertex -31.3201 -13.9735 0.67856
    endloop
  endfacet
  facet normal -0.524033 -0.596704 -0.607728
    outer loop
      vertex -31.0062 -14.1596 0.444429
      vertex -31.0316 -14.0316 0.340653
      vertex -30.9577 -14.0965 0.340653
    endloop
  endfacet
  facet normal -0.297562 -0.874789 -0.382362
    outer loop
      vertex -30.7451 -14.4147 0.67856
      vertex -30.8624 -14.3748 0.67856
      vertex -30.7321 -14.3663 0.557711
    endloop
  endfacet
  facet normal -0.321579 -0.946362 -0.0313974
    outer loop
      vertex -30.7588 -14.4659 1
      vertex -30.8819 -14.4219 0.934596
      vertex -30.7583 -14.4639 0.934596
    endloop
  endfacet
  facet normal 0.0632563 -0.963906 -0.25862
    outer loop
      vertex 30.628 -14.4724 0.804909
      vertex 30.5 -14.4808 0.804909
      vertex 30.5 -14.4469 0.67856
    endloop
  endfacet
  facet normal -0.278419 -0.820486 -0.499285
    outer loop
      vertex -30.7321 -14.3663 0.557711
      vertex -30.8432 -14.3286 0.557711
      vertex -30.7152 -14.3031 0.444429
    endloop
  endfacet
  facet normal -0.169612 -0.849651 -0.499324
    outer loop
      vertex -30.6085 -14.3244 0.444429
      vertex -30.7321 -14.3663 0.557711
      vertex -30.7152 -14.3031 0.444429
    endloop
  endfacet
  facet normal -0.0657577 -0.997836 0
    outer loop
      vertex -30.6305 -14.4914 1
      vertex -30.5 -14.5 16.6
      vertex -30.6305 -14.4914 16.6
    endloop
  endfacet
  facet normal -0.0657577 -0.997836 -0
    outer loop
      vertex -30.5 -14.5 16.6
      vertex -30.6305 -14.4914 1
      vertex -30.5 -14.5 1
    endloop
  endfacet
  facet normal -0.227271 -0.670448 0.706291
    outer loop
      vertex -30.6553 -14.0796 17
      vertex -30.8827 -14.4239 16.6
      vertex -30.7588 -14.4659 16.6
    endloop
  endfacet
  facet normal -0.228148 -0.670016 0.706418
    outer loop
      vertex -30.7296 -14.0543 17
      vertex -30.8827 -14.4239 16.6
      vertex -30.6553 -14.0796 17
    endloop
  endfacet
  facet normal -0.426935 -0.866671 -0.258084
    outer loop
      vertex -30.8753 -14.4061 0.804909
      vertex -30.9904 -14.3494 0.804909
      vertex -30.9735 -14.3201 0.67856
    endloop
  endfacet
  facet normal -0.550871 -0.824375 -0.130184
    outer loop
      vertex -30.9989 -14.3642 0.934596
      vertex -31.0971 -14.2781 0.804909
      vertex -30.9904 -14.3494 0.804909
    endloop
  endfacet
  facet normal -0.554757 -0.831372 -0.0326359
    outer loop
      vertex -31 -14.366 1
      vertex -31.1088 -14.2934 1
      vertex -31.1075 -14.2917 0.934596
    endloop
  endfacet
  facet normal -0.659397 -0.751086 -0.0326289
    outer loop
      vertex -31.1088 -14.2934 1
      vertex -31.2071 -14.2071 1
      vertex -31.1075 -14.2917 0.934596
    endloop
  endfacet
  facet normal -0.441218 -0.660004 -0.608047
    outer loop
      vertex -30.9157 -14.2201 0.444429
      vertex -31.0062 -14.1596 0.444429
      vertex -30.8759 -14.1511 0.340653
    endloop
  endfacet
  facet normal -0.227576 -0.670484 -0.706159
    outer loop
      vertex -30.6946 -14.2262 0.340653
      vertex -30.7877 -14.1946 0.340653
      vertex -30.7523 -14.1092 0.248159
    endloop
  endfacet
  facet normal -0.481626 -0.720448 -0.49899
    outer loop
      vertex -30.9484 -14.2767 0.557711
      vertex -31.0062 -14.1596 0.444429
      vertex -30.9157 -14.2201 0.444429
    endloop
  endfacet
  facet normal -0.383417 -0.777178 -0.498985
    outer loop
      vertex -30.8432 -14.3286 0.557711
      vertex -30.9484 -14.2767 0.557711
      vertex -30.9157 -14.2201 0.444429
    endloop
  endfacet
  facet normal -0.546445 -0.26987 -0.792823
    outer loop
      vertex -30.9811 -13.7778 0.16853
      vertex -31.071 -13.8297 0.248159
      vertex -31.0133 -13.7126 0.16853
    endloop
  endfacet
  facet normal -0.11736 -0.0576505 -0.991415
    outer loop
      vertex -30.669 -13.5975 0.0192146
      vertex -30.6802 -13.5747 0.0192146
      vertex -30.5566 -13.5327 0.002141
    endloop
  endfacet
  facet normal -0.914642 -0.311119 -0.258138
    outer loop
      vertex -31.3748 -13.8624 0.67856
      vertex -31.4474 -13.7538 0.804909
      vertex -31.4147 -13.7451 0.67856
    endloop
  endfacet
  facet normal -0.597761 -0.119049 -0.792785
    outer loop
      vertex -31.0366 -13.6438 0.16853
      vertex -31.1537 -13.5861 0.248159
      vertex -31.0508 -13.5725 0.16853
    endloop
  endfacet
  facet normal -0.169704 -0.34397 -0.923518
    outer loop
      vertex -30.623 -13.797 0.0530691
      vertex -30.7211 -13.883 0.103127
      vertex -30.6607 -13.7784 0.0530691
    endloop
  endfacet
  facet normal -0.448943 -0.221871 -0.865577
    outer loop
      vertex -30.883 -13.7211 0.103127
      vertex -31.0133 -13.7126 0.16853
      vertex -30.9086 -13.6693 0.103127
    endloop
  endfacet
  facet normal -0.577163 -0.195924 -0.792778
    outer loop
      vertex -31.1092 -13.7523 0.248159
      vertex -31.1369 -13.6707 0.248159
      vertex -31.0133 -13.7126 0.16853
    endloop
  endfacet
  facet normal -0.72647 0.636734 -0.25848
    outer loop
      vertex -31.2512 14.0765 0.67856
      vertex -31.2781 14.0971 0.804909
      vertex -31.1696 14.1696 0.67856
    endloop
  endfacet
  facet normal -0.828946 0.408131 -0.382463
    outer loop
      vertex -31.2767 13.9484 0.557711
      vertex -31.3748 13.8624 0.67856
      vertex -31.3201 13.9735 0.67856
    endloop
  endfacet
  facet normal -0.130508 0.00870055 -0.991409
    outer loop
      vertex -30.5654 13.5 0.002141
      vertex -30.6951 13.5 0.0192146
      vertex -30.6934 13.5255 0.0192146
    endloop
  endfacet
  facet normal -0.0518287 0.792029 -0.608279
    outer loop
      vertex -30.5 14.2518 0.340653
      vertex -30.6085 14.3244 0.444429
      vertex -30.5 14.3315 0.444429
    endloop
  endfacet
  facet normal 0 0.38255 -0.923935
    outer loop
      vertex -30.5 13.8214 0.0530691
      vertex 30.5 13.9423 0.103127
      vertex 30.5 13.8214 0.0530691
    endloop
  endfacet
  facet normal 0 0.38255 -0.923935
    outer loop
      vertex 30.5 13.9423 0.103127
      vertex -30.5 13.8214 0.0530691
      vertex -30.5 13.9423 0.103127
    endloop
  endfacet
  facet normal 0.109068 0.0722 -0.991409
    outer loop
      vertex 30.5566 13.5327 0.002141
      vertex 30.5519 13.5398 0.002141
      vertex 30.6548 13.6188 0.0192146
    endloop
  endfacet
  facet normal 0.0725237 -0.108786 -0.991416
    outer loop
      vertex 30.5975 -13.669 0.0192146
      vertex 30.5327 -13.5566 0.002141
      vertex 30.6188 -13.6548 0.0192146
    endloop
  endfacet
  facet normal 0.531981 0.467039 0.706308
    outer loop
      vertex 31.2071 14.2071 16.6
      vertex 30.9243 13.9243 17
      vertex 31.2934 14.1088 16.6
    endloop
  endfacet
  facet normal -0.0465481 0.70634 0.70634
    outer loop
      vertex -30.5 14.5 16.6
      vertex -30.6305 14.4914 16.6
      vertex -30.5 14.1 17
    endloop
  endfacet
  facet normal -0.659749 0.751486 0
    outer loop
      vertex -31.1088 14.2934 1
      vertex -31.2071 14.2071 16.6
      vertex -31.1088 14.2934 16.6
    endloop
  endfacet
  facet normal -0.659749 0.751486 0
    outer loop
      vertex -31.2071 14.2071 16.6
      vertex -31.1088 14.2934 1
      vertex -31.2071 14.2071 1
    endloop
  endfacet
  facet normal -0.694354 -0.137969 0.706284
    outer loop
      vertex -31.0949 -13.5783 17
      vertex -31.4914 -13.6305 16.6
      vertex -31.0796 -13.6553 17
    endloop
  endfacet
  facet normal -0.694352 0.138004 0.706279
    outer loop
      vertex -31.4659 13.7588 16.6
      vertex -31.4914 13.6305 16.6
      vertex -31.0796 13.6553 17
    endloop
  endfacet
  facet normal 0.114297 0.232676 -0.965815
    outer loop
      vertex 30.5975 13.669 0.0192146
      vertex 30.5747 13.6802 0.0192146
      vertex 30.623 13.797 0.0530691
    endloop
  endfacet
  facet normal -0.00920533 -0.130409 -0.991418
    outer loop
      vertex -30.5 -13.5654 0.002141
      vertex -30.5255 -13.6934 0.0192146
      vertex -30.5085 -13.5648 0.002141
    endloop
  endfacet
  facet normal 0.1549 0.778534 -0.608186
    outer loop
      vertex 30.6946 14.2262 0.340653
      vertex 30.5981 14.2454 0.340653
      vertex 30.6085 14.3244 0.444429
    endloop
  endfacet
  facet normal 0.26987 0.546445 -0.792823
    outer loop
      vertex 30.7778 13.9811 0.16853
      vertex 30.7126 14.0133 0.16853
      vertex 30.8297 14.071 0.248159
    endloop
  endfacet
  facet normal 0.0518287 0.792029 -0.608279
    outer loop
      vertex 30.6085 14.3244 0.444429
      vertex 30.5 14.2518 0.340653
      vertex 30.5 14.3315 0.444429
    endloop
  endfacet
  facet normal 0.9893 0.0653455 -0.130445
    outer loop
      vertex 31.4979 13.5 0.934596
      vertex 31.4808 13.5 0.804909
      vertex 31.4893 13.6302 0.934596
    endloop
  endfacet
  facet normal -0.745174 -0.653959 -0.130588
    outer loop
      vertex -31.1935 -14.1935 0.804909
      vertex -31.2917 -14.1075 0.934596
      vertex -31.2781 -14.0971 0.804909
    endloop
  endfacet
  facet normal -0.831815 -0.555053 0
    outer loop
      vertex -31.2934 -14.1088 1
      vertex -31.366 -14 16.6
      vertex -31.366 -14 1
    endloop
  endfacet
  facet normal -0.831815 -0.555053 0
    outer loop
      vertex -31.366 -14 16.6
      vertex -31.2934 -14.1088 1
      vertex -31.2934 -14.1088 16.6
    endloop
  endfacet
  facet normal -0.980815 -0.19494 0
    outer loop
      vertex -31.4659 -13.7588 1
      vertex -31.4914 -13.6305 16.6
      vertex -31.4914 -13.6305 1
    endloop
  endfacet
  facet normal -0.980815 -0.19494 0
    outer loop
      vertex -31.4914 -13.6305 16.6
      vertex -31.4659 -13.7588 1
      vertex -31.4659 -13.7588 16.6
    endloop
  endfacet
  facet normal -0.906468 -0.180505 -0.38175
    outer loop
      vertex -31.3663 -13.7321 0.557711
      vertex -31.4388 -13.6236 0.67856
      vertex -31.3892 -13.6171 0.557711
    endloop
  endfacet
  facet normal -0.831815 0.555053 0
    outer loop
      vertex -31.366 14 1
      vertex -31.2934 14.1088 16.6
      vertex -31.2934 14.1088 1
    endloop
  endfacet
  facet normal -0.831815 0.555053 0
    outer loop
      vertex -31.2934 14.1088 16.6
      vertex -31.366 14 1
      vertex -31.366 14 16.6
    endloop
  endfacet
  facet normal -0.802926 0.537103 -0.258514
    outer loop
      vertex -31.2512 14.0765 0.67856
      vertex -31.3201 13.9735 0.67856
      vertex -31.2781 14.0971 0.804909
    endloop
  endfacet
  facet normal 0.313315 0.634748 0.706349
    outer loop
      vertex 30.8827 14.4239 16.6
      vertex 30.8 14.0196 17
      vertex 31 14.366 16.6
    endloop
  endfacet
  facet normal -0.532685 -0.465987 0.706472
    outer loop
      vertex -30.976 -13.8652 17
      vertex -31.2934 -14.1088 16.6
      vertex -30.9243 -13.9243 17
    endloop
  endfacet
  facet normal -0.694354 0.137969 0.706284
    outer loop
      vertex -31.0796 13.6553 17
      vertex -31.4914 13.6305 16.6
      vertex -31.0949 13.5783 17
    endloop
  endfacet
  facet normal 0.706446 -0.0460137 0.70627
    outer loop
      vertex 31.1 -13.5 17
      vertex 31.0949 -13.5783 17
      vertex 31.4914 -13.6305 16.6
    endloop
  endfacet
  facet normal -0.588806 -0.392898 0.706355
    outer loop
      vertex -31.0196 -13.8 17
      vertex -31.366 -14 16.6
      vertex -31.2934 -14.1088 16.6
    endloop
  endfacet
  facet normal 0.0657577 -0.997836 0
    outer loop
      vertex 30.5 -14.5 1
      vertex 30.6305 -14.4914 16.6
      vertex 30.5 -14.5 16.6
    endloop
  endfacet
  facet normal 0.0657577 -0.997836 0
    outer loop
      vertex 30.6305 -14.4914 16.6
      vertex 30.5 -14.5 1
      vertex 30.6305 -14.4914 1
    endloop
  endfacet
  facet normal -0.296997 0.875234 -0.381783
    outer loop
      vertex -30.8432 14.3286 0.557711
      vertex -30.8624 14.3748 0.67856
      vertex -30.7321 14.3663 0.557711
    endloop
  endfacet
  facet normal -0.392964 0.588727 -0.706385
    outer loop
      vertex -30.9014 14.0231 0.248159
      vertex -30.9577 14.0965 0.340653
      vertex -30.8759 14.1511 0.340653
    endloop
  endfacet
  facet normal -0.278105 0.820769 -0.498994
    outer loop
      vertex -30.8182 14.2682 0.444429
      vertex -30.8432 14.3286 0.557711
      vertex -30.7152 14.3031 0.444429
    endloop
  endfacet
  facet normal -0.720448 0.481626 -0.49899
    outer loop
      vertex -31.2201 13.9157 0.444429
      vertex -31.2767 13.9484 0.557711
      vertex -31.1596 14.0062 0.444429
    endloop
  endfacet
  facet normal -0.351154 0.711995 -0.608075
    outer loop
      vertex -30.8759 14.1511 0.340653
      vertex -30.9157 14.2201 0.444429
      vertex -30.7877 14.1946 0.340653
    endloop
  endfacet
  facet normal 0.180505 0.906468 -0.38175
    outer loop
      vertex 30.7321 14.3663 0.557711
      vertex 30.6171 14.3892 0.557711
      vertex 30.6236 14.4388 0.67856
    endloop
  endfacet
  facet normal -0.997314 0.0657234 -0.0323234
    outer loop
      vertex -31.4893 13.6302 0.934596
      vertex -31.5 13.5 1
      vertex -31.4914 13.6305 1
    endloop
  endfacet
  facet normal -0.92226 -0.0606439 -0.381784
    outer loop
      vertex -31.3892 -13.6171 0.557711
      vertex -31.4388 -13.6236 0.67856
      vertex -31.3969 -13.5 0.557711
    endloop
  endfacet
  facet normal -0.972525 0.192835 -0.130425
    outer loop
      vertex -31.4474 13.7538 0.804909
      vertex -31.4893 13.6302 0.934596
      vertex -31.4639 13.7583 0.934596
    endloop
  endfacet
  facet normal -0.670016 0.228148 0.706418
    outer loop
      vertex -31.0543 13.7296 17
      vertex -31.4239 13.8827 16.6
      vertex -31.0796 13.6553 17
    endloop
  endfacet
  facet normal -0.0568623 0.864749 -0.498974
    outer loop
      vertex -30.6085 14.3244 0.444429
      vertex -30.6171 14.3892 0.557711
      vertex -30.5 14.3969 0.557711
    endloop
  endfacet
  facet normal -0.554757 0.831372 -0.0326359
    outer loop
      vertex -31.1075 14.2917 0.934596
      vertex -31.1088 14.2934 1
      vertex -31 14.366 1
    endloop
  endfacet
  facet normal -0.824572 0.550474 -0.130615
    outer loop
      vertex -31.2781 14.0971 0.804909
      vertex -31.3642 13.9989 0.934596
      vertex -31.2917 14.1075 0.934596
    endloop
  endfacet
  facet normal -0.9893 0.0653455 -0.130445
    outer loop
      vertex -31.4808 13.5 0.804909
      vertex -31.4979 13.5 0.934596
      vertex -31.4893 13.6302 0.934596
    endloop
  endfacet
  facet normal -0.00920533 0.130409 -0.991418
    outer loop
      vertex -30.5085 13.5648 0.002141
      vertex -30.5255 13.6934 0.0192146
      vertex -30.5 13.5654 0.002141
    endloop
  endfacet
  facet normal -0.499665 0.0330812 -0.865587
    outer loop
      vertex -30.9423 13.5 0.103127
      vertex -31.0556 13.5 0.16853
      vertex -31.0508 13.5725 0.16853
    endloop
  endfacet
  facet normal -0.39343 0.588341 0.706447
    outer loop
      vertex -30.8 14.0196 17
      vertex -31.1088 14.2934 16.6
      vertex -30.8652 13.976 17
    endloop
  endfacet
  facet normal -0.465987 0.532685 0.706472
    outer loop
      vertex -30.8652 13.976 17
      vertex -31.1088 14.2934 16.6
      vertex -30.9243 13.9243 17
    endloop
  endfacet
  facet normal 0.550474 0.824572 -0.130615
    outer loop
      vertex 31.0971 14.2781 0.804909
      vertex 30.9989 14.3642 0.934596
      vertex 31.1075 14.2917 0.934596
    endloop
  endfacet
  facet normal 0.849651 0.169612 -0.499324
    outer loop
      vertex 31.3244 13.6085 0.444429
      vertex 31.3031 13.7152 0.444429
      vertex 31.3663 13.7321 0.557711
    endloop
  endfacet
  facet normal 0.0631704 0.963933 -0.258539
    outer loop
      vertex 30.6236 14.4388 0.67856
      vertex 30.5 14.4469 0.67856
      vertex 30.628 14.4724 0.804909
    endloop
  endfacet
  facet normal 0.0658748 0.997314 -0.0320219
    outer loop
      vertex 30.6302 14.4893 0.934596
      vertex 30.5 14.4979 0.934596
      vertex 30.5 14.5 1
    endloop
  endfacet
  facet normal 0.138145 0.69432 -0.706283
    outer loop
      vertex 30.6946 14.2262 0.340653
      vertex 30.5861 14.1537 0.248159
      vertex 30.5981 14.2454 0.340653
    endloop
  endfacet
  facet normal 0.0568623 0.864749 -0.498974
    outer loop
      vertex 30.6085 14.3244 0.444429
      vertex 30.5 14.3969 0.557711
      vertex 30.6171 14.3892 0.557711
    endloop
  endfacet
  facet normal 0.297562 0.874789 -0.382362
    outer loop
      vertex 30.8624 14.3748 0.67856
      vertex 30.7321 14.3663 0.557711
      vertex 30.7451 14.4147 0.67856
    endloop
  endfacet
  facet normal 0.660004 0.441218 -0.608047
    outer loop
      vertex 31.2201 13.9157 0.444429
      vertex 31.1511 13.8759 0.340653
      vertex 31.1596 14.0062 0.444429
    endloop
  endfacet
  facet normal 0.991419 0 -0.130724
    outer loop
      vertex 31.4979 -13.5 0.934596
      vertex 31.4808 13.5 0.804909
      vertex 31.4979 13.5 0.934596
    endloop
  endfacet
  facet normal 0.991419 0 -0.130724
    outer loop
      vertex 31.4808 13.5 0.804909
      vertex 31.4979 -13.5 0.934596
      vertex 31.4808 -13.5 0.804909
    endloop
  endfacet
  facet normal 0.997314 -0.0657234 -0.0323234
    outer loop
      vertex 31.4914 -13.6305 1
      vertex 31.4893 -13.6302 0.934596
      vertex 31.5 -13.5 1
    endloop
  endfacet
  facet normal 0.660543 -0.4409 -0.607693
    outer loop
      vertex 31.1596 -14.0062 0.444429
      vertex 31.0965 -13.9577 0.340653
      vertex 31.1511 -13.8759 0.340653
    endloop
  endfacet
  facet normal 0.963933 0.0631704 -0.258539
    outer loop
      vertex 31.4469 13.5 0.67856
      vertex 31.4388 13.6236 0.67856
      vertex 31.4724 13.628 0.804909
    endloop
  endfacet
  facet normal 0.634836 0.313317 -0.706269
    outer loop
      vertex 31.1092 13.7523 0.248159
      vertex 31.071 13.8297 0.248159
      vertex 31.1511 13.8759 0.340653
    endloop
  endfacet
  facet normal 0.34397 0.169704 -0.923518
    outer loop
      vertex 30.797 13.623 0.0530691
      vertex 30.7784 13.6607 0.0530691
      vertex 30.883 13.7211 0.103127
    endloop
  endfacet
  facet normal 0.26987 -0.546445 -0.792823
    outer loop
      vertex 30.8297 -14.071 0.248159
      vertex 30.7126 -14.0133 0.16853
      vertex 30.7778 -13.9811 0.16853
    endloop
  endfacet
  facet normal 0.588727 -0.392964 -0.706385
    outer loop
      vertex 31.0965 -13.9577 0.340653
      vertex 31.0231 -13.9014 0.248159
      vertex 31.1511 -13.8759 0.340653
    endloop
  endfacet
  facet normal 0.707084 0 -0.70713
    outer loop
      vertex 31.2518 -13.5 0.340653
      vertex 31.1593 13.5 0.248159
      vertex 31.2518 13.5 0.340653
    endloop
  endfacet
  facet normal 0.707084 0 -0.70713
    outer loop
      vertex 31.1593 13.5 0.248159
      vertex 31.2518 -13.5 0.340653
      vertex 31.1593 -13.5 0.248159
    endloop
  endfacet
  facet normal 0.670484 -0.227576 -0.706159
    outer loop
      vertex 31.1946 -13.7877 0.340653
      vertex 31.1092 -13.7523 0.248159
      vertex 31.2262 -13.6946 0.340653
    endloop
  endfacet
  facet normal 0.171948 -0.194332 -0.965748
    outer loop
      vertex 30.6957 -13.755 0.0530691
      vertex 30.6188 -13.6548 0.0192146
      vertex 30.6379 -13.6379 0.0192146
    endloop
  endfacet
  facet normal 0.491194 -0.0978254 -0.86554
    outer loop
      vertex 31.0366 -13.6438 0.16853
      vertex 30.9385 -13.5577 0.103127
      vertex 31.0508 -13.5725 0.16853
    endloop
  endfacet
  facet normal 0.577104 -0.195444 -0.792939
    outer loop
      vertex 31.1369 -13.6707 0.248159
      vertex 31.0133 -13.7126 0.16853
      vertex 31.0366 -13.6438 0.16853
    endloop
  endfacet
  facet normal 0.50691 -0.338647 -0.792692
    outer loop
      vertex 31.0231 -13.9014 0.248159
      vertex 30.9408 -13.8382 0.16853
      vertex 31.071 -13.8297 0.248159
    endloop
  endfacet
  facet normal 0.828852 -0.408911 -0.381832
    outer loop
      vertex 31.3748 -13.8624 0.67856
      vertex 31.2767 -13.9484 0.557711
      vertex 31.3286 -13.8432 0.557711
    endloop
  endfacet
  facet normal 0 0.258908 -0.965902
    outer loop
      vertex -30.5 13.6951 0.0192146
      vertex 30.5 13.8214 0.0530691
      vertex 30.5 13.6951 0.0192146
    endloop
  endfacet
  facet normal 0 0.258908 -0.965902
    outer loop
      vertex 30.5 13.8214 0.0530691
      vertex -30.5 13.6951 0.0192146
      vertex -30.5 13.8214 0.0530691
    endloop
  endfacet
  facet normal 0 -0.609037 -0.793142
    outer loop
      vertex -30.5 -14.1593 0.248159
      vertex 30.5 -14.0556 0.16853
      vertex 30.5 -14.1593 0.248159
    endloop
  endfacet
  facet normal -0 -0.609037 -0.793142
    outer loop
      vertex 30.5 -14.0556 0.16853
      vertex -30.5 -14.1593 0.248159
      vertex -30.5 -14.0556 0.16853
    endloop
  endfacet
  facet normal 0 -0.499938 -0.866061
    outer loop
      vertex -30.5 -14.0556 0.16853
      vertex 30.5 -13.9423 0.103127
      vertex 30.5 -14.0556 0.16853
    endloop
  endfacet
  facet normal -0 -0.499938 -0.866061
    outer loop
      vertex 30.5 -13.9423 0.103127
      vertex -30.5 -14.0556 0.16853
      vertex -30.5 -13.9423 0.103127
    endloop
  endfacet
  facet normal -0.123573 0.0427165 -0.991416
    outer loop
      vertex -30.5632 13.5169 0.002141
      vertex -30.6802 13.5747 0.0192146
      vertex -30.5604 13.525 0.002141
    endloop
  endfacet
  facet normal 0.143906 -0.215859 -0.965762
    outer loop
      vertex 30.6957 -13.755 0.0530691
      vertex 30.5975 -13.669 0.0192146
      vertex 30.6188 -13.6548 0.0192146
    endloop
  endfacet
  facet normal -0.0166418 -0.258873 -0.965768
    outer loop
      vertex -30.5 -13.8214 0.0530691
      vertex -30.542 -13.8187 0.0530691
      vertex -30.5 -13.6951 0.0192146
    endloop
  endfacet
  facet normal -0.024585 -0.382434 -0.923656
    outer loop
      vertex -30.5 -13.9423 0.103127
      vertex -30.542 -13.8187 0.0530691
      vertex -30.5 -13.8214 0.0530691
    endloop
  endfacet
  facet normal -0.0256469 0.128235 -0.991412
    outer loop
      vertex -30.5085 13.5648 0.002141
      vertex -30.5505 13.6884 0.0192146
      vertex -30.5255 13.6934 0.0192146
    endloop
  endfacet
  facet normal 0.128235 -0.0256469 -0.991412
    outer loop
      vertex 30.6884 -13.5505 0.0192146
      vertex 30.5648 -13.5085 0.002141
      vertex 30.6934 -13.5255 0.0192146
    endloop
  endfacet
  facet normal -0.0508502 -0.254251 -0.965801
    outer loop
      vertex -30.542 -13.8187 0.0530691
      vertex -30.5505 -13.6884 0.0192146
      vertex -30.5255 -13.6934 0.0192146
    endloop
  endfacet
  facet normal -0.0870111 -0.0976966 -0.991405
    outer loop
      vertex -30.5398 -13.5519 0.002141
      vertex -30.6188 -13.6548 0.0192146
      vertex -30.5462 -13.5462 0.002141
    endloop
  endfacet
  facet normal -0.252858 -0.288459 -0.923501
    outer loop
      vertex -30.6957 -13.755 0.0530691
      vertex -30.8127 -13.8127 0.103127
      vertex -30.7273 -13.7273 0.0530691
    endloop
  endfacet
  facet normal 0.720448 0.481626 -0.49899
    outer loop
      vertex 31.2201 13.9157 0.444429
      vertex 31.1596 14.0062 0.444429
      vertex 31.2767 13.9484 0.557711
    endloop
  endfacet
  facet normal 0.597667 0.118686 -0.792911
    outer loop
      vertex 31.1537 13.5861 0.248159
      vertex 31.0366 13.6438 0.16853
      vertex 31.1369 13.6707 0.248159
    endloop
  endfacet
  facet normal 0.213109 0.318753 -0.92357
    outer loop
      vertex 30.6957 13.755 0.0530691
      vertex 30.6607 13.7784 0.0530691
      vertex 30.7692 13.8509 0.103127
    endloop
  endfacet
  facet normal 0.0427165 0.123573 -0.991416
    outer loop
      vertex 30.525 13.5604 0.002141
      vertex 30.5169 13.5632 0.002141
      vertex 30.5747 13.6802 0.0192146
    endloop
  endfacet
  facet normal -0.0427165 -0.123573 -0.991416
    outer loop
      vertex -30.5169 -13.5632 0.002141
      vertex -30.5747 -13.6802 0.0192146
      vertex -30.525 -13.5604 0.002141
    endloop
  endfacet
  facet normal 0.232579 -0.114747 -0.965785
    outer loop
      vertex 30.7784 -13.6607 0.0530691
      vertex 30.669 -13.5975 0.0192146
      vertex 30.797 -13.623 0.0530691
    endloop
  endfacet
  facet normal 0.416449 -0.277921 -0.865638
    outer loop
      vertex 30.9408 -13.8382 0.16853
      vertex 30.8509 -13.7692 0.103127
      vertex 30.883 -13.7211 0.103127
    endloop
  endfacet
  facet normal 0.0427165 -0.123573 -0.991416
    outer loop
      vertex 30.5747 -13.6802 0.0192146
      vertex 30.5169 -13.5632 0.002141
      vertex 30.525 -13.5604 0.002141
    endloop
  endfacet
  facet normal 0.382434 -0.024585 -0.923656
    outer loop
      vertex 30.9423 -13.5 0.103127
      vertex 30.8187 -13.542 0.0530691
      vertex 30.8214 -13.5 0.0530691
    endloop
  endfacet
  facet normal 0.38255 0 -0.923935
    outer loop
      vertex 30.8214 -13.5 0.0530691
      vertex 30.9423 13.5 0.103127
      vertex 30.9423 -13.5 0.103127
    endloop
  endfacet
  facet normal 0.38255 0 -0.923935
    outer loop
      vertex 30.9423 13.5 0.103127
      vertex 30.8214 -13.5 0.0530691
      vertex 30.8214 13.5 0.0530691
    endloop
  endfacet
  facet normal 0.491258 -0.0977327 -0.865514
    outer loop
      vertex 31.0366 -13.6438 0.16853
      vertex 30.9272 -13.6145 0.103127
      vertex 30.9385 -13.5577 0.103127
    endloop
  endfacet
  facet normal 0.24549 -0.0832692 -0.965816
    outer loop
      vertex 30.797 -13.623 0.0530691
      vertex 30.6884 -13.5505 0.0192146
      vertex 30.8105 -13.5832 0.0530691
    endloop
  endfacet
  facet normal -0.588341 -0.39343 0.706447
    outer loop
      vertex -31.0196 -13.8 17
      vertex -31.2934 -14.1088 16.6
      vertex -30.976 -13.8652 17
    endloop
  endfacet
  facet normal 0.659749 0.751486 -0
    outer loop
      vertex 31.2071 14.2071 1
      vertex 31.1088 14.2934 16.6
      vertex 31.2071 14.2071 16.6
    endloop
  endfacet
  facet normal 0.659749 0.751486 0
    outer loop
      vertex 31.1088 14.2934 16.6
      vertex 31.2071 14.2071 1
      vertex 31.1088 14.2934 1
    endloop
  endfacet
  facet normal 0.651459 0.57095 -0.499617
    outer loop
      vertex 31.2115 14.046 0.557711
      vertex 31.0879 14.0879 0.444429
      vertex 31.1342 14.1342 0.557711
    endloop
  endfacet
  facet normal -0.634879 -0.31293 0.706402
    outer loop
      vertex -31.0543 -13.7296 17
      vertex -31.4239 -13.8827 16.6
      vertex -31.0196 -13.8 17
    endloop
  endfacet
  facet normal -0.465987 -0.532685 0.706472
    outer loop
      vertex -30.9243 -13.9243 17
      vertex -31.1088 -14.2934 16.6
      vertex -30.8652 -13.976 17
    endloop
  endfacet
  facet normal 0.720448 -0.481626 -0.49899
    outer loop
      vertex 31.2767 -13.9484 0.557711
      vertex 31.1596 -14.0062 0.444429
      vertex 31.2201 -13.9157 0.444429
    endloop
  endfacet
  facet normal 0.0606439 -0.92226 -0.381784
    outer loop
      vertex 30.6236 -14.4388 0.67856
      vertex 30.5 -14.3969 0.557711
      vertex 30.6171 -14.3892 0.557711
    endloop
  endfacet
  facet normal 0.227576 -0.670484 -0.706159
    outer loop
      vertex 30.7877 -14.1946 0.340653
      vertex 30.6946 -14.2262 0.340653
      vertex 30.7523 -14.1092 0.248159
    endloop
  endfacet
  facet normal 0.550871 -0.824375 -0.130184
    outer loop
      vertex 30.9989 -14.3642 0.934596
      vertex 30.9904 -14.3494 0.804909
      vertex 31.0971 -14.2781 0.804909
    endloop
  endfacet
  facet normal 0.392898 -0.588806 0.706355
    outer loop
      vertex 31.1088 -14.2934 16.6
      vertex 30.8 -14.0196 17
      vertex 31 -14.366 16.6
    endloop
  endfacet
  facet normal 0.550474 -0.824572 -0.130615
    outer loop
      vertex 31.1075 -14.2917 0.934596
      vertex 30.9989 -14.3642 0.934596
      vertex 31.0971 -14.2781 0.804909
    endloop
  endfacet
  facet normal 0.319081 -0.9387 -0.130502
    outer loop
      vertex 30.7583 -14.4639 0.934596
      vertex 30.7538 -14.4474 0.804909
      vertex 30.8753 -14.4061 0.804909
    endloop
  endfacet
  facet normal 0.896226 -0.442383 -0.0328169
    outer loop
      vertex 31.4239 -13.8827 1
      vertex 31.366 -14 1
      vertex 31.4219 -13.8819 0.934596
    endloop
  endfacet
  facet normal 0.947478 -0.18829 -0.25852
    outer loop
      vertex 31.4474 -13.7538 0.804909
      vertex 31.4388 -13.6236 0.67856
      vertex 31.4724 -13.628 0.804909
    endloop
  endfacet
  facet normal 0.9893 -0.0653455 -0.130445
    outer loop
      vertex 31.4893 -13.6302 0.934596
      vertex 31.4808 -13.5 0.804909
      vertex 31.4979 -13.5 0.934596
    endloop
  endfacet
  facet normal 0.824375 -0.550871 -0.130184
    outer loop
      vertex 31.3642 -13.9989 0.934596
      vertex 31.2781 -14.0971 0.804909
      vertex 31.3494 -13.9904 0.804909
    endloop
  endfacet
  facet normal 0.896709 -0.442621 0
    outer loop
      vertex 31.366 -14 16.6
      vertex 31.4239 -13.8827 1
      vertex 31.4239 -13.8827 16.6
    endloop
  endfacet
  facet normal 0.896709 -0.442621 0
    outer loop
      vertex 31.4239 -13.8827 1
      vertex 31.366 -14 16.6
      vertex 31.366 -14 1
    endloop
  endfacet
  facet normal -0.0460137 0.706446 0.70627
    outer loop
      vertex -30.5 14.1 17
      vertex -30.6305 14.4914 16.6
      vertex -30.5783 14.0949 17
    endloop
  endfacet
  facet normal 0.195444 -0.577104 -0.792939
    outer loop
      vertex 30.6707 -14.1369 0.248159
      vertex 30.6438 -14.0366 0.16853
      vertex 30.7126 -14.0133 0.16853
    endloop
  endfacet
  facet normal 0.118686 -0.597667 -0.792911
    outer loop
      vertex 30.6707 -14.1369 0.248159
      vertex 30.5861 -14.1537 0.248159
      vertex 30.6438 -14.0366 0.16853
    endloop
  endfacet
  facet normal -0.637292 -0.726182 -0.257913
    outer loop
      vertex -31.0971 -14.2781 0.804909
      vertex -31.1935 -14.1935 0.804909
      vertex -31.1696 -14.1696 0.67856
    endloop
  endfacet
  facet normal -0.726182 -0.637292 -0.257913
    outer loop
      vertex -31.1935 -14.1935 0.804909
      vertex -31.2781 -14.0971 0.804909
      vertex -31.1696 -14.1696 0.67856
    endloop
  endfacet
  facet normal -0.609119 -0.69501 -0.382015
    outer loop
      vertex -31.046 -14.2115 0.557711
      vertex -31.1696 -14.1696 0.67856
      vertex -31.1342 -14.1342 0.557711
    endloop
  endfacet
  facet normal -0.828946 -0.408131 -0.382463
    outer loop
      vertex -31.3201 -13.9735 0.67856
      vertex -31.3748 -13.8624 0.67856
      vertex -31.2767 -13.9484 0.557711
    endloop
  endfacet
  facet normal -0.651459 -0.57095 -0.499617
    outer loop
      vertex -31.1342 -14.1342 0.557711
      vertex -31.2115 -14.046 0.557711
      vertex -31.0879 -14.0879 0.444429
    endloop
  endfacet
  facet normal -0.313185 -0.63501 -0.706171
    outer loop
      vertex -30.7877 -14.1946 0.340653
      vertex -30.8759 -14.1511 0.340653
      vertex -30.7523 -14.1092 0.248159
    endloop
  endfacet
  facet normal -0.179781 -0.906364 -0.382338
    outer loop
      vertex -30.6236 -14.4388 0.67856
      vertex -30.7451 -14.4147 0.67856
      vertex -30.7321 -14.3663 0.557711
    endloop
  endfacet
  facet normal 0.408131 -0.828946 -0.382463
    outer loop
      vertex 30.9735 -14.3201 0.67856
      vertex 30.8624 -14.3748 0.67856
      vertex 30.9484 -14.2767 0.557711
    endloop
  endfacet
  facet normal 0.0568623 -0.864749 -0.498974
    outer loop
      vertex 30.6171 -14.3892 0.557711
      vertex 30.5 -14.3969 0.557711
      vertex 30.6085 -14.3244 0.444429
    endloop
  endfacet
  facet normal -0.0649282 -0.989382 -0.130031
    outer loop
      vertex -30.5 -14.4808 0.804909
      vertex -30.6302 -14.4893 0.934596
      vertex -30.628 -14.4724 0.804909
    endloop
  endfacet
  facet normal -0.319081 -0.9387 -0.130502
    outer loop
      vertex -30.7583 -14.4639 0.934596
      vertex -30.8753 -14.4061 0.804909
      vertex -30.7538 -14.4474 0.804909
    endloop
  endfacet
  facet normal -0.426727 -0.866716 -0.258277
    outer loop
      vertex -30.8753 -14.4061 0.804909
      vertex -30.9735 -14.3201 0.67856
      vertex -30.8624 -14.3748 0.67856
    endloop
  endfacet
  facet normal -0.438143 -0.889423 -0.130219
    outer loop
      vertex -30.8753 -14.4061 0.804909
      vertex -30.9989 -14.3642 0.934596
      vertex -30.9904 -14.3494 0.804909
    endloop
  endfacet
  facet normal -0.318982 -0.938719 -0.130599
    outer loop
      vertex -30.7583 -14.4639 0.934596
      vertex -30.8819 -14.4219 0.934596
      vertex -30.8753 -14.4061 0.804909
    endloop
  endfacet
  facet normal -0.442073 -0.896404 -0.0321052
    outer loop
      vertex -30.8819 -14.4219 0.934596
      vertex -31 -14.366 1
      vertex -30.9989 -14.3642 0.934596
    endloop
  endfacet
  facet normal -0.536778 -0.803284 -0.258077
    outer loop
      vertex -30.9904 -14.3494 0.804909
      vertex -31.0971 -14.2781 0.804909
      vertex -30.9735 -14.3201 0.67856
    endloop
  endfacet
  facet normal -0.227604 -0.670488 -0.706146
    outer loop
      vertex -30.6946 -14.2262 0.340653
      vertex -30.7523 -14.1092 0.248159
      vertex -30.6707 -14.1369 0.248159
    endloop
  endfacet
  facet normal -0.195924 -0.577163 -0.792778
    outer loop
      vertex -30.6707 -14.1369 0.248159
      vertex -30.7523 -14.1092 0.248159
      vertex -30.7126 -14.0133 0.16853
    endloop
  endfacet
  facet normal -0.330364 -0.3762 -0.86564
    outer loop
      vertex -30.7692 -13.8509 0.103127
      vertex -30.8382 -13.9408 0.16853
      vertex -30.8127 -13.8127 0.103127
    endloop
  endfacet
  facet normal -0.253036 -0.288143 -0.923551
    outer loop
      vertex -30.7692 -13.8509 0.103127
      vertex -30.8127 -13.8127 0.103127
      vertex -30.6957 -13.755 0.0530691
    endloop
  endfacet
  facet normal -0.363124 -0.12325 -0.923553
    outer loop
      vertex -30.9086 -13.6693 0.103127
      vertex -30.9272 -13.6145 0.103127
      vertex -30.797 -13.623 0.0530691
    endloop
  endfacet
  facet normal -0.457719 -0.40239 -0.792827
    outer loop
      vertex -30.8928 -13.8928 0.16853
      vertex -30.9662 -13.9662 0.248159
      vertex -30.9408 -13.8382 0.16853
    endloop
  endfacet
  facet normal -0.491194 -0.0978254 -0.86554
    outer loop
      vertex -31.0366 -13.6438 0.16853
      vertex -31.0508 -13.5725 0.16853
      vertex -30.9385 -13.5577 0.103127
    endloop
  endfacet
  facet normal -0.506965 -0.338257 -0.792823
    outer loop
      vertex -30.9408 -13.8382 0.16853
      vertex -31.071 -13.8297 0.248159
      vertex -30.9811 -13.7778 0.16853
    endloop
  endfacet
  facet normal -0.0748509 -0.37608 -0.923559
    outer loop
      vertex -30.542 -13.8187 0.0530691
      vertex -30.6145 -13.9272 0.103127
      vertex -30.5832 -13.8105 0.0530691
    endloop
  endfacet
  facet normal -0.0402897 -0.608542 -0.792498
    outer loop
      vertex -30.5 -14.1593 0.248159
      vertex -30.5725 -14.0508 0.16853
      vertex -30.5 -14.0556 0.16853
    endloop
  endfacet
  facet normal -0.0330812 -0.499665 -0.865587
    outer loop
      vertex -30.5 -14.0556 0.16853
      vertex -30.5725 -14.0508 0.16853
      vertex -30.5 -13.9423 0.103127
    endloop
  endfacet
  facet normal -0.0977327 -0.491258 -0.865514
    outer loop
      vertex -30.5577 -13.9385 0.103127
      vertex -30.6438 -14.0366 0.16853
      vertex -30.6145 -13.9272 0.103127
    endloop
  endfacet
  facet normal -0.608248 -0.0395608 -0.792761
    outer loop
      vertex -31.1537 -13.5861 0.248159
      vertex -31.1593 -13.5 0.248159
      vertex -31.0508 -13.5725 0.16853
    endloop
  endfacet
  facet normal -0.608542 -0.0402897 -0.792498
    outer loop
      vertex -31.0508 -13.5725 0.16853
      vertex -31.1593 -13.5 0.248159
      vertex -31.0556 -13.5 0.16853
    endloop
  endfacet
  facet normal -0.609037 0 -0.793142
    outer loop
      vertex -31.1593 -13.5 0.248159
      vertex -31.0556 13.5 0.16853
      vertex -31.0556 -13.5 0.16853
    endloop
  endfacet
  facet normal -0.609037 0 -0.793142
    outer loop
      vertex -31.0556 13.5 0.16853
      vertex -31.1593 -13.5 0.248159
      vertex -31.1593 13.5 0.248159
    endloop
  endfacet
  facet normal -0.864749 -0.0568623 -0.498974
    outer loop
      vertex -31.3892 -13.6171 0.557711
      vertex -31.3969 -13.5 0.557711
      vertex -31.3244 -13.6085 0.444429
    endloop
  endfacet
  facet normal -0.792029 -0.0518287 -0.608279
    outer loop
      vertex -31.3244 -13.6085 0.444429
      vertex -31.3315 -13.5 0.444429
      vertex -31.2518 -13.5 0.340653
    endloop
  endfacet
  facet normal -0.38255 0 -0.923935
    outer loop
      vertex -30.9423 -13.5 0.103127
      vertex -30.8214 13.5 0.0530691
      vertex -30.8214 -13.5 0.0530691
    endloop
  endfacet
  facet normal -0.38255 0 -0.923935
    outer loop
      vertex -30.8214 13.5 0.0530691
      vertex -30.9423 -13.5 0.103127
      vertex -30.9423 13.5 0.103127
    endloop
  endfacet
  facet normal 0.0256469 0.128235 -0.991412
    outer loop
      vertex 30.5505 13.6884 0.0192146
      vertex 30.5085 13.5648 0.002141
      vertex 30.5255 13.6934 0.0192146
    endloop
  endfacet
  facet normal -0.608542 0.0402897 -0.792498
    outer loop
      vertex -31.0556 13.5 0.16853
      vertex -31.1593 13.5 0.248159
      vertex -31.0508 13.5725 0.16853
    endloop
  endfacet
  facet normal -0.651265 0.571551 -0.499182
    outer loop
      vertex -31.1596 14.0062 0.444429
      vertex -31.2115 14.046 0.557711
      vertex -31.0879 14.0879 0.444429
    endloop
  endfacet
  facet normal -0.777178 0.383408 -0.498992
    outer loop
      vertex -31.2682 13.8182 0.444429
      vertex -31.3286 13.8432 0.557711
      vertex -31.2201 13.9157 0.444429
    endloop
  endfacet
  facet normal -0.278419 0.820486 -0.499285
    outer loop
      vertex -30.7152 14.3031 0.444429
      vertex -30.8432 14.3286 0.557711
      vertex -30.7321 14.3663 0.557711
    endloop
  endfacet
  facet normal -0.0460851 0.706398 -0.706313
    outer loop
      vertex -30.5861 14.1537 0.248159
      vertex -30.5981 14.2454 0.340653
      vertex -30.5 14.2518 0.340653
    endloop
  endfacet
  facet normal -0.338647 0.50691 -0.792692
    outer loop
      vertex -30.8382 13.9408 0.16853
      vertex -30.9014 14.0231 0.248159
      vertex -30.8297 14.071 0.248159
    endloop
  endfacet
  facet normal 0.130508 0.00870055 -0.991409
    outer loop
      vertex 30.6951 13.5 0.0192146
      vertex 30.5654 13.5 0.002141
      vertex 30.6934 13.5255 0.0192146
    endloop
  endfacet
  facet normal 0.0866552 -0.0979357 -0.991413
    outer loop
      vertex 30.6188 -13.6548 0.0192146
      vertex 30.5462 -13.5462 0.002141
      vertex 30.6379 -13.6379 0.0192146
    endloop
  endfacet
  facet normal 0.123929 0.0419923 -0.991402
    outer loop
      vertex 30.6884 13.5505 0.0192146
      vertex 30.5632 13.5169 0.002141
      vertex 30.6802 13.5747 0.0192146
    endloop
  endfacet
  facet normal 0.221871 0.448943 -0.865577
    outer loop
      vertex 30.7211 13.883 0.103127
      vertex 30.6693 13.9086 0.103127
      vertex 30.7126 14.0133 0.16853
    endloop
  endfacet
  facet normal 0.0748509 0.37608 -0.923559
    outer loop
      vertex 30.5832 13.8105 0.0530691
      vertex 30.542 13.8187 0.0530691
      vertex 30.6145 13.9272 0.103127
    endloop
  endfacet
  facet normal 0.232579 0.114747 -0.965785
    outer loop
      vertex 30.797 13.623 0.0530691
      vertex 30.669 13.5975 0.0192146
      vertex 30.7784 13.6607 0.0530691
    endloop
  endfacet
  facet normal 0.277921 0.416449 -0.865638
    outer loop
      vertex 30.7692 13.8509 0.103127
      vertex 30.7211 13.883 0.103127
      vertex 30.8382 13.9408 0.16853
    endloop
  endfacet
  facet normal 0.0565807 0.864649 -0.49918
    outer loop
      vertex 30.6085 14.3244 0.444429
      vertex 30.5 14.3315 0.444429
      vertex 30.5 14.3969 0.557711
    endloop
  endfacet
  facet normal 0.169612 0.849651 -0.499324
    outer loop
      vertex 30.7152 14.3031 0.444429
      vertex 30.6085 14.3244 0.444429
      vertex 30.7321 14.3663 0.557711
    endloop
  endfacet
  facet normal 0.144142 0.215598 -0.965785
    outer loop
      vertex 30.6957 13.755 0.0530691
      vertex 30.5975 13.669 0.0192146
      vertex 30.6607 13.7784 0.0530691
    endloop
  endfacet
  facet normal 0.338257 0.506965 -0.792823
    outer loop
      vertex 30.8382 13.9408 0.16853
      vertex 30.7778 13.9811 0.16853
      vertex 30.8297 14.071 0.248159
    endloop
  endfacet
  facet normal -0.938719 -0.318982 -0.130599
    outer loop
      vertex -31.4219 -13.8819 0.934596
      vertex -31.4639 -13.7583 0.934596
      vertex -31.4061 -13.8753 0.804909
    endloop
  endfacet
  facet normal -0.947066 -0.321039 0
    outer loop
      vertex -31.4239 -13.8827 1
      vertex -31.4659 -13.7588 16.6
      vertex -31.4659 -13.7588 1
    endloop
  endfacet
  facet normal -0.947066 -0.321039 0
    outer loop
      vertex -31.4659 -13.7588 16.6
      vertex -31.4239 -13.8827 1
      vertex -31.4239 -13.8827 16.6
    endloop
  endfacet
  facet normal -0.802926 -0.537103 -0.258514
    outer loop
      vertex -31.2781 -14.0971 0.804909
      vertex -31.3201 -13.9735 0.67856
      vertex -31.2512 -14.0765 0.67856
    endloop
  endfacet
  facet normal -0.896404 -0.442073 -0.0321052
    outer loop
      vertex -31.366 -14 1
      vertex -31.4219 -13.8819 0.934596
      vertex -31.3642 -13.9989 0.934596
    endloop
  endfacet
  facet normal -0.980418 -0.1944 -0.0314665
    outer loop
      vertex -31.4659 -13.7588 1
      vertex -31.4893 -13.6302 0.934596
      vertex -31.4639 -13.7583 0.934596
    endloop
  endfacet
  facet normal -0.864649 -0.0565807 -0.49918
    outer loop
      vertex -31.3244 -13.6085 0.444429
      vertex -31.3969 -13.5 0.557711
      vertex -31.3315 -13.5 0.444429
    endloop
  endfacet
  facet normal -0.694498 -0.137915 -0.706153
    outer loop
      vertex -31.1369 -13.6707 0.248159
      vertex -31.2262 -13.6946 0.340653
      vertex -31.1537 -13.5861 0.248159
    endloop
  endfacet
  facet normal -0.745148 0.653998 -0.130542
    outer loop
      vertex -31.1935 14.1935 0.804909
      vertex -31.2917 14.1075 0.934596
      vertex -31.2056 14.2056 0.934596
    endloop
  endfacet
  facet normal -0.88918 0.43851 -0.130647
    outer loop
      vertex -31.4061 13.8753 0.804909
      vertex -31.4219 13.8819 0.934596
      vertex -31.3642 13.9989 0.934596
    endloop
  endfacet
  facet normal 0.634879 0.31293 0.706402
    outer loop
      vertex 31.4239 13.8827 16.6
      vertex 31.0196 13.8 17
      vertex 31.0543 13.7296 17
    endloop
  endfacet
  facet normal 0.194838 -0.980301 -0.0323693
    outer loop
      vertex 30.6305 -14.4914 1
      vertex 30.6302 -14.4893 0.934596
      vertex 30.7588 -14.4659 1
    endloop
  endfacet
  facet normal 0.0657234 -0.997314 -0.0323234
    outer loop
      vertex 30.6305 -14.4914 1
      vertex 30.5 -14.5 1
      vertex 30.6302 -14.4893 0.934596
    endloop
  endfacet
  facet normal -0.0653455 0.9893 -0.130445
    outer loop
      vertex -30.5 14.4808 0.804909
      vertex -30.6302 14.4893 0.934596
      vertex -30.5 14.4979 0.934596
    endloop
  endfacet
  facet normal -0.192835 0.972525 -0.130425
    outer loop
      vertex -30.7538 14.4474 0.804909
      vertex -30.7583 14.4639 0.934596
      vertex -30.6302 14.4893 0.934596
    endloop
  endfacet
  facet normal 0.119049 0.597761 -0.792785
    outer loop
      vertex 30.6438 14.0366 0.16853
      vertex 30.5725 14.0508 0.16853
      vertex 30.5861 14.1537 0.248159
    endloop
  endfacet
  facet normal 0.0459406 0.706337 -0.706383
    outer loop
      vertex 30.5861 14.1537 0.248159
      vertex 30.5 14.1593 0.248159
      vertex 30.5 14.2518 0.340653
    endloop
  endfacet
  facet normal -0.0459406 0.706337 -0.706383
    outer loop
      vertex -30.5 14.1593 0.248159
      vertex -30.5861 14.1537 0.248159
      vertex -30.5 14.2518 0.340653
    endloop
  endfacet
  facet normal 0 0.793095 -0.609097
    outer loop
      vertex 30.5 14.2518 0.340653
      vertex -30.5 14.3315 0.444429
      vertex 30.5 14.3315 0.444429
    endloop
  endfacet
  facet normal 0 0.793095 -0.609097
    outer loop
      vertex -30.5 14.3315 0.444429
      vertex 30.5 14.2518 0.340653
      vertex -30.5 14.2518 0.340653
    endloop
  endfacet
  facet normal -0.0330812 0.499665 -0.865587
    outer loop
      vertex -30.5 13.9423 0.103127
      vertex -30.5725 14.0508 0.16853
      vertex -30.5 14.0556 0.16853
    endloop
  endfacet
  facet normal -0.947478 0.18829 -0.25852
    outer loop
      vertex -31.4388 13.6236 0.67856
      vertex -31.4724 13.628 0.804909
      vertex -31.4474 13.7538 0.804909
    endloop
  endfacet
  facet normal -0.997314 0.0658748 -0.0320219
    outer loop
      vertex -31.4979 13.5 0.934596
      vertex -31.5 13.5 1
      vertex -31.4893 13.6302 0.934596
    endloop
  endfacet
  facet normal -0.947066 0.321039 0
    outer loop
      vertex -31.4659 13.7588 1
      vertex -31.4239 13.8827 16.6
      vertex -31.4239 13.8827 1
    endloop
  endfacet
  facet normal -0.947066 0.321039 0
    outer loop
      vertex -31.4239 13.8827 16.6
      vertex -31.4659 13.7588 1
      vertex -31.4659 13.7588 16.6
    endloop
  endfacet
  facet normal -0.896404 0.442073 -0.0321052
    outer loop
      vertex -31.3642 13.9989 0.934596
      vertex -31.4219 13.8819 0.934596
      vertex -31.366 14 1
    endloop
  endfacet
  facet normal -0.831265 0.554942 -0.0322108
    outer loop
      vertex -31.3642 13.9989 0.934596
      vertex -31.366 14 1
      vertex -31.2917 14.1075 0.934596
    endloop
  endfacet
  facet normal -0.536778 0.803284 -0.258077
    outer loop
      vertex -30.9735 14.3201 0.67856
      vertex -31.0971 14.2781 0.804909
      vertex -30.9904 14.3494 0.804909
    endloop
  endfacet
  facet normal -0.793095 0 -0.609097
    outer loop
      vertex -31.2518 -13.5 0.340653
      vertex -31.3315 13.5 0.444429
      vertex -31.2518 13.5 0.340653
    endloop
  endfacet
  facet normal -0.793095 -0 -0.609097
    outer loop
      vertex -31.3315 13.5 0.444429
      vertex -31.2518 -13.5 0.340653
      vertex -31.3315 -13.5 0.444429
    endloop
  endfacet
  facet normal -0.906364 -0.179781 -0.382338
    outer loop
      vertex -31.4147 -13.7451 0.67856
      vertex -31.4388 -13.6236 0.67856
      vertex -31.3663 -13.7321 0.557711
    endloop
  endfacet
  facet normal -0.47416 0.160938 -0.865605
    outer loop
      vertex -30.9272 13.6145 0.103127
      vertex -31.0133 13.7126 0.16853
      vertex -30.9086 13.6693 0.103127
    endloop
  endfacet
  facet normal -0.706398 0.0460851 -0.706313
    outer loop
      vertex -31.1537 13.5861 0.248159
      vertex -31.2518 13.5 0.340653
      vertex -31.2454 13.5981 0.340653
    endloop
  endfacet
  facet normal -0.277921 0.416449 -0.865638
    outer loop
      vertex -30.7692 13.8509 0.103127
      vertex -30.8382 13.9408 0.16853
      vertex -30.7211 13.883 0.103127
    endloop
  endfacet
  facet normal -0.849906 0.169242 -0.499015
    outer loop
      vertex -31.3244 13.6085 0.444429
      vertex -31.3892 13.6171 0.557711
      vertex -31.3663 13.7321 0.557711
    endloop
  endfacet
  facet normal 0.571551 0.651265 -0.499182
    outer loop
      vertex 31.0879 14.0879 0.444429
      vertex 31.0062 14.1596 0.444429
      vertex 31.046 14.2115 0.557711
    endloop
  endfacet
  facet normal 0.408131 0.828946 -0.382463
    outer loop
      vertex 30.9484 14.2767 0.557711
      vertex 30.8624 14.3748 0.67856
      vertex 30.9735 14.3201 0.67856
    endloop
  endfacet
  facet normal 0.481321 0.720504 -0.499203
    outer loop
      vertex 31.0062 14.1596 0.444429
      vertex 30.9484 14.2767 0.557711
      vertex 31.046 14.2115 0.557711
    endloop
  endfacet
  facet normal 0.278419 0.820486 -0.499285
    outer loop
      vertex 30.8432 14.3286 0.557711
      vertex 30.7152 14.3031 0.444429
      vertex 30.7321 14.3663 0.557711
    endloop
  endfacet
  facet normal 0.187966 0.94763 -0.258196
    outer loop
      vertex 30.7451 14.4147 0.67856
      vertex 30.6236 14.4388 0.67856
      vertex 30.7538 14.4474 0.804909
    endloop
  endfacet
  facet normal 0 0.924034 -0.382309
    outer loop
      vertex 30.5 14.3969 0.557711
      vertex -30.5 14.4469 0.67856
      vertex 30.5 14.4469 0.67856
    endloop
  endfacet
  facet normal 0 0.924034 -0.382309
    outer loop
      vertex -30.5 14.4469 0.67856
      vertex 30.5 14.3969 0.557711
      vertex -30.5 14.3969 0.557711
    endloop
  endfacet
  facet normal 0.989382 -0.0649282 -0.130031
    outer loop
      vertex 31.4893 -13.6302 0.934596
      vertex 31.4724 -13.628 0.804909
      vertex 31.4808 -13.5 0.804909
    endloop
  endfacet
  facet normal 0.963933 -0.0631704 -0.258539
    outer loop
      vertex 31.4724 -13.628 0.804909
      vertex 31.4388 -13.6236 0.67856
      vertex 31.4469 -13.5 0.67856
    endloop
  endfacet
  facet normal 0.946362 -0.321579 -0.0313974
    outer loop
      vertex 31.4659 -13.7588 1
      vertex 31.4219 -13.8819 0.934596
      vertex 31.4639 -13.7583 0.934596
    endloop
  endfacet
  facet normal 0.793095 0 -0.609097
    outer loop
      vertex 31.3315 -13.5 0.444429
      vertex 31.2518 13.5 0.340653
      vertex 31.3315 13.5 0.444429
    endloop
  endfacet
  facet normal 0.793095 0 -0.609097
    outer loop
      vertex 31.2518 13.5 0.340653
      vertex 31.3315 -13.5 0.444429
      vertex 31.2518 -13.5 0.340653
    endloop
  endfacet
  facet normal 0.00870055 -0.130508 -0.991409
    outer loop
      vertex 30.5255 -13.6934 0.0192146
      vertex 30.5 -13.6951 0.0192146
      vertex 30.5 -13.5654 0.002141
    endloop
  endfacet
  facet normal 0.160938 -0.47416 -0.865605
    outer loop
      vertex 30.7126 -14.0133 0.16853
      vertex 30.6145 -13.9272 0.103127
      vertex 30.6693 -13.9086 0.103127
    endloop
  endfacet
  facet normal 0.670488 -0.227604 -0.706146
    outer loop
      vertex 31.2262 -13.6946 0.340653
      vertex 31.1092 -13.7523 0.248159
      vertex 31.1369 -13.6707 0.248159
    endloop
  endfacet
  facet normal 0.577163 -0.195924 -0.792778
    outer loop
      vertex 31.1092 -13.7523 0.248159
      vertex 31.0133 -13.7126 0.16853
      vertex 31.1369 -13.6707 0.248159
    endloop
  endfacet
  facet normal 0.416449 0.277921 -0.865638
    outer loop
      vertex 30.883 13.7211 0.103127
      vertex 30.8509 13.7692 0.103127
      vertex 30.9408 13.8382 0.16853
    endloop
  endfacet
  facet normal 0.597761 0.119049 -0.792785
    outer loop
      vertex 31.0508 13.5725 0.16853
      vertex 31.0366 13.6438 0.16853
      vertex 31.1537 13.5861 0.248159
    endloop
  endfacet
  facet normal 0.338647 -0.50691 -0.792692
    outer loop
      vertex 30.9014 -14.0231 0.248159
      vertex 30.8297 -14.071 0.248159
      vertex 30.8382 -13.9408 0.16853
    endloop
  endfacet
  facet normal 0.169896 -0.343773 -0.923556
    outer loop
      vertex 30.6693 -13.9086 0.103127
      vertex 30.623 -13.797 0.0530691
      vertex 30.7211 -13.883 0.103127
    endloop
  endfacet
  facet normal 0.720504 -0.481321 -0.499203
    outer loop
      vertex 31.2115 -14.046 0.557711
      vertex 31.1596 -14.0062 0.444429
      vertex 31.2767 -13.9484 0.557711
    endloop
  endfacet
  facet normal 0.866716 -0.426727 -0.258277
    outer loop
      vertex 31.4061 -13.8753 0.804909
      vertex 31.3201 -13.9735 0.67856
      vertex 31.3748 -13.8624 0.67856
    endloop
  endfacet
  facet normal 0.597761 -0.119049 -0.792785
    outer loop
      vertex 31.1537 -13.5861 0.248159
      vertex 31.0366 -13.6438 0.16853
      vertex 31.0508 -13.5725 0.16853
    endloop
  endfacet
  facet normal 0.694498 -0.137915 -0.706153
    outer loop
      vertex 31.2262 -13.6946 0.340653
      vertex 31.1369 -13.6707 0.248159
      vertex 31.1537 -13.5861 0.248159
    endloop
  endfacet
  facet normal 0.338257 -0.506965 -0.792823
    outer loop
      vertex 30.8297 -14.071 0.248159
      vertex 30.7778 -13.9811 0.16853
      vertex 30.8382 -13.9408 0.16853
    endloop
  endfacet
  facet normal 0.3762 -0.330364 -0.86564
    outer loop
      vertex 30.9408 -13.8382 0.16853
      vertex 30.8127 -13.8127 0.103127
      vertex 30.8509 -13.7692 0.103127
    endloop
  endfacet
  facet normal 0.778674 -0.155443 -0.607869
    outer loop
      vertex 31.3031 -13.7152 0.444429
      vertex 31.2262 -13.6946 0.340653
      vertex 31.3244 -13.6085 0.444429
    endloop
  endfacet
  facet normal 0.792115 -0.0516772 -0.60818
    outer loop
      vertex 31.3244 -13.6085 0.444429
      vertex 31.2454 -13.5981 0.340653
      vertex 31.2518 -13.5 0.340653
    endloop
  endfacet
  facet normal 0.906468 -0.180505 -0.38175
    outer loop
      vertex 31.4388 -13.6236 0.67856
      vertex 31.3663 -13.7321 0.557711
      vertex 31.3892 -13.6171 0.557711
    endloop
  endfacet
  facet normal 0.906364 -0.179781 -0.382338
    outer loop
      vertex 31.4147 -13.7451 0.67856
      vertex 31.3663 -13.7321 0.557711
      vertex 31.4388 -13.6236 0.67856
    endloop
  endfacet
  facet normal -0.169896 0.343773 -0.923556
    outer loop
      vertex -30.623 13.797 0.0530691
      vertex -30.7211 13.883 0.103127
      vertex -30.6693 13.9086 0.103127
    endloop
  endfacet
  facet normal -0.0722 -0.109068 -0.991409
    outer loop
      vertex -30.5327 -13.5566 0.002141
      vertex -30.6188 -13.6548 0.0192146
      vertex -30.5398 -13.5519 0.002141
    endloop
  endfacet
  facet normal 0.0419923 0.123929 -0.991402
    outer loop
      vertex 30.5747 13.6802 0.0192146
      vertex 30.5169 13.5632 0.002141
      vertex 30.5505 13.6884 0.0192146
    endloop
  endfacet
  facet normal -0.277921 -0.416449 -0.865638
    outer loop
      vertex -30.7211 -13.883 0.103127
      vertex -30.8382 -13.9408 0.16853
      vertex -30.7692 -13.8509 0.103127
    endloop
  endfacet
  facet normal -0.114747 -0.232579 -0.965785
    outer loop
      vertex -30.623 -13.797 0.0530691
      vertex -30.6607 -13.7784 0.0530691
      vertex -30.5975 -13.669 0.0192146
    endloop
  endfacet
  facet normal 0.130409 -0.00920533 -0.991418
    outer loop
      vertex 30.6934 -13.5255 0.0192146
      vertex 30.5648 -13.5085 0.002141
      vertex 30.5654 -13.5 0.002141
    endloop
  endfacet
  facet normal -0.232676 0.114297 -0.965815
    outer loop
      vertex -30.6802 13.5747 0.0192146
      vertex -30.797 13.623 0.0530691
      vertex -30.669 13.5975 0.0192146
    endloop
  endfacet
  facet normal -0.3762 -0.330364 -0.86564
    outer loop
      vertex -30.8127 -13.8127 0.103127
      vertex -30.9408 -13.8382 0.16853
      vertex -30.8509 -13.7692 0.103127
    endloop
  endfacet
  facet normal 0.117282 0.0578793 -0.991411
    outer loop
      vertex 30.5604 13.525 0.002141
      vertex 30.5566 13.5327 0.002141
      vertex 30.6802 13.5747 0.0192146
    endloop
  endfacet
  facet normal -0.00870055 -0.130508 -0.991409
    outer loop
      vertex -30.5 -13.6951 0.0192146
      vertex -30.5255 -13.6934 0.0192146
      vertex -30.5 -13.5654 0.002141
    endloop
  endfacet
  facet normal -0.416449 -0.277921 -0.865638
    outer loop
      vertex -30.8509 -13.7692 0.103127
      vertex -30.9408 -13.8382 0.16853
      vertex -30.883 -13.7211 0.103127
    endloop
  endfacet
  facet normal -0.416494 -0.277892 -0.865626
    outer loop
      vertex -30.9408 -13.8382 0.16853
      vertex -30.9811 -13.7778 0.16853
      vertex -30.883 -13.7211 0.103127
    endloop
  endfacet
  facet normal 0.288143 0.253036 -0.923551
    outer loop
      vertex 30.8509 13.7692 0.103127
      vertex 30.755 13.6957 0.0530691
      vertex 30.8127 13.8127 0.103127
    endloop
  endfacet
  facet normal 0.588687 0.393279 -0.706243
    outer loop
      vertex 31.071 13.8297 0.248159
      vertex 31.0231 13.9014 0.248159
      vertex 31.1511 13.8759 0.340653
    endloop
  endfacet
  facet normal 0.376097 0.0748222 -0.923554
    outer loop
      vertex 30.9385 13.5577 0.103127
      vertex 30.8187 13.542 0.0530691
      vertex 30.9272 13.6145 0.103127
    endloop
  endfacet
  facet normal 0.382434 0.024585 -0.923656
    outer loop
      vertex 30.8214 13.5 0.0530691
      vertex 30.8187 13.542 0.0530691
      vertex 30.9423 13.5 0.103127
    endloop
  endfacet
  facet normal 0.245536 0.0831981 -0.965811
    outer loop
      vertex 30.6884 13.5505 0.0192146
      vertex 30.6802 13.5747 0.0192146
      vertex 30.797 13.623 0.0530691
    endloop
  endfacet
  facet normal 0.363124 0.12325 -0.923553
    outer loop
      vertex 30.9272 13.6145 0.103127
      vertex 30.797 13.623 0.0530691
      vertex 30.9086 13.6693 0.103127
    endloop
  endfacet
  facet normal 0.343773 0.169896 -0.923556
    outer loop
      vertex 30.9086 13.6693 0.103127
      vertex 30.797 13.623 0.0530691
      vertex 30.883 13.7211 0.103127
    endloop
  endfacet
  facet normal 0.0256469 -0.128235 -0.991412
    outer loop
      vertex 30.5255 -13.6934 0.0192146
      vertex 30.5085 -13.5648 0.002141
      vertex 30.5505 -13.6884 0.0192146
    endloop
  endfacet
  facet normal -0.0244994 -0.128622 -0.991391
    outer loop
      vertex -30.5085 -13.5648 0.002141
      vertex -30.5505 -13.6884 0.0192146
      vertex -30.5169 -13.5632 0.002141
    endloop
  endfacet
  facet normal 0.0576505 0.11736 -0.991415
    outer loop
      vertex 30.5975 13.669 0.0192146
      vertex 30.5327 13.5566 0.002141
      vertex 30.5747 13.6802 0.0192146
    endloop
  endfacet
  facet normal 0.232676 0.114297 -0.965815
    outer loop
      vertex 30.6802 13.5747 0.0192146
      vertex 30.669 13.5975 0.0192146
      vertex 30.797 13.623 0.0530691
    endloop
  endfacet
  facet normal 0.0508502 0.254251 -0.965801
    outer loop
      vertex 30.5505 13.6884 0.0192146
      vertex 30.5255 13.6934 0.0192146
      vertex 30.542 13.8187 0.0530691
    endloop
  endfacet
  facet normal 0.130513 0 -0.991447
    outer loop
      vertex 30.5654 -13.5 0.002141
      vertex 30.6951 13.5 0.0192146
      vertex 30.6951 -13.5 0.0192146
    endloop
  endfacet
  facet normal 0.130513 0 -0.991447
    outer loop
      vertex 30.6951 13.5 0.0192146
      vertex 30.5654 -13.5 0.002141
      vertex 30.5654 13.5 0.002141
    endloop
  endfacet
  facet normal -0.0725237 0.108786 -0.991416
    outer loop
      vertex -30.5327 13.5566 0.002141
      vertex -30.6188 13.6548 0.0192146
      vertex -30.5975 13.669 0.0192146
    endloop
  endfacet
  facet normal 0.499751 -0.0329125 -0.865544
    outer loop
      vertex 31.0508 -13.5725 0.16853
      vertex 30.9385 -13.5577 0.103127
      vertex 30.9423 -13.5 0.103127
    endloop
  endfacet
  facet normal 0.499665 -0.0330812 -0.865587
    outer loop
      vertex 31.0508 -13.5725 0.16853
      vertex 30.9423 -13.5 0.103127
      vertex 31.0556 -13.5 0.16853
    endloop
  endfacet
  facet normal 0.474407 -0.160664 -0.86552
    outer loop
      vertex 31.0133 -13.7126 0.16853
      vertex 30.9272 -13.6145 0.103127
      vertex 31.0366 -13.6438 0.16853
    endloop
  endfacet
  facet normal 0.47416 -0.160938 -0.865605
    outer loop
      vertex 31.0133 -13.7126 0.16853
      vertex 30.9086 -13.6693 0.103127
      vertex 30.9272 -13.6145 0.103127
    endloop
  endfacet
  facet normal 0.288143 -0.253036 -0.923551
    outer loop
      vertex 30.8127 -13.8127 0.103127
      vertex 30.755 -13.6957 0.0530691
      vertex 30.8509 -13.7692 0.103127
    endloop
  endfacet
  facet normal 0.258679 -0.0172453 -0.965809
    outer loop
      vertex 30.8187 -13.542 0.0530691
      vertex 30.6934 -13.5255 0.0192146
      vertex 30.6951 -13.5 0.0192146
    endloop
  endfacet
  facet normal 0.382606 -0.0251977 -0.923568
    outer loop
      vertex 30.9385 -13.5577 0.103127
      vertex 30.8187 -13.542 0.0530691
      vertex 30.9423 -13.5 0.103127
    endloop
  endfacet
  facet normal 0.513242 -0.768289 -0.382511
    outer loop
      vertex 30.9735 -14.3201 0.67856
      vertex 30.9484 -14.2767 0.557711
      vertex 31.046 -14.2115 0.557711
    endloop
  endfacet
  facet normal 0.383417 -0.777178 -0.498985
    outer loop
      vertex 30.9484 -14.2767 0.557711
      vertex 30.8432 -14.3286 0.557711
      vertex 30.9157 -14.2201 0.444429
    endloop
  endfacet
  facet normal 0.169612 -0.849651 -0.499324
    outer loop
      vertex 30.7321 -14.3663 0.557711
      vertex 30.6085 -14.3244 0.444429
      vertex 30.7152 -14.3031 0.444429
    endloop
  endfacet
  facet normal 0.155443 -0.778674 -0.607869
    outer loop
      vertex 30.7152 -14.3031 0.444429
      vertex 30.6085 -14.3244 0.444429
      vertex 30.6946 -14.2262 0.340653
    endloop
  endfacet
  facet normal 0.351213 -0.711919 -0.608129
    outer loop
      vertex 30.8182 -14.2682 0.444429
      vertex 30.7877 -14.1946 0.340653
      vertex 30.9157 -14.2201 0.444429
    endloop
  endfacet
  facet normal 0.255149 -0.751721 -0.608124
    outer loop
      vertex 30.8182 -14.2682 0.444429
      vertex 30.6946 -14.2262 0.340653
      vertex 30.7877 -14.1946 0.340653
    endloop
  endfacet
  facet normal 0.442073 -0.896404 -0.0321052
    outer loop
      vertex 31 -14.366 1
      vertex 30.8819 -14.4219 0.934596
      vertex 30.9989 -14.3642 0.934596
    endloop
  endfacet
  facet normal 0.426935 -0.866671 -0.258084
    outer loop
      vertex 30.9904 -14.3494 0.804909
      vertex 30.8753 -14.4061 0.804909
      vertex 30.9735 -14.3201 0.67856
    endloop
  endfacet
  facet normal 0.554942 -0.831265 -0.0322108
    outer loop
      vertex 31 -14.366 1
      vertex 30.9989 -14.3642 0.934596
      vertex 31.1075 -14.2917 0.934596
    endloop
  endfacet
  facet normal 0.442383 -0.896226 -0.0328169
    outer loop
      vertex 30.8827 -14.4239 1
      vertex 30.8819 -14.4219 0.934596
      vertex 31 -14.366 1
    endloop
  endfacet
  facet normal 0.43851 -0.88918 -0.130647
    outer loop
      vertex 30.8819 -14.4219 0.934596
      vertex 30.8753 -14.4061 0.804909
      vertex 30.9989 -14.3642 0.934596
    endloop
  endfacet
  facet normal 0.438143 -0.889423 -0.130219
    outer loop
      vertex 30.9989 -14.3642 0.934596
      vertex 30.8753 -14.4061 0.804909
      vertex 30.9904 -14.3494 0.804909
    endloop
  endfacet
  facet normal 0.802926 -0.537103 -0.258514
    outer loop
      vertex 31.2781 -14.0971 0.804909
      vertex 31.2512 -14.0765 0.67856
      vertex 31.3201 -13.9735 0.67856
    endloop
  endfacet
  facet normal 0.653998 -0.745148 -0.130542
    outer loop
      vertex 31.2056 -14.2056 0.934596
      vertex 31.1075 -14.2917 0.934596
      vertex 31.1935 -14.1935 0.804909
    endloop
  endfacet
  facet normal 0.980301 -0.194838 -0.0323693
    outer loop
      vertex 31.4914 -13.6305 1
      vertex 31.4659 -13.7588 1
      vertex 31.4893 -13.6302 0.934596
    endloop
  endfacet
  facet normal 0.972496 -0.193262 -0.130008
    outer loop
      vertex 31.4893 -13.6302 0.934596
      vertex 31.4474 -13.7538 0.804909
      vertex 31.4724 -13.628 0.804909
    endloop
  endfacet
  facet normal 0.9387 -0.319081 -0.130502
    outer loop
      vertex 31.4639 -13.7583 0.934596
      vertex 31.4061 -13.8753 0.804909
      vertex 31.4474 -13.7538 0.804909
    endloop
  endfacet
  facet normal 0.745174 -0.653959 -0.130588
    outer loop
      vertex 31.2917 -14.1075 0.934596
      vertex 31.1935 -14.1935 0.804909
      vertex 31.2781 -14.0971 0.804909
    endloop
  endfacet
  facet normal 0.751186 -0.659298 -0.0323486
    outer loop
      vertex 31.2071 -14.2071 1
      vertex 31.2056 -14.2056 0.934596
      vertex 31.2917 -14.1075 0.934596
    endloop
  endfacet
  facet normal 0.745148 -0.653998 -0.130542
    outer loop
      vertex 31.2056 -14.2056 0.934596
      vertex 31.1935 -14.1935 0.804909
      vertex 31.2917 -14.1075 0.934596
    endloop
  endfacet
  facet normal 0.588806 -0.392898 0.706355
    outer loop
      vertex 31.366 -14 16.6
      vertex 31.0196 -13.8 17
      vertex 31.2934 -14.1088 16.6
    endloop
  endfacet
  facet normal 0.831815 -0.555053 0
    outer loop
      vertex 31.2934 -14.1088 16.6
      vertex 31.366 -14 1
      vertex 31.366 -14 16.6
    endloop
  endfacet
  facet normal 0.831815 -0.555053 0
    outer loop
      vertex 31.366 -14 1
      vertex 31.2934 -14.1088 16.6
      vertex 31.2934 -14.1088 1
    endloop
  endfacet
  facet normal 0.0978254 -0.491194 -0.86554
    outer loop
      vertex 30.5725 -14.0508 0.16853
      vertex 30.5577 -13.9385 0.103127
      vertex 30.6438 -14.0366 0.16853
    endloop
  endfacet
  facet normal 0.160664 -0.474407 -0.86552
    outer loop
      vertex 30.6438 -14.0366 0.16853
      vertex 30.6145 -13.9272 0.103127
      vertex 30.7126 -14.0133 0.16853
    endloop
  endfacet
  facet normal -0.609135 -0.694981 -0.382042
    outer loop
      vertex -31.0765 -14.2512 0.67856
      vertex -31.1696 -14.1696 0.67856
      vertex -31.046 -14.2115 0.557711
    endloop
  endfacet
  facet normal -0.636734 -0.72647 -0.25848
    outer loop
      vertex -31.0971 -14.2781 0.804909
      vertex -31.1696 -14.1696 0.67856
      vertex -31.0765 -14.2512 0.67856
    endloop
  endfacet
  facet normal -0.69501 -0.609119 -0.382015
    outer loop
      vertex -31.1696 -14.1696 0.67856
      vertex -31.2115 -14.046 0.557711
      vertex -31.1342 -14.1342 0.557711
    endloop
  endfacet
  facet normal -0.694981 -0.609135 -0.382042
    outer loop
      vertex -31.1696 -14.1696 0.67856
      vertex -31.2512 -14.0765 0.67856
      vertex -31.2115 -14.046 0.557711
    endloop
  endfacet
  facet normal -0.57095 -0.651459 -0.499617
    outer loop
      vertex -31.046 -14.2115 0.557711
      vertex -31.1342 -14.1342 0.557711
      vertex -31.0879 -14.0879 0.444429
    endloop
  endfacet
  facet normal -0.596704 -0.524033 -0.607728
    outer loop
      vertex -31.0316 -14.0316 0.340653
      vertex -31.1596 -14.0062 0.444429
      vertex -31.0965 -13.9577 0.340653
    endloop
  endfacet
  facet normal -0.351213 -0.711919 -0.608129
    outer loop
      vertex -30.8182 -14.2682 0.444429
      vertex -30.9157 -14.2201 0.444429
      vertex -30.7877 -14.1946 0.340653
    endloop
  endfacet
  facet normal -0.383408 -0.777178 -0.498992
    outer loop
      vertex -30.8432 -14.3286 0.557711
      vertex -30.9157 -14.2201 0.444429
      vertex -30.8182 -14.2682 0.444429
    endloop
  endfacet
  facet normal 0.0649282 -0.989382 -0.130031
    outer loop
      vertex 30.6302 -14.4893 0.934596
      vertex 30.5 -14.4808 0.804909
      vertex 30.628 -14.4724 0.804909
    endloop
  endfacet
  facet normal -0.0658748 -0.997314 -0.0320219
    outer loop
      vertex -30.5 -14.5 1
      vertex -30.6302 -14.4893 0.934596
      vertex -30.5 -14.4979 0.934596
    endloop
  endfacet
  facet normal -0.310909 -0.914659 -0.258329
    outer loop
      vertex -30.7538 -14.4474 0.804909
      vertex -30.8753 -14.4061 0.804909
      vertex -30.8624 -14.3748 0.67856
    endloop
  endfacet
  facet normal -0.311119 -0.914642 -0.258138
    outer loop
      vertex -30.7538 -14.4474 0.804909
      vertex -30.8624 -14.3748 0.67856
      vertex -30.7451 -14.4147 0.67856
    endloop
  endfacet
  facet normal -0.18829 -0.947478 -0.25852
    outer loop
      vertex -30.628 -14.4724 0.804909
      vertex -30.7538 -14.4474 0.804909
      vertex -30.6236 -14.4388 0.67856
    endloop
  endfacet
  facet normal -0.187966 -0.94763 -0.258196
    outer loop
      vertex -30.6236 -14.4388 0.67856
      vertex -30.7538 -14.4474 0.804909
      vertex -30.7451 -14.4147 0.67856
    endloop
  endfacet
  facet normal 0.169242 -0.849906 -0.499015
    outer loop
      vertex 30.6171 -14.3892 0.557711
      vertex 30.6085 -14.3244 0.444429
      vertex 30.7321 -14.3663 0.557711
    endloop
  endfacet
  facet normal 0.0604449 -0.922345 -0.38161
    outer loop
      vertex 30.6236 -14.4388 0.67856
      vertex 30.5 -14.4469 0.67856
      vertex 30.5 -14.3969 0.557711
    endloop
  endfacet
  facet normal -0.554942 -0.831265 -0.0322108
    outer loop
      vertex -31 -14.366 1
      vertex -31.1075 -14.2917 0.934596
      vertex -30.9989 -14.3642 0.934596
    endloop
  endfacet
  facet normal -0.550474 -0.824572 -0.130615
    outer loop
      vertex -30.9989 -14.3642 0.934596
      vertex -31.1075 -14.2917 0.934596
      vertex -31.0971 -14.2781 0.804909
    endloop
  endfacet
  facet normal -0.269761 -0.546584 -0.792764
    outer loop
      vertex -30.7523 -14.1092 0.248159
      vertex -30.8297 -14.071 0.248159
      vertex -30.7126 -14.0133 0.16853
    endloop
  endfacet
  facet normal -0.169896 -0.343773 -0.923556
    outer loop
      vertex -30.6693 -13.9086 0.103127
      vertex -30.7211 -13.883 0.103127
      vertex -30.623 -13.797 0.0530691
    endloop
  endfacet
  facet normal -0.119049 -0.597761 -0.792785
    outer loop
      vertex -30.5861 -14.1537 0.248159
      vertex -30.6438 -14.0366 0.16853
      vertex -30.5725 -14.0508 0.16853
    endloop
  endfacet
  facet normal -0.0395608 -0.608248 -0.792761
    outer loop
      vertex -30.5 -14.1593 0.248159
      vertex -30.5861 -14.1537 0.248159
      vertex -30.5725 -14.0508 0.16853
    endloop
  endfacet
  facet normal -0.376109 -0.330645 -0.865572
    outer loop
      vertex -30.8928 -13.8928 0.16853
      vertex -30.9408 -13.8382 0.16853
      vertex -30.8127 -13.8127 0.103127
    endloop
  endfacet
  facet normal -0.330645 -0.376109 -0.865572
    outer loop
      vertex -30.8382 -13.9408 0.16853
      vertex -30.8928 -13.8928 0.16853
      vertex -30.8127 -13.8127 0.103127
    endloop
  endfacet
  facet normal -0.50691 -0.338647 -0.792692
    outer loop
      vertex -31.0231 -13.9014 0.248159
      vertex -31.071 -13.8297 0.248159
      vertex -30.9408 -13.8382 0.16853
    endloop
  endfacet
  facet normal -0.588687 -0.393279 -0.706243
    outer loop
      vertex -31.0231 -13.9014 0.248159
      vertex -31.1511 -13.8759 0.340653
      vertex -31.071 -13.8297 0.248159
    endloop
  endfacet
  facet normal -0.828852 -0.408911 -0.381832
    outer loop
      vertex -31.2767 -13.9484 0.557711
      vertex -31.3748 -13.8624 0.67856
      vertex -31.3286 -13.8432 0.557711
    endloop
  endfacet
  facet normal -0.720448 -0.481626 -0.49899
    outer loop
      vertex -31.1596 -14.0062 0.444429
      vertex -31.2767 -13.9484 0.557711
      vertex -31.2201 -13.9157 0.444429
    endloop
  endfacet
  facet normal -0.0748222 -0.376097 -0.923554
    outer loop
      vertex -30.5577 -13.9385 0.103127
      vertex -30.6145 -13.9272 0.103127
      vertex -30.542 -13.8187 0.0530691
    endloop
  endfacet
  facet normal -0.0251977 -0.382606 -0.923568
    outer loop
      vertex -30.5 -13.9423 0.103127
      vertex -30.5577 -13.9385 0.103127
      vertex -30.542 -13.8187 0.0530691
    endloop
  endfacet
  facet normal -0.0978254 -0.491194 -0.86554
    outer loop
      vertex -30.5725 -14.0508 0.16853
      vertex -30.6438 -14.0366 0.16853
      vertex -30.5577 -13.9385 0.103127
    endloop
  endfacet
  facet normal -0.0329125 -0.499751 -0.865544
    outer loop
      vertex -30.5 -13.9423 0.103127
      vertex -30.5725 -14.0508 0.16853
      vertex -30.5577 -13.9385 0.103127
    endloop
  endfacet
  facet normal -0.499938 0 -0.866061
    outer loop
      vertex -31.0556 -13.5 0.16853
      vertex -30.9423 13.5 0.103127
      vertex -30.9423 -13.5 0.103127
    endloop
  endfacet
  facet normal -0.499938 0 -0.866061
    outer loop
      vertex -30.9423 13.5 0.103127
      vertex -31.0556 -13.5 0.16853
      vertex -31.0556 13.5 0.16853
    endloop
  endfacet
  facet normal -0.499751 -0.0329125 -0.865544
    outer loop
      vertex -30.9385 -13.5577 0.103127
      vertex -31.0508 -13.5725 0.16853
      vertex -30.9423 -13.5 0.103127
    endloop
  endfacet
  facet normal -0.376097 -0.0748222 -0.923554
    outer loop
      vertex -30.9272 -13.6145 0.103127
      vertex -30.9385 -13.5577 0.103127
      vertex -30.8187 -13.542 0.0530691
    endloop
  endfacet
  facet normal -0.382606 0.0251977 -0.923568
    outer loop
      vertex -30.8187 13.542 0.0530691
      vertex -30.9423 13.5 0.103127
      vertex -30.9385 13.5577 0.103127
    endloop
  endfacet
  facet normal -0.777178 0.383417 -0.498985
    outer loop
      vertex -31.2201 13.9157 0.444429
      vertex -31.3286 13.8432 0.557711
      vertex -31.2767 13.9484 0.557711
    endloop
  endfacet
  facet normal -0.343773 0.169896 -0.923556
    outer loop
      vertex -30.797 13.623 0.0530691
      vertex -30.9086 13.6693 0.103127
      vertex -30.883 13.7211 0.103127
    endloop
  endfacet
  facet normal -0.123929 0.0419923 -0.991402
    outer loop
      vertex -30.5632 13.5169 0.002141
      vertex -30.6884 13.5505 0.0192146
      vertex -30.6802 13.5747 0.0192146
    endloop
  endfacet
  facet normal -0.596704 0.524033 -0.607728
    outer loop
      vertex -31.0965 13.9577 0.340653
      vertex -31.1596 14.0062 0.444429
      vertex -31.0316 14.0316 0.340653
    endloop
  endfacet
  facet normal -0.778674 0.155443 -0.607869
    outer loop
      vertex -31.2262 13.6946 0.340653
      vertex -31.3244 13.6085 0.444429
      vertex -31.3031 13.7152 0.444429
    endloop
  endfacet
  facet normal -0.160664 0.474407 -0.86552
    outer loop
      vertex -30.6145 13.9272 0.103127
      vertex -30.7126 14.0133 0.16853
      vertex -30.6438 14.0366 0.16853
    endloop
  endfacet
  facet normal -0.694498 0.137915 -0.706153
    outer loop
      vertex -31.1537 13.5861 0.248159
      vertex -31.2262 13.6946 0.340653
      vertex -31.1369 13.6707 0.248159
    endloop
  endfacet
  facet normal -0.119049 0.597761 -0.792785
    outer loop
      vertex -30.5725 14.0508 0.16853
      vertex -30.6438 14.0366 0.16853
      vertex -30.5861 14.1537 0.248159
    endloop
  endfacet
  facet normal -0.253036 0.288143 -0.923551
    outer loop
      vertex -30.6957 13.755 0.0530691
      vertex -30.8127 13.8127 0.103127
      vertex -30.7692 13.8509 0.103127
    endloop
  endfacet
  facet normal -0.0419923 -0.123929 -0.991402
    outer loop
      vertex -30.5505 -13.6884 0.0192146
      vertex -30.5747 -13.6802 0.0192146
      vertex -30.5169 -13.5632 0.002141
    endloop
  endfacet
  facet normal 0.0419923 -0.123929 -0.991402
    outer loop
      vertex 30.5505 -13.6884 0.0192146
      vertex 30.5169 -13.5632 0.002141
      vertex 30.5747 -13.6802 0.0192146
    endloop
  endfacet
  facet normal 0.00920533 0.130409 -0.991418
    outer loop
      vertex 30.5085 13.5648 0.002141
      vertex 30.5 13.5654 0.002141
      vertex 30.5255 13.6934 0.0192146
    endloop
  endfacet
  facet normal -0.0576505 -0.11736 -0.991415
    outer loop
      vertex -30.5747 -13.6802 0.0192146
      vertex -30.5975 -13.669 0.0192146
      vertex -30.5327 -13.5566 0.002141
    endloop
  endfacet
  facet normal 0.215859 0.143906 -0.965762
    outer loop
      vertex 30.669 13.5975 0.0192146
      vertex 30.6548 13.6188 0.0192146
      vertex 30.755 13.6957 0.0530691
    endloop
  endfacet
  facet normal -0.0578793 -0.117282 -0.991411
    outer loop
      vertex -30.525 -13.5604 0.002141
      vertex -30.5747 -13.6802 0.0192146
      vertex -30.5327 -13.5566 0.002141
    endloop
  endfacet
  facet normal 0.0395608 0.608248 -0.792761
    outer loop
      vertex 30.5725 14.0508 0.16853
      vertex 30.5 14.1593 0.248159
      vertex 30.5861 14.1537 0.248159
    endloop
  endfacet
  facet normal 0.0748222 0.376097 -0.923554
    outer loop
      vertex 30.6145 13.9272 0.103127
      vertex 30.542 13.8187 0.0530691
      vertex 30.5577 13.9385 0.103127
    endloop
  endfacet
  facet normal 0.169896 0.343773 -0.923556
    outer loop
      vertex 30.7211 13.883 0.103127
      vertex 30.623 13.797 0.0530691
      vertex 30.6693 13.9086 0.103127
    endloop
  endfacet
  facet normal 0.0977327 0.491258 -0.865514
    outer loop
      vertex 30.6145 13.9272 0.103127
      vertex 30.5577 13.9385 0.103127
      vertex 30.6438 14.0366 0.16853
    endloop
  endfacet
  facet normal 0.0831981 0.245536 -0.965811
    outer loop
      vertex 30.5747 13.6802 0.0192146
      vertex 30.5505 13.6884 0.0192146
      vertex 30.623 13.797 0.0530691
    endloop
  endfacet
  facet normal 0.12317 0.363123 -0.923564
    outer loop
      vertex 30.623 13.797 0.0530691
      vertex 30.5832 13.8105 0.0530691
      vertex 30.6145 13.9272 0.103127
    endloop
  endfacet
  facet normal 0.171948 0.194332 -0.965748
    outer loop
      vertex 30.6379 13.6379 0.0192146
      vertex 30.6188 13.6548 0.0192146
      vertex 30.6957 13.755 0.0530691
    endloop
  endfacet
  facet normal 0.319026 0.212905 -0.923522
    outer loop
      vertex 30.883 13.7211 0.103127
      vertex 30.7784 13.6607 0.0530691
      vertex 30.8509 13.7692 0.103127
    endloop
  endfacet
  facet normal 0.227604 0.670488 -0.706146
    outer loop
      vertex 30.7523 14.1092 0.248159
      vertex 30.6707 14.1369 0.248159
      vertex 30.6946 14.2262 0.340653
    endloop
  endfacet
  facet normal 0.278105 0.820769 -0.498994
    outer loop
      vertex 30.8182 14.2682 0.444429
      vertex 30.7152 14.3031 0.444429
      vertex 30.8432 14.3286 0.557711
    endloop
  endfacet
  facet normal 0.155443 0.778674 -0.607869
    outer loop
      vertex 30.6946 14.2262 0.340653
      vertex 30.6085 14.3244 0.444429
      vertex 30.7152 14.3031 0.444429
    endloop
  endfacet
  facet normal 0.0516772 0.792115 -0.60818
    outer loop
      vertex 30.5981 14.2454 0.340653
      vertex 30.5 14.2518 0.340653
      vertex 30.6085 14.3244 0.444429
    endloop
  endfacet
  facet normal 0.143906 0.215859 -0.965762
    outer loop
      vertex 30.6188 13.6548 0.0192146
      vertex 30.5975 13.669 0.0192146
      vertex 30.6957 13.755 0.0530691
    endloop
  endfacet
  facet normal 0.253036 0.288143 -0.923551
    outer loop
      vertex 30.8127 13.8127 0.103127
      vertex 30.6957 13.755 0.0530691
      vertex 30.7692 13.8509 0.103127
    endloop
  endfacet
  facet normal 0.255149 0.751721 -0.608124
    outer loop
      vertex 30.7877 14.1946 0.340653
      vertex 30.6946 14.2262 0.340653
      vertex 30.8182 14.2682 0.444429
    endloop
  endfacet
  facet normal 0.467063 0.53191 -0.706346
    outer loop
      vertex 30.9662 13.9662 0.248159
      vertex 30.9014 14.0231 0.248159
      vertex 31.0316 14.0316 0.340653
    endloop
  endfacet
  facet normal -0.972496 -0.193262 -0.130008
    outer loop
      vertex -31.4474 -13.7538 0.804909
      vertex -31.4893 -13.6302 0.934596
      vertex -31.4724 -13.628 0.804909
    endloop
  endfacet
  facet normal -0.947478 -0.18829 -0.25852
    outer loop
      vertex -31.4474 -13.7538 0.804909
      vertex -31.4724 -13.628 0.804909
      vertex -31.4388 -13.6236 0.67856
    endloop
  endfacet
  facet normal -0.670016 -0.228148 0.706418
    outer loop
      vertex -31.0796 -13.6553 17
      vertex -31.4239 -13.8827 16.6
      vertex -31.0543 -13.7296 17
    endloop
  endfacet
  facet normal -0.670448 -0.227271 0.706291
    outer loop
      vertex -31.0796 -13.6553 17
      vertex -31.4659 -13.7588 16.6
      vertex -31.4239 -13.8827 16.6
    endloop
  endfacet
  facet normal -0.745148 -0.653998 -0.130542
    outer loop
      vertex -31.2056 -14.2056 0.934596
      vertex -31.2917 -14.1075 0.934596
      vertex -31.1935 -14.1935 0.804909
    endloop
  endfacet
  facet normal -0.751186 -0.659298 -0.0323486
    outer loop
      vertex -31.2071 -14.2071 1
      vertex -31.2917 -14.1075 0.934596
      vertex -31.2056 -14.2056 0.934596
    endloop
  endfacet
  facet normal -0.9387 -0.319081 -0.130502
    outer loop
      vertex -31.4061 -13.8753 0.804909
      vertex -31.4639 -13.7583 0.934596
      vertex -31.4474 -13.7538 0.804909
    endloop
  endfacet
  facet normal -0.989382 -0.0649282 -0.130031
    outer loop
      vertex -31.4724 -13.628 0.804909
      vertex -31.4893 -13.6302 0.934596
      vertex -31.4808 -13.5 0.804909
    endloop
  endfacet
  facet normal -0.792115 -0.0516772 -0.60818
    outer loop
      vertex -31.2454 -13.5981 0.340653
      vertex -31.3244 -13.6085 0.444429
      vertex -31.2518 -13.5 0.340653
    endloop
  endfacet
  facet normal -0.706398 -0.0460851 -0.706313
    outer loop
      vertex -31.2454 -13.5981 0.340653
      vertex -31.2518 -13.5 0.340653
      vertex -31.1537 -13.5861 0.248159
    endloop
  endfacet
  facet normal -0.924034 0 -0.382309
    outer loop
      vertex -31.3969 -13.5 0.557711
      vertex -31.4469 13.5 0.67856
      vertex -31.3969 13.5 0.557711
    endloop
  endfacet
  facet normal -0.924034 -0 -0.382309
    outer loop
      vertex -31.4469 13.5 0.67856
      vertex -31.3969 -13.5 0.557711
      vertex -31.4469 -13.5 0.67856
    endloop
  endfacet
  facet normal -0.92226 0.0606439 -0.381784
    outer loop
      vertex -31.3969 13.5 0.557711
      vertex -31.4388 13.6236 0.67856
      vertex -31.3892 13.6171 0.557711
    endloop
  endfacet
  facet normal -0.609135 0.694981 -0.382042
    outer loop
      vertex -31.046 14.2115 0.557711
      vertex -31.1696 14.1696 0.67856
      vertex -31.0765 14.2512 0.67856
    endloop
  endfacet
  facet normal -0.653959 0.745174 -0.130588
    outer loop
      vertex -31.0971 14.2781 0.804909
      vertex -31.1935 14.1935 0.804909
      vertex -31.1075 14.2917 0.934596
    endloop
  endfacet
  facet normal 0.192835 -0.972525 -0.130425
    outer loop
      vertex 30.7583 -14.4639 0.934596
      vertex 30.6302 -14.4893 0.934596
      vertex 30.7538 -14.4474 0.804909
    endloop
  endfacet
  facet normal 0.0631704 -0.963933 -0.258539
    outer loop
      vertex 30.628 -14.4724 0.804909
      vertex 30.5 -14.4469 0.67856
      vertex 30.6236 -14.4388 0.67856
    endloop
  endfacet
  facet normal 0 -0.96584 -0.259139
    outer loop
      vertex -30.5 -14.4469 0.67856
      vertex 30.5 -14.4808 0.804909
      vertex -30.5 -14.4808 0.804909
    endloop
  endfacet
  facet normal 0 -0.96584 -0.259139
    outer loop
      vertex 30.5 -14.4808 0.804909
      vertex -30.5 -14.4469 0.67856
      vertex 30.5 -14.4469 0.67856
    endloop
  endfacet
  facet normal -0.0657234 0.997314 -0.0323234
    outer loop
      vertex -30.6302 14.4893 0.934596
      vertex -30.6305 14.4914 1
      vertex -30.5 14.5 1
    endloop
  endfacet
  facet normal -0.0631704 0.963933 -0.258539
    outer loop
      vertex -30.6236 14.4388 0.67856
      vertex -30.628 14.4724 0.804909
      vertex -30.5 14.4469 0.67856
    endloop
  endfacet
  facet normal 0.12325 0.363124 -0.923553
    outer loop
      vertex 30.623 13.797 0.0530691
      vertex 30.6145 13.9272 0.103127
      vertex 30.6693 13.9086 0.103127
    endloop
  endfacet
  facet normal 0.269761 0.546584 -0.792764
    outer loop
      vertex 30.8297 14.071 0.248159
      vertex 30.7126 14.0133 0.16853
      vertex 30.7523 14.1092 0.248159
    endloop
  endfacet
  facet normal -0.0329125 0.499751 -0.865544
    outer loop
      vertex -30.5577 13.9385 0.103127
      vertex -30.5725 14.0508 0.16853
      vertex -30.5 13.9423 0.103127
    endloop
  endfacet
  facet normal -0.221721 0.44895 -0.865612
    outer loop
      vertex -30.7211 13.883 0.103127
      vertex -30.7778 13.9811 0.16853
      vertex -30.7126 14.0133 0.16853
    endloop
  endfacet
  facet normal -0.426727 0.866716 -0.258277
    outer loop
      vertex -30.8624 14.3748 0.67856
      vertex -30.9735 14.3201 0.67856
      vertex -30.8753 14.4061 0.804909
    endloop
  endfacet
  facet normal -0.383408 0.777178 -0.498992
    outer loop
      vertex -30.8182 14.2682 0.444429
      vertex -30.9157 14.2201 0.444429
      vertex -30.8432 14.3286 0.557711
    endloop
  endfacet
  facet normal -0.155443 0.778674 -0.607869
    outer loop
      vertex -30.6946 14.2262 0.340653
      vertex -30.7152 14.3031 0.444429
      vertex -30.6085 14.3244 0.444429
    endloop
  endfacet
  facet normal -0.18829 0.947478 -0.25852
    outer loop
      vertex -30.6236 14.4388 0.67856
      vertex -30.7538 14.4474 0.804909
      vertex -30.628 14.4724 0.804909
    endloop
  endfacet
  facet normal -0.989382 0.0649282 -0.130031
    outer loop
      vertex -31.4808 13.5 0.804909
      vertex -31.4893 13.6302 0.934596
      vertex -31.4724 13.628 0.804909
    endloop
  endfacet
  facet normal -0.972496 0.193262 -0.130008
    outer loop
      vertex -31.4724 13.628 0.804909
      vertex -31.4893 13.6302 0.934596
      vertex -31.4474 13.7538 0.804909
    endloop
  endfacet
  facet normal -0.999485 0 -0.0320916
    outer loop
      vertex -31.4979 -13.5 0.934596
      vertex -31.5 13.5 1
      vertex -31.4979 13.5 0.934596
    endloop
  endfacet
  facet normal -0.999485 -0 -0.0320916
    outer loop
      vertex -31.5 13.5 1
      vertex -31.4979 -13.5 0.934596
      vertex -31.5 -13.5 1
    endloop
  endfacet
  facet normal -0.831372 0.554757 -0.0326359
    outer loop
      vertex -31.2917 14.1075 0.934596
      vertex -31.366 14 1
      vertex -31.2934 14.1088 1
    endloop
  endfacet
  facet normal -0.751086 0.659397 -0.0326289
    outer loop
      vertex -31.2917 14.1075 0.934596
      vertex -31.2934 14.1088 1
      vertex -31.2071 14.2071 1
    endloop
  endfacet
  facet normal -0.96584 0 -0.259139
    outer loop
      vertex -31.4469 -13.5 0.67856
      vertex -31.4808 13.5 0.804909
      vertex -31.4469 13.5 0.67856
    endloop
  endfacet
  facet normal -0.96584 -0 -0.259139
    outer loop
      vertex -31.4808 13.5 0.804909
      vertex -31.4469 -13.5 0.67856
      vertex -31.4808 -13.5 0.804909
    endloop
  endfacet
  facet normal -0.963933 0.0631704 -0.258539
    outer loop
      vertex -31.4469 13.5 0.67856
      vertex -31.4724 13.628 0.804909
      vertex -31.4388 13.6236 0.67856
    endloop
  endfacet
  facet normal -0.849651 0.169612 -0.499324
    outer loop
      vertex -31.3244 13.6085 0.444429
      vertex -31.3663 13.7321 0.557711
      vertex -31.3031 13.7152 0.444429
    endloop
  endfacet
  facet normal -0.94763 0.187966 -0.258196
    outer loop
      vertex -31.4388 13.6236 0.67856
      vertex -31.4474 13.7538 0.804909
      vertex -31.4147 13.7451 0.67856
    endloop
  endfacet
  facet normal -0.820486 0.278419 -0.499285
    outer loop
      vertex -31.3031 13.7152 0.444429
      vertex -31.3663 13.7321 0.557711
      vertex -31.3286 13.8432 0.557711
    endloop
  endfacet
  facet normal -0.792115 0.0516772 -0.60818
    outer loop
      vertex -31.2518 13.5 0.340653
      vertex -31.3244 13.6085 0.444429
      vertex -31.2454 13.5981 0.340653
    endloop
  endfacet
  facet normal -0.914659 0.310909 -0.258329
    outer loop
      vertex -31.3748 13.8624 0.67856
      vertex -31.4474 13.7538 0.804909
      vertex -31.4061 13.8753 0.804909
    endloop
  endfacet
  facet normal -0.866716 0.426727 -0.258277
    outer loop
      vertex -31.3748 13.8624 0.67856
      vertex -31.4061 13.8753 0.804909
      vertex -31.3201 13.9735 0.67856
    endloop
  endfacet
  facet normal 0.52374 0.596786 -0.607901
    outer loop
      vertex 31.0316 14.0316 0.340653
      vertex 31.0062 14.1596 0.444429
      vertex 31.0879 14.0879 0.444429
    endloop
  endfacet
  facet normal 0.43851 0.88918 -0.130647
    outer loop
      vertex 30.9989 14.3642 0.934596
      vertex 30.8753 14.4061 0.804909
      vertex 30.8819 14.4219 0.934596
    endloop
  endfacet
  facet normal 0.555053 0.831815 -0
    outer loop
      vertex 31.1088 14.2934 1
      vertex 31 14.366 16.6
      vertex 31.1088 14.2934 16.6
    endloop
  endfacet
  facet normal 0.555053 0.831815 0
    outer loop
      vertex 31 14.366 16.6
      vertex 31.1088 14.2934 1
      vertex 31 14.366 1
    endloop
  endfacet
  facet normal 0.831372 0.554757 -0.0326359
    outer loop
      vertex 31.366 14 1
      vertex 31.2917 14.1075 0.934596
      vertex 31.2934 14.1088 1
    endloop
  endfacet
  facet normal 0.777178 0.383408 -0.498992
    outer loop
      vertex 31.2682 13.8182 0.444429
      vertex 31.2201 13.9157 0.444429
      vertex 31.3286 13.8432 0.557711
    endloop
  endfacet
  facet normal 0.19494 0.980815 -0
    outer loop
      vertex 30.7588 14.4659 1
      vertex 30.6305 14.4914 16.6
      vertex 30.7588 14.4659 16.6
    endloop
  endfacet
  facet normal 0.19494 0.980815 0
    outer loop
      vertex 30.6305 14.4914 16.6
      vertex 30.7588 14.4659 1
      vertex 30.6305 14.4914 1
    endloop
  endfacet
  facet normal 0.0632563 0.963906 -0.25862
    outer loop
      vertex 30.628 14.4724 0.804909
      vertex 30.5 14.4469 0.67856
      vertex 30.5 14.4808 0.804909
    endloop
  endfacet
  facet normal 0.194838 0.980301 -0.0323693
    outer loop
      vertex 30.7588 14.4659 1
      vertex 30.6302 14.4893 0.934596
      vertex 30.6305 14.4914 1
    endloop
  endfacet
  facet normal 0.426727 0.866716 -0.258277
    outer loop
      vertex 30.9735 14.3201 0.67856
      vertex 30.8624 14.3748 0.67856
      vertex 30.8753 14.4061 0.804909
    endloop
  endfacet
  facet normal 0.311119 0.914642 -0.258138
    outer loop
      vertex 30.8624 14.3748 0.67856
      vertex 30.7451 14.4147 0.67856
      vertex 30.7538 14.4474 0.804909
    endloop
  endfacet
  facet normal 0.179781 0.906364 -0.382338
    outer loop
      vertex 30.7321 14.3663 0.557711
      vertex 30.6236 14.4388 0.67856
      vertex 30.7451 14.4147 0.67856
    endloop
  endfacet
  facet normal 0.310909 0.914659 -0.258329
    outer loop
      vertex 30.8624 14.3748 0.67856
      vertex 30.7538 14.4474 0.804909
      vertex 30.8753 14.4061 0.804909
    endloop
  endfacet
  facet normal 0.864649 -0.0565807 -0.49918
    outer loop
      vertex 31.3969 -13.5 0.557711
      vertex 31.3244 -13.6085 0.444429
      vertex 31.3315 -13.5 0.444429
    endloop
  endfacet
  facet normal 0.864749 -0.0568623 -0.498974
    outer loop
      vertex 31.3892 -13.6171 0.557711
      vertex 31.3244 -13.6085 0.444429
      vertex 31.3969 -13.5 0.557711
    endloop
  endfacet
  facet normal 0.792029 0.0518287 -0.608279
    outer loop
      vertex 31.3315 13.5 0.444429
      vertex 31.2518 13.5 0.340653
      vertex 31.3244 13.6085 0.444429
    endloop
  endfacet
  facet normal 0.864649 0.0565807 -0.49918
    outer loop
      vertex 31.3315 13.5 0.444429
      vertex 31.3244 13.6085 0.444429
      vertex 31.3969 13.5 0.557711
    endloop
  endfacet
  facet normal 0.864749 0.0568623 -0.498974
    outer loop
      vertex 31.3969 13.5 0.557711
      vertex 31.3244 13.6085 0.444429
      vertex 31.3892 13.6171 0.557711
    endloop
  endfacet
  facet normal 0.0329125 -0.499751 -0.865544
    outer loop
      vertex 30.5725 -14.0508 0.16853
      vertex 30.5 -13.9423 0.103127
      vertex 30.5577 -13.9385 0.103127
    endloop
  endfacet
  facet normal 0.0748222 -0.376097 -0.923554
    outer loop
      vertex 30.5577 -13.9385 0.103127
      vertex 30.542 -13.8187 0.0530691
      vertex 30.6145 -13.9272 0.103127
    endloop
  endfacet
  facet normal 0.050601 -0.254239 -0.965817
    outer loop
      vertex 30.5832 -13.8105 0.0530691
      vertex 30.542 -13.8187 0.0530691
      vertex 30.5505 -13.6884 0.0192146
    endloop
  endfacet
  facet normal 0.0244994 -0.128622 -0.991391
    outer loop
      vertex 30.5505 -13.6884 0.0192146
      vertex 30.5085 -13.5648 0.002141
      vertex 30.5169 -13.5632 0.002141
    endloop
  endfacet
  facet normal 0.609037 0 -0.793142
    outer loop
      vertex 31.0556 -13.5 0.16853
      vertex 31.1593 13.5 0.248159
      vertex 31.1593 -13.5 0.248159
    endloop
  endfacet
  facet normal 0.609037 0 -0.793142
    outer loop
      vertex 31.1593 13.5 0.248159
      vertex 31.0556 -13.5 0.16853
      vertex 31.0556 13.5 0.16853
    endloop
  endfacet
  facet normal 0.706337 0.0459406 -0.706383
    outer loop
      vertex 31.1593 13.5 0.248159
      vertex 31.1537 13.5861 0.248159
      vertex 31.2518 13.5 0.340653
    endloop
  endfacet
  facet normal 0.792115 0.0516772 -0.60818
    outer loop
      vertex 31.2518 13.5 0.340653
      vertex 31.2454 13.5981 0.340653
      vertex 31.3244 13.6085 0.444429
    endloop
  endfacet
  facet normal 0.588687 -0.393279 -0.706243
    outer loop
      vertex 31.1511 -13.8759 0.340653
      vertex 31.0231 -13.9014 0.248159
      vertex 31.071 -13.8297 0.248159
    endloop
  endfacet
  facet normal 0.393279 -0.588687 -0.706243
    outer loop
      vertex 30.8759 -14.1511 0.340653
      vertex 30.8297 -14.071 0.248159
      vertex 30.9014 -14.0231 0.248159
    endloop
  endfacet
  facet normal 0.170846 -0.1949 -0.965829
    outer loop
      vertex 30.6957 -13.755 0.0530691
      vertex 30.6379 -13.6379 0.0192146
      vertex 30.7273 -13.7273 0.0530691
    endloop
  endfacet
  facet normal 0.546445 -0.26987 -0.792823
    outer loop
      vertex 31.071 -13.8297 0.248159
      vertex 30.9811 -13.7778 0.16853
      vertex 31.0133 -13.7126 0.16853
    endloop
  endfacet
  facet normal 0.402236 -0.458083 -0.792695
    outer loop
      vertex 30.9014 -14.0231 0.248159
      vertex 30.8382 -13.9408 0.16853
      vertex 30.9662 -13.9662 0.248159
    endloop
  endfacet
  facet normal 0.866671 -0.426935 -0.258084
    outer loop
      vertex 31.3494 -13.9904 0.804909
      vertex 31.3201 -13.9735 0.67856
      vertex 31.4061 -13.8753 0.804909
    endloop
  endfacet
  facet normal 0.448943 -0.221871 -0.865577
    outer loop
      vertex 31.0133 -13.7126 0.16853
      vertex 30.883 -13.7211 0.103127
      vertex 30.9086 -13.6693 0.103127
    endloop
  endfacet
  facet normal 0.546584 -0.269761 -0.792764
    outer loop
      vertex 31.071 -13.8297 0.248159
      vertex 31.0133 -13.7126 0.16853
      vertex 31.1092 -13.7523 0.248159
    endloop
  endfacet
  facet normal 0.660004 -0.441218 -0.608047
    outer loop
      vertex 31.1596 -14.0062 0.444429
      vertex 31.1511 -13.8759 0.340653
      vertex 31.2201 -13.9157 0.444429
    endloop
  endfacet
  facet normal 0.536778 -0.803284 -0.258077
    outer loop
      vertex 30.9904 -14.3494 0.804909
      vertex 30.9735 -14.3201 0.67856
      vertex 31.0971 -14.2781 0.804909
    endloop
  endfacet
  facet normal 0.608248 -0.0395608 -0.792761
    outer loop
      vertex 31.1537 -13.5861 0.248159
      vertex 31.0508 -13.5725 0.16853
      vertex 31.1593 -13.5 0.248159
    endloop
  endfacet
  facet normal 0.706337 -0.0459406 -0.706383
    outer loop
      vertex 31.2518 -13.5 0.340653
      vertex 31.1537 -13.5861 0.248159
      vertex 31.1593 -13.5 0.248159
    endloop
  endfacet
  facet normal 0.69432 -0.138145 -0.706283
    outer loop
      vertex 31.2262 -13.6946 0.340653
      vertex 31.1537 -13.5861 0.248159
      vertex 31.2454 -13.5981 0.340653
    endloop
  endfacet
  facet normal 0.706398 -0.0460851 -0.706313
    outer loop
      vertex 31.2454 -13.5981 0.340653
      vertex 31.1537 -13.5861 0.248159
      vertex 31.2518 -13.5 0.340653
    endloop
  endfacet
  facet normal -0.363124 0.12325 -0.923553
    outer loop
      vertex -30.797 13.623 0.0530691
      vertex -30.9272 13.6145 0.103127
      vertex -30.9086 13.6693 0.103127
    endloop
  endfacet
  facet normal -0.0576505 0.11736 -0.991415
    outer loop
      vertex -30.5327 13.5566 0.002141
      vertex -30.5975 13.669 0.0192146
      vertex -30.5747 13.6802 0.0192146
    endloop
  endfacet
  facet normal -0.254251 0.0508502 -0.965801
    outer loop
      vertex -30.6934 13.5255 0.0192146
      vertex -30.8187 13.542 0.0530691
      vertex -30.6884 13.5505 0.0192146
    endloop
  endfacet
  facet normal -0.212905 0.319026 -0.923522
    outer loop
      vertex -30.6607 13.7784 0.0530691
      vertex -30.7692 13.8509 0.103127
      vertex -30.7211 13.883 0.103127
    endloop
  endfacet
  facet normal 0.114297 -0.232676 -0.965815
    outer loop
      vertex 30.623 -13.797 0.0530691
      vertex 30.5747 -13.6802 0.0192146
      vertex 30.5975 -13.669 0.0192146
    endloop
  endfacet
  facet normal -0.0870111 0.0976966 -0.991405
    outer loop
      vertex -30.5462 13.5462 0.002141
      vertex -30.6188 13.6548 0.0192146
      vertex -30.5398 13.5519 0.002141
    endloop
  endfacet
  facet normal -0.117282 0.0578793 -0.991411
    outer loop
      vertex -30.5604 13.525 0.002141
      vertex -30.6802 13.5747 0.0192146
      vertex -30.5566 13.5327 0.002141
    endloop
  endfacet
  facet normal 0.0244994 0.128622 -0.991391
    outer loop
      vertex 30.5169 13.5632 0.002141
      vertex 30.5085 13.5648 0.002141
      vertex 30.5505 13.6884 0.0192146
    endloop
  endfacet
  facet normal -0.212905 -0.319026 -0.923522
    outer loop
      vertex -30.7211 -13.883 0.103127
      vertex -30.7692 -13.8509 0.103127
      vertex -30.6607 -13.7784 0.0530691
    endloop
  endfacet
  facet normal -0.213109 -0.318753 -0.92357
    outer loop
      vertex -30.6607 -13.7784 0.0530691
      vertex -30.7692 -13.8509 0.103127
      vertex -30.6957 -13.755 0.0530691
    endloop
  endfacet
  facet normal -0.0831981 -0.245536 -0.965811
    outer loop
      vertex -30.5505 -13.6884 0.0192146
      vertex -30.623 -13.797 0.0530691
      vertex -30.5747 -13.6802 0.0192146
    endloop
  endfacet
  facet normal -0.114297 -0.232676 -0.965815
    outer loop
      vertex -30.5747 -13.6802 0.0192146
      vertex -30.623 -13.797 0.0530691
      vertex -30.5975 -13.669 0.0192146
    endloop
  endfacet
  facet normal -0.0832692 -0.24549 -0.965816
    outer loop
      vertex -30.5832 -13.8105 0.0530691
      vertex -30.623 -13.797 0.0530691
      vertex -30.5505 -13.6884 0.0192146
    endloop
  endfacet
  facet normal -0.050601 -0.254239 -0.965817
    outer loop
      vertex -30.542 -13.8187 0.0530691
      vertex -30.5832 -13.8105 0.0530691
      vertex -30.5505 -13.6884 0.0192146
    endloop
  endfacet
  facet normal -0.109068 -0.0722 -0.991409
    outer loop
      vertex -30.5519 -13.5398 0.002141
      vertex -30.6548 -13.6188 0.0192146
      vertex -30.5566 -13.5327 0.002141
    endloop
  endfacet
  facet normal -0.128622 0.0244994 -0.991391
    outer loop
      vertex -30.5648 13.5085 0.002141
      vertex -30.6884 13.5505 0.0192146
      vertex -30.5632 13.5169 0.002141
    endloop
  endfacet
  facet normal -0.171948 -0.194332 -0.965748
    outer loop
      vertex -30.6188 -13.6548 0.0192146
      vertex -30.6957 -13.755 0.0530691
      vertex -30.6379 -13.6379 0.0192146
    endloop
  endfacet
  facet normal 0.0722 -0.109068 -0.991409
    outer loop
      vertex 30.6188 -13.6548 0.0192146
      vertex 30.5327 -13.5566 0.002141
      vertex 30.5398 -13.5519 0.002141
    endloop
  endfacet
  facet normal -0.245536 -0.0831981 -0.965811
    outer loop
      vertex -30.6802 -13.5747 0.0192146
      vertex -30.797 -13.623 0.0530691
      vertex -30.6884 -13.5505 0.0192146
    endloop
  endfacet
  facet normal -0.258873 -0.0166418 -0.965768
    outer loop
      vertex -30.8187 -13.542 0.0530691
      vertex -30.8214 -13.5 0.0530691
      vertex -30.6951 -13.5 0.0192146
    endloop
  endfacet
  facet normal -0.0866552 -0.0979357 -0.991413
    outer loop
      vertex -30.6188 -13.6548 0.0192146
      vertex -30.6379 -13.6379 0.0192146
      vertex -30.5462 -13.5462 0.002141
    endloop
  endfacet
  facet normal -0.194332 -0.171948 -0.965748
    outer loop
      vertex -30.6379 -13.6379 0.0192146
      vertex -30.755 -13.6957 0.0530691
      vertex -30.6548 -13.6188 0.0192146
    endloop
  endfacet
  facet normal -0.288459 -0.252858 -0.923501
    outer loop
      vertex -30.7273 -13.7273 0.0530691
      vertex -30.8127 -13.8127 0.103127
      vertex -30.755 -13.6957 0.0530691
    endloop
  endfacet
  facet normal -0.343773 -0.169896 -0.923556
    outer loop
      vertex -30.883 -13.7211 0.103127
      vertex -30.9086 -13.6693 0.103127
      vertex -30.797 -13.623 0.0530691
    endloop
  endfacet
  facet normal -0.44895 -0.221721 -0.865612
    outer loop
      vertex -30.9811 -13.7778 0.16853
      vertex -31.0133 -13.7126 0.16853
      vertex -30.883 -13.7211 0.103127
    endloop
  endfacet
  facet normal 0.53191 0.467063 -0.706346
    outer loop
      vertex 31.0231 13.9014 0.248159
      vertex 30.9662 13.9662 0.248159
      vertex 31.0316 14.0316 0.340653
    endloop
  endfacet
  facet normal 0.50691 0.338647 -0.792692
    outer loop
      vertex 31.071 13.8297 0.248159
      vertex 30.9408 13.8382 0.16853
      vertex 31.0231 13.9014 0.248159
    endloop
  endfacet
  facet normal 0.458083 0.402236 -0.792695
    outer loop
      vertex 31.0231 13.9014 0.248159
      vertex 30.9408 13.8382 0.16853
      vertex 30.9662 13.9662 0.248159
    endloop
  endfacet
  facet normal 0.3762 0.330364 -0.86564
    outer loop
      vertex 30.8509 13.7692 0.103127
      vertex 30.8127 13.8127 0.103127
      vertex 30.9408 13.8382 0.16853
    endloop
  endfacet
  facet normal 0.474407 0.160664 -0.86552
    outer loop
      vertex 31.0366 13.6438 0.16853
      vertex 30.9272 13.6145 0.103127
      vertex 31.0133 13.7126 0.16853
    endloop
  endfacet
  facet normal 0.376109 0.330645 -0.865572
    outer loop
      vertex 30.9408 13.8382 0.16853
      vertex 30.8127 13.8127 0.103127
      vertex 30.8928 13.8928 0.16853
    endloop
  endfacet
  facet normal 0.37608 0.0748509 -0.923559
    outer loop
      vertex 30.8187 13.542 0.0530691
      vertex 30.8105 13.5832 0.0530691
      vertex 30.9272 13.6145 0.103127
    endloop
  endfacet
  facet normal -0.0722 0.109068 -0.991409
    outer loop
      vertex -30.5398 13.5519 0.002141
      vertex -30.6188 13.6548 0.0192146
      vertex -30.5327 13.5566 0.002141
    endloop
  endfacet
  facet normal -0.232676 -0.114297 -0.965815
    outer loop
      vertex -30.669 -13.5975 0.0192146
      vertex -30.797 -13.623 0.0530691
      vertex -30.6802 -13.5747 0.0192146
    endloop
  endfacet
  facet normal -0.0256469 -0.128235 -0.991412
    outer loop
      vertex -30.5255 -13.6934 0.0192146
      vertex -30.5505 -13.6884 0.0192146
      vertex -30.5085 -13.5648 0.002141
    endloop
  endfacet
  facet normal 0.130409 0.00920533 -0.991418
    outer loop
      vertex 30.5654 13.5 0.002141
      vertex 30.5648 13.5085 0.002141
      vertex 30.6934 13.5255 0.0192146
    endloop
  endfacet
  facet normal 0.0866552 0.0979357 -0.991413
    outer loop
      vertex 30.6379 13.6379 0.0192146
      vertex 30.5462 13.5462 0.002141
      vertex 30.6188 13.6548 0.0192146
    endloop
  endfacet
  facet normal 0.0831981 -0.245536 -0.965811
    outer loop
      vertex 30.623 -13.797 0.0530691
      vertex 30.5505 -13.6884 0.0192146
      vertex 30.5747 -13.6802 0.0192146
    endloop
  endfacet
  facet normal 0.0722 0.109068 -0.991409
    outer loop
      vertex 30.5398 13.5519 0.002141
      vertex 30.5327 13.5566 0.002141
      vertex 30.6188 13.6548 0.0192146
    endloop
  endfacet
  facet normal 0.254239 -0.050601 -0.965817
    outer loop
      vertex 30.8105 -13.5832 0.0530691
      vertex 30.6884 -13.5505 0.0192146
      vertex 30.8187 -13.542 0.0530691
    endloop
  endfacet
  facet normal 0.376097 -0.0748222 -0.923554
    outer loop
      vertex 30.9272 -13.6145 0.103127
      vertex 30.8187 -13.542 0.0530691
      vertex 30.9385 -13.5577 0.103127
    endloop
  endfacet
  facet normal 0.318753 -0.213109 -0.92357
    outer loop
      vertex 30.8509 -13.7692 0.103127
      vertex 30.755 -13.6957 0.0530691
      vertex 30.7784 -13.6607 0.0530691
    endloop
  endfacet
  facet normal 0.1949 -0.170846 -0.965829
    outer loop
      vertex 30.7273 -13.7273 0.0530691
      vertex 30.6379 -13.6379 0.0192146
      vertex 30.755 -13.6957 0.0530691
    endloop
  endfacet
  facet normal 0.254251 -0.0508502 -0.965801
    outer loop
      vertex 30.8187 -13.542 0.0530691
      vertex 30.6884 -13.5505 0.0192146
      vertex 30.6934 -13.5255 0.0192146
    endloop
  endfacet
  facet normal 0.258873 -0.0166418 -0.965768
    outer loop
      vertex 30.8187 -13.542 0.0530691
      vertex 30.6951 -13.5 0.0192146
      vertex 30.8214 -13.5 0.0530691
    endloop
  endfacet
  facet normal 0.130508 -0.00870055 -0.991409
    outer loop
      vertex 30.6934 -13.5255 0.0192146
      vertex 30.5654 -13.5 0.002141
      vertex 30.6951 -13.5 0.0192146
    endloop
  endfacet
  facet normal 0.72647 -0.636734 -0.25848
    outer loop
      vertex 31.2781 -14.0971 0.804909
      vertex 31.1696 -14.1696 0.67856
      vertex 31.2512 -14.0765 0.67856
    endloop
  endfacet
  facet normal 0.481626 -0.720448 -0.49899
    outer loop
      vertex 30.9484 -14.2767 0.557711
      vertex 30.9157 -14.2201 0.444429
      vertex 31.0062 -14.1596 0.444429
    endloop
  endfacet
  facet normal 0.297562 -0.874789 -0.382362
    outer loop
      vertex 30.7451 -14.4147 0.67856
      vertex 30.7321 -14.3663 0.557711
      vertex 30.8624 -14.3748 0.67856
    endloop
  endfacet
  facet normal 0.426727 -0.866716 -0.258277
    outer loop
      vertex 30.8753 -14.4061 0.804909
      vertex 30.8624 -14.3748 0.67856
      vertex 30.9735 -14.3201 0.67856
    endloop
  endfacet
  facet normal 0.296997 -0.875234 -0.381783
    outer loop
      vertex 30.8624 -14.3748 0.67856
      vertex 30.7321 -14.3663 0.557711
      vertex 30.8432 -14.3286 0.557711
    endloop
  endfacet
  facet normal 0.408911 -0.828852 -0.381832
    outer loop
      vertex 30.8624 -14.3748 0.67856
      vertex 30.8432 -14.3286 0.557711
      vertex 30.9484 -14.2767 0.557711
    endloop
  endfacet
  facet normal 0.441218 -0.660004 -0.608047
    outer loop
      vertex 30.9157 -14.2201 0.444429
      vertex 30.8759 -14.1511 0.340653
      vertex 31.0062 -14.1596 0.444429
    endloop
  endfacet
  facet normal 0.513832 -0.768138 -0.382022
    outer loop
      vertex 31.0765 -14.2512 0.67856
      vertex 30.9735 -14.3201 0.67856
      vertex 31.046 -14.2115 0.557711
    endloop
  endfacet
  facet normal 0.554757 -0.831372 -0.0326359
    outer loop
      vertex 31.1088 -14.2934 1
      vertex 31 -14.366 1
      vertex 31.1075 -14.2917 0.934596
    endloop
  endfacet
  facet normal 0.659397 -0.751086 -0.0326289
    outer loop
      vertex 31.1088 -14.2934 1
      vertex 31.1075 -14.2917 0.934596
      vertex 31.2071 -14.2071 1
    endloop
  endfacet
  facet normal 0.831265 -0.554942 -0.0322108
    outer loop
      vertex 31.366 -14 1
      vertex 31.2917 -14.1075 0.934596
      vertex 31.3642 -13.9989 0.934596
    endloop
  endfacet
  facet normal 0.889423 -0.438143 -0.130219
    outer loop
      vertex 31.3642 -13.9989 0.934596
      vertex 31.3494 -13.9904 0.804909
      vertex 31.4061 -13.8753 0.804909
    endloop
  endfacet
  facet normal 0.694981 -0.609135 -0.382042
    outer loop
      vertex 31.2512 -14.0765 0.67856
      vertex 31.1696 -14.1696 0.67856
      vertex 31.2115 -14.046 0.557711
    endloop
  endfacet
  facet normal 0.824572 -0.550474 -0.130615
    outer loop
      vertex 31.2917 -14.1075 0.934596
      vertex 31.2781 -14.0971 0.804909
      vertex 31.3642 -13.9989 0.934596
    endloop
  endfacet
  facet normal 0.963906 -0.0632563 -0.25862
    outer loop
      vertex 31.4724 -13.628 0.804909
      vertex 31.4469 -13.5 0.67856
      vertex 31.4808 -13.5 0.804909
    endloop
  endfacet
  facet normal 0.997314 -0.0658748 -0.0320219
    outer loop
      vertex 31.5 -13.5 1
      vertex 31.4893 -13.6302 0.934596
      vertex 31.4979 -13.5 0.934596
    endloop
  endfacet
  facet normal 0.94763 -0.187966 -0.258196
    outer loop
      vertex 31.4474 -13.7538 0.804909
      vertex 31.4147 -13.7451 0.67856
      vertex 31.4388 -13.6236 0.67856
    endloop
  endfacet
  facet normal 0.914642 -0.311119 -0.258138
    outer loop
      vertex 31.4474 -13.7538 0.804909
      vertex 31.3748 -13.8624 0.67856
      vertex 31.4147 -13.7451 0.67856
    endloop
  endfacet
  facet normal 0.938719 -0.318982 -0.130599
    outer loop
      vertex 31.4219 -13.8819 0.934596
      vertex 31.4061 -13.8753 0.804909
      vertex 31.4639 -13.7583 0.934596
    endloop
  endfacet
  facet normal 0.946554 -0.320866 -0.0328696
    outer loop
      vertex 31.4239 -13.8827 1
      vertex 31.4219 -13.8819 0.934596
      vertex 31.4659 -13.7588 1
    endloop
  endfacet
  facet normal 0.531981 -0.467039 0.706308
    outer loop
      vertex 31.2934 -14.1088 16.6
      vertex 30.9243 -13.9243 17
      vertex 31.2071 -14.2071 16.6
    endloop
  endfacet
  facet normal -0.338647 -0.50691 -0.792692
    outer loop
      vertex -30.8297 -14.071 0.248159
      vertex -30.9014 -14.0231 0.248159
      vertex -30.8382 -13.9408 0.16853
    endloop
  endfacet
  facet normal -0.393279 -0.588687 -0.706243
    outer loop
      vertex -30.8759 -14.1511 0.340653
      vertex -30.9014 -14.0231 0.248159
      vertex -30.8297 -14.071 0.248159
    endloop
  endfacet
  facet normal -0.52374 -0.596786 -0.607901
    outer loop
      vertex -31.0062 -14.1596 0.444429
      vertex -31.0879 -14.0879 0.444429
      vertex -31.0316 -14.0316 0.340653
    endloop
  endfacet
  facet normal -0.571551 -0.651265 -0.499182
    outer loop
      vertex -31.046 -14.2115 0.557711
      vertex -31.0879 -14.0879 0.444429
      vertex -31.0062 -14.1596 0.444429
    endloop
  endfacet
  facet normal -0.192835 -0.972525 -0.130425
    outer loop
      vertex -30.6302 -14.4893 0.934596
      vertex -30.7583 -14.4639 0.934596
      vertex -30.7538 -14.4474 0.804909
    endloop
  endfacet
  facet normal -0.1944 -0.980418 -0.0314665
    outer loop
      vertex -30.6302 -14.4893 0.934596
      vertex -30.7588 -14.4659 1
      vertex -30.7583 -14.4639 0.934596
    endloop
  endfacet
  facet normal -0.26987 -0.546445 -0.792823
    outer loop
      vertex -30.7126 -14.0133 0.16853
      vertex -30.8297 -14.071 0.248159
      vertex -30.7778 -13.9811 0.16853
    endloop
  endfacet
  facet normal -0.338257 -0.506965 -0.792823
    outer loop
      vertex -30.8297 -14.071 0.248159
      vertex -30.8382 -13.9408 0.16853
      vertex -30.7778 -13.9811 0.16853
    endloop
  endfacet
  facet normal -0.53191 -0.467063 -0.706346
    outer loop
      vertex -30.9662 -13.9662 0.248159
      vertex -31.0316 -14.0316 0.340653
      vertex -31.0231 -13.9014 0.248159
    endloop
  endfacet
  facet normal -0.531857 -0.467084 -0.706372
    outer loop
      vertex -31.0316 -14.0316 0.340653
      vertex -31.0965 -13.9577 0.340653
      vertex -31.0231 -13.9014 0.248159
    endloop
  endfacet
  facet normal -0.752045 -0.254819 -0.607862
    outer loop
      vertex -31.2682 -13.8182 0.444429
      vertex -31.3031 -13.7152 0.444429
      vertex -31.2262 -13.6946 0.340653
    endloop
  endfacet
  facet normal -0.777178 -0.383417 -0.498985
    outer loop
      vertex -31.2767 -13.9484 0.557711
      vertex -31.3286 -13.8432 0.557711
      vertex -31.2201 -13.9157 0.444429
    endloop
  endfacet
  facet normal -0.820769 -0.278105 -0.498994
    outer loop
      vertex -31.2682 -13.8182 0.444429
      vertex -31.3286 -13.8432 0.557711
      vertex -31.3031 -13.7152 0.444429
    endloop
  endfacet
  facet normal -0.777178 -0.383408 -0.498992
    outer loop
      vertex -31.2201 -13.9157 0.444429
      vertex -31.3286 -13.8432 0.557711
      vertex -31.2682 -13.8182 0.444429
    endloop
  endfacet
  facet normal -0.0460851 -0.706398 -0.706313
    outer loop
      vertex -30.5 -14.2518 0.340653
      vertex -30.5981 -14.2454 0.340653
      vertex -30.5861 -14.1537 0.248159
    endloop
  endfacet
  facet normal -0.138145 -0.69432 -0.706283
    outer loop
      vertex -30.5981 -14.2454 0.340653
      vertex -30.6946 -14.2262 0.340653
      vertex -30.5861 -14.1537 0.248159
    endloop
  endfacet
  facet normal -0.382606 -0.0251977 -0.923568
    outer loop
      vertex -30.9385 -13.5577 0.103127
      vertex -30.9423 -13.5 0.103127
      vertex -30.8187 -13.542 0.0530691
    endloop
  endfacet
  facet normal -0.382434 -0.024585 -0.923656
    outer loop
      vertex -30.8187 -13.542 0.0530691
      vertex -30.9423 -13.5 0.103127
      vertex -30.8214 -13.5 0.0530691
    endloop
  endfacet
  facet normal -0.34397 0.169704 -0.923518
    outer loop
      vertex -30.797 13.623 0.0530691
      vertex -30.883 13.7211 0.103127
      vertex -30.7784 13.6607 0.0530691
    endloop
  endfacet
  facet normal -0.491258 0.0977327 -0.865514
    outer loop
      vertex -30.9385 13.5577 0.103127
      vertex -31.0366 13.6438 0.16853
      vertex -30.9272 13.6145 0.103127
    endloop
  endfacet
  facet normal -0.474407 0.160664 -0.86552
    outer loop
      vertex -30.9272 13.6145 0.103127
      vertex -31.0366 13.6438 0.16853
      vertex -31.0133 13.7126 0.16853
    endloop
  endfacet
  facet normal -0.531857 0.467084 -0.706372
    outer loop
      vertex -31.0231 13.9014 0.248159
      vertex -31.0965 13.9577 0.340653
      vertex -31.0316 14.0316 0.340653
    endloop
  endfacet
  facet normal -0.144142 0.215598 -0.965785
    outer loop
      vertex -30.5975 13.669 0.0192146
      vertex -30.6957 13.755 0.0530691
      vertex -30.6607 13.7784 0.0530691
    endloop
  endfacet
  facet normal -0.254239 0.050601 -0.965817
    outer loop
      vertex -30.6884 13.5505 0.0192146
      vertex -30.8187 13.542 0.0530691
      vertex -30.8105 13.5832 0.0530691
    endloop
  endfacet
  facet normal -0.130409 0.00920533 -0.991418
    outer loop
      vertex -30.5654 13.5 0.002141
      vertex -30.6934 13.5255 0.0192146
      vertex -30.5648 13.5085 0.002141
    endloop
  endfacet
  facet normal -0.457719 0.40239 -0.792827
    outer loop
      vertex -30.9408 13.8382 0.16853
      vertex -30.9662 13.9662 0.248159
      vertex -30.8928 13.8928 0.16853
    endloop
  endfacet
  facet normal -0.513832 0.768138 -0.382022
    outer loop
      vertex -31.046 14.2115 0.557711
      vertex -31.0765 14.2512 0.67856
      vertex -30.9735 14.3201 0.67856
    endloop
  endfacet
  facet normal -0.828852 0.408911 -0.381832
    outer loop
      vertex -31.3286 13.8432 0.557711
      vertex -31.3748 13.8624 0.67856
      vertex -31.2767 13.9484 0.557711
    endloop
  endfacet
  facet normal -0.720504 0.481321 -0.499203
    outer loop
      vertex -31.1596 14.0062 0.444429
      vertex -31.2767 13.9484 0.557711
      vertex -31.2115 14.046 0.557711
    endloop
  endfacet
  facet normal -0.0748222 0.376097 -0.923554
    outer loop
      vertex -30.542 13.8187 0.0530691
      vertex -30.6145 13.9272 0.103127
      vertex -30.5577 13.9385 0.103127
    endloop
  endfacet
  facet normal -0.195444 0.577104 -0.792939
    outer loop
      vertex -30.6438 14.0366 0.16853
      vertex -30.7126 14.0133 0.16853
      vertex -30.6707 14.1369 0.248159
    endloop
  endfacet
  facet normal -0.393279 0.588687 -0.706243
    outer loop
      vertex -30.8297 14.071 0.248159
      vertex -30.9014 14.0231 0.248159
      vertex -30.8759 14.1511 0.340653
    endloop
  endfacet
  facet normal -0.269761 0.546584 -0.792764
    outer loop
      vertex -30.7126 14.0133 0.16853
      vertex -30.8297 14.071 0.248159
      vertex -30.7523 14.1092 0.248159
    endloop
  endfacet
  facet normal -0.694981 0.609135 -0.382042
    outer loop
      vertex -31.2115 14.046 0.557711
      vertex -31.2512 14.0765 0.67856
      vertex -31.1696 14.1696 0.67856
    endloop
  endfacet
  facet normal -0.458083 0.402236 -0.792695
    outer loop
      vertex -30.9408 13.8382 0.16853
      vertex -31.0231 13.9014 0.248159
      vertex -30.9662 13.9662 0.248159
    endloop
  endfacet
  facet normal 0.128622 -0.0244994 -0.991391
    outer loop
      vertex 30.6884 -13.5505 0.0192146
      vertex 30.5632 -13.5169 0.002141
      vertex 30.5648 -13.5085 0.002141
    endloop
  endfacet
  facet normal 0.0329125 0.499751 -0.865544
    outer loop
      vertex 30.5577 13.9385 0.103127
      vertex 30.5 13.9423 0.103127
      vertex 30.5725 14.0508 0.16853
    endloop
  endfacet
  facet normal 0.0330812 0.499665 -0.865587
    outer loop
      vertex 30.5725 14.0508 0.16853
      vertex 30.5 13.9423 0.103127
      vertex 30.5 14.0556 0.16853
    endloop
  endfacet
  facet normal 0.160938 0.47416 -0.865605
    outer loop
      vertex 30.6693 13.9086 0.103127
      vertex 30.6145 13.9272 0.103127
      vertex 30.7126 14.0133 0.16853
    endloop
  endfacet
  facet normal 0.160664 0.474407 -0.86552
    outer loop
      vertex 30.7126 14.0133 0.16853
      vertex 30.6145 13.9272 0.103127
      vertex 30.6438 14.0366 0.16853
    endloop
  endfacet
  facet normal 0.0832692 0.24549 -0.965816
    outer loop
      vertex 30.623 13.797 0.0530691
      vertex 30.5505 13.6884 0.0192146
      vertex 30.5832 13.8105 0.0530691
    endloop
  endfacet
  facet normal 0.050601 0.254239 -0.965817
    outer loop
      vertex 30.5505 13.6884 0.0192146
      vertex 30.542 13.8187 0.0530691
      vertex 30.5832 13.8105 0.0530691
    endloop
  endfacet
  facet normal 0.1949 0.170846 -0.965829
    outer loop
      vertex 30.755 13.6957 0.0530691
      vertex 30.6379 13.6379 0.0192146
      vertex 30.7273 13.7273 0.0530691
    endloop
  endfacet
  facet normal 0.330364 0.3762 -0.86564
    outer loop
      vertex 30.8127 13.8127 0.103127
      vertex 30.7692 13.8509 0.103127
      vertex 30.8382 13.9408 0.16853
    endloop
  endfacet
  facet normal 0.254819 0.752045 -0.607862
    outer loop
      vertex 30.8182 14.2682 0.444429
      vertex 30.6946 14.2262 0.340653
      vertex 30.7152 14.3031 0.444429
    endloop
  endfacet
  facet normal 0.408911 0.828852 -0.381832
    outer loop
      vertex 30.9484 14.2767 0.557711
      vertex 30.8432 14.3286 0.557711
      vertex 30.8624 14.3748 0.67856
    endloop
  endfacet
  facet normal 0.288459 0.252858 -0.923501
    outer loop
      vertex 30.755 13.6957 0.0530691
      vertex 30.7273 13.7273 0.0530691
      vertex 30.8127 13.8127 0.103127
    endloop
  endfacet
  facet normal 0.318753 0.213109 -0.92357
    outer loop
      vertex 30.7784 13.6607 0.0530691
      vertex 30.755 13.6957 0.0530691
      vertex 30.8509 13.7692 0.103127
    endloop
  endfacet
  facet normal 0.393279 0.588687 -0.706243
    outer loop
      vertex 30.9014 14.0231 0.248159
      vertex 30.8297 14.071 0.248159
      vertex 30.8759 14.1511 0.340653
    endloop
  endfacet
  facet normal 0.313317 0.634836 -0.706269
    outer loop
      vertex 30.8297 14.071 0.248159
      vertex 30.7523 14.1092 0.248159
      vertex 30.8759 14.1511 0.340653
    endloop
  endfacet
  facet normal -0.946362 -0.321579 -0.0313974
    outer loop
      vertex -31.4219 -13.8819 0.934596
      vertex -31.4659 -13.7588 1
      vertex -31.4639 -13.7583 0.934596
    endloop
  endfacet
  facet normal -0.980301 -0.194838 -0.0323693
    outer loop
      vertex -31.4659 -13.7588 1
      vertex -31.4914 -13.6305 1
      vertex -31.4893 -13.6302 0.934596
    endloop
  endfacet
  facet normal -0.831372 -0.554757 -0.0326359
    outer loop
      vertex -31.2934 -14.1088 1
      vertex -31.366 -14 1
      vertex -31.2917 -14.1075 0.934596
    endloop
  endfacet
  facet normal -0.751086 -0.659397 -0.0326289
    outer loop
      vertex -31.2071 -14.2071 1
      vertex -31.2934 -14.1088 1
      vertex -31.2917 -14.1075 0.934596
    endloop
  endfacet
  facet normal -0.997314 -0.0657234 -0.0323234
    outer loop
      vertex -31.4914 -13.6305 1
      vertex -31.5 -13.5 1
      vertex -31.4893 -13.6302 0.934596
    endloop
  endfacet
  facet normal -0.997314 -0.0658748 -0.0320219
    outer loop
      vertex -31.4893 -13.6302 0.934596
      vertex -31.5 -13.5 1
      vertex -31.4979 -13.5 0.934596
    endloop
  endfacet
  facet normal -0.875234 -0.296997 -0.381783
    outer loop
      vertex -31.3286 -13.8432 0.557711
      vertex -31.3748 -13.8624 0.67856
      vertex -31.3663 -13.7321 0.557711
    endloop
  endfacet
  facet normal -0.874789 -0.297562 -0.382362
    outer loop
      vertex -31.3748 -13.8624 0.67856
      vertex -31.4147 -13.7451 0.67856
      vertex -31.3663 -13.7321 0.557711
    endloop
  endfacet
  facet normal -0.438143 0.889423 -0.130219
    outer loop
      vertex -30.9904 14.3494 0.804909
      vertex -30.9989 14.3642 0.934596
      vertex -30.8753 14.4061 0.804909
    endloop
  endfacet
  facet normal -0.659298 0.751186 -0.0323486
    outer loop
      vertex -31.2056 14.2056 0.934596
      vertex -31.2071 14.2071 1
      vertex -31.1075 14.2917 0.934596
    endloop
  endfacet
  facet normal 0.0653455 -0.9893 -0.130445
    outer loop
      vertex 30.6302 -14.4893 0.934596
      vertex 30.5 -14.4979 0.934596
      vertex 30.5 -14.4808 0.804909
    endloop
  endfacet
  facet normal 0.0658748 -0.997314 -0.0320219
    outer loop
      vertex 30.6302 -14.4893 0.934596
      vertex 30.5 -14.5 1
      vertex 30.5 -14.4979 0.934596
    endloop
  endfacet
  facet normal 0 -0.991419 -0.130724
    outer loop
      vertex -30.5 -14.4808 0.804909
      vertex 30.5 -14.4979 0.934596
      vertex -30.5 -14.4979 0.934596
    endloop
  endfacet
  facet normal 0 -0.991419 -0.130724
    outer loop
      vertex 30.5 -14.4979 0.934596
      vertex -30.5 -14.4808 0.804909
      vertex 30.5 -14.4808 0.804909
    endloop
  endfacet
  facet normal 0 -0.924034 -0.382309
    outer loop
      vertex -30.5 -14.3969 0.557711
      vertex 30.5 -14.4469 0.67856
      vertex -30.5 -14.4469 0.67856
    endloop
  endfacet
  facet normal 0 -0.924034 -0.382309
    outer loop
      vertex 30.5 -14.4469 0.67856
      vertex -30.5 -14.3969 0.557711
      vertex 30.5 -14.3969 0.557711
    endloop
  endfacet
  facet normal 0.318982 -0.938719 -0.130599
    outer loop
      vertex 30.8819 -14.4219 0.934596
      vertex 30.7583 -14.4639 0.934596
      vertex 30.8753 -14.4061 0.804909
    endloop
  endfacet
  facet normal 0.321579 -0.946362 -0.0313974
    outer loop
      vertex 30.7588 -14.4659 1
      vertex 30.7583 -14.4639 0.934596
      vertex 30.8819 -14.4219 0.934596
    endloop
  endfacet
  facet normal -0.194838 0.980301 -0.0323693
    outer loop
      vertex -30.6302 14.4893 0.934596
      vertex -30.7588 14.4659 1
      vertex -30.6305 14.4914 1
    endloop
  endfacet
  facet normal -0.0658748 0.997314 -0.0320219
    outer loop
      vertex -30.5 14.4979 0.934596
      vertex -30.6302 14.4893 0.934596
      vertex -30.5 14.5 1
    endloop
  endfacet
  facet normal -0.193262 0.972496 -0.130008
    outer loop
      vertex -30.628 14.4724 0.804909
      vertex -30.7538 14.4474 0.804909
      vertex -30.6302 14.4893 0.934596
    endloop
  endfacet
  facet normal -0.0604449 0.922345 -0.38161
    outer loop
      vertex -30.5 14.3969 0.557711
      vertex -30.6236 14.4388 0.67856
      vertex -30.5 14.4469 0.67856
    endloop
  endfacet
  facet normal -0.351213 0.711919 -0.608129
    outer loop
      vertex -30.7877 14.1946 0.340653
      vertex -30.9157 14.2201 0.444429
      vertex -30.8182 14.2682 0.444429
    endloop
  endfacet
  facet normal -0.227576 0.670484 -0.706159
    outer loop
      vertex -30.7523 14.1092 0.248159
      vertex -30.7877 14.1946 0.340653
      vertex -30.6946 14.2262 0.340653
    endloop
  endfacet
  facet normal -0.137915 0.694498 -0.706153
    outer loop
      vertex -30.6707 14.1369 0.248159
      vertex -30.6946 14.2262 0.340653
      vertex -30.5861 14.1537 0.248159
    endloop
  endfacet
  facet normal -0.0395608 0.608248 -0.792761
    outer loop
      vertex -30.5725 14.0508 0.16853
      vertex -30.5861 14.1537 0.248159
      vertex -30.5 14.1593 0.248159
    endloop
  endfacet
  facet normal -0.0402897 0.608542 -0.792498
    outer loop
      vertex -30.5 14.0556 0.16853
      vertex -30.5725 14.0508 0.16853
      vertex -30.5 14.1593 0.248159
    endloop
  endfacet
  facet normal -0.69501 0.609119 -0.382015
    outer loop
      vertex -31.1342 14.1342 0.557711
      vertex -31.2115 14.046 0.557711
      vertex -31.1696 14.1696 0.67856
    endloop
  endfacet
  facet normal -0.467084 0.531857 -0.706372
    outer loop
      vertex -30.9014 14.0231 0.248159
      vertex -31.0316 14.0316 0.340653
      vertex -30.9577 14.0965 0.340653
    endloop
  endfacet
  facet normal -0.408131 0.828946 -0.382463
    outer loop
      vertex -30.9484 14.2767 0.557711
      vertex -30.9735 14.3201 0.67856
      vertex -30.8624 14.3748 0.67856
    endloop
  endfacet
  facet normal -0.408911 0.828852 -0.381832
    outer loop
      vertex -30.8432 14.3286 0.557711
      vertex -30.9484 14.2767 0.557711
      vertex -30.8624 14.3748 0.67856
    endloop
  endfacet
  facet normal 0 0.866037 -0.499981
    outer loop
      vertex 30.5 14.3315 0.444429
      vertex -30.5 14.3969 0.557711
      vertex 30.5 14.3969 0.557711
    endloop
  endfacet
  facet normal 0 0.866037 -0.499981
    outer loop
      vertex -30.5 14.3969 0.557711
      vertex 30.5 14.3315 0.444429
      vertex -30.5 14.3315 0.444429
    endloop
  endfacet
  facet normal -0.803284 0.536778 -0.258077
    outer loop
      vertex -31.3201 13.9735 0.67856
      vertex -31.3494 13.9904 0.804909
      vertex -31.2781 14.0971 0.804909
    endloop
  endfacet
  facet normal -0.896226 0.442383 -0.0328169
    outer loop
      vertex -31.4219 13.8819 0.934596
      vertex -31.4239 13.8827 1
      vertex -31.366 14 1
    endloop
  endfacet
  facet normal -0.963933 -0.0631704 -0.258539
    outer loop
      vertex -31.4388 -13.6236 0.67856
      vertex -31.4724 -13.628 0.804909
      vertex -31.4469 -13.5 0.67856
    endloop
  endfacet
  facet normal -0.922345 -0.0604449 -0.38161
    outer loop
      vertex -31.4388 -13.6236 0.67856
      vertex -31.4469 -13.5 0.67856
      vertex -31.3969 -13.5 0.557711
    endloop
  endfacet
  facet normal -0.922345 0.0604449 -0.38161
    outer loop
      vertex -31.3969 13.5 0.557711
      vertex -31.4469 13.5 0.67856
      vertex -31.4388 13.6236 0.67856
    endloop
  endfacet
  facet normal -0.864649 0.0565807 -0.49918
    outer loop
      vertex -31.3315 13.5 0.444429
      vertex -31.3969 13.5 0.557711
      vertex -31.3244 13.6085 0.444429
    endloop
  endfacet
  facet normal -0.792029 0.0518287 -0.608279
    outer loop
      vertex -31.2518 13.5 0.340653
      vertex -31.3315 13.5 0.444429
      vertex -31.3244 13.6085 0.444429
    endloop
  endfacet
  facet normal -0.906364 0.179781 -0.382338
    outer loop
      vertex -31.3663 13.7321 0.557711
      vertex -31.4388 13.6236 0.67856
      vertex -31.4147 13.7451 0.67856
    endloop
  endfacet
  facet normal -0.864749 0.0568623 -0.498974
    outer loop
      vertex -31.3244 13.6085 0.444429
      vertex -31.3969 13.5 0.557711
      vertex -31.3892 13.6171 0.557711
    endloop
  endfacet
  facet normal -0.63501 0.313185 -0.706171
    outer loop
      vertex -31.1092 13.7523 0.248159
      vertex -31.1946 13.7877 0.340653
      vertex -31.1511 13.8759 0.340653
    endloop
  endfacet
  facet normal -0.588687 0.393279 -0.706243
    outer loop
      vertex -31.071 13.8297 0.248159
      vertex -31.1511 13.8759 0.340653
      vertex -31.0231 13.9014 0.248159
    endloop
  endfacet
  facet normal -0.938719 0.318982 -0.130599
    outer loop
      vertex -31.4061 13.8753 0.804909
      vertex -31.4639 13.7583 0.934596
      vertex -31.4219 13.8819 0.934596
    endloop
  endfacet
  facet normal -0.946362 0.321579 -0.0313974
    outer loop
      vertex -31.4639 13.7583 0.934596
      vertex -31.4659 13.7588 1
      vertex -31.4219 13.8819 0.934596
    endloop
  endfacet
  facet normal -0.906468 0.180505 -0.38175
    outer loop
      vertex -31.3892 13.6171 0.557711
      vertex -31.4388 13.6236 0.67856
      vertex -31.3663 13.7321 0.557711
    endloop
  endfacet
  facet normal -0.914642 0.311119 -0.258138
    outer loop
      vertex -31.4147 13.7451 0.67856
      vertex -31.4474 13.7538 0.804909
      vertex -31.3748 13.8624 0.67856
    endloop
  endfacet
  facet normal 0.351154 0.711995 -0.608075
    outer loop
      vertex 30.8759 14.1511 0.340653
      vertex 30.7877 14.1946 0.340653
      vertex 30.9157 14.2201 0.444429
    endloop
  endfacet
  facet normal 0.745148 0.653998 -0.130542
    outer loop
      vertex 31.2917 14.1075 0.934596
      vertex 31.1935 14.1935 0.804909
      vertex 31.2056 14.2056 0.934596
    endloop
  endfacet
  facet normal 0.588727 0.392964 -0.706385
    outer loop
      vertex 31.1511 13.8759 0.340653
      vertex 31.0231 13.9014 0.248159
      vertex 31.0965 13.9577 0.340653
    endloop
  endfacet
  facet normal 0.531857 0.467084 -0.706372
    outer loop
      vertex 31.0965 13.9577 0.340653
      vertex 31.0231 13.9014 0.248159
      vertex 31.0316 14.0316 0.340653
    endloop
  endfacet
  facet normal 0.442621 0.896709 -0
    outer loop
      vertex 31 14.366 1
      vertex 30.8827 14.4239 16.6
      vertex 31 14.366 16.6
    endloop
  endfacet
  facet normal 0.442621 0.896709 0
    outer loop
      vertex 30.8827 14.4239 16.6
      vertex 31 14.366 1
      vertex 30.8827 14.4239 1
    endloop
  endfacet
  facet normal 0.554942 0.831265 -0.0322108
    outer loop
      vertex 31.1075 14.2917 0.934596
      vertex 30.9989 14.3642 0.934596
      vertex 31 14.366 1
    endloop
  endfacet
  facet normal 0.554757 0.831372 -0.0326359
    outer loop
      vertex 31.1075 14.2917 0.934596
      vertex 31 14.366 1
      vertex 31.1088 14.2934 1
    endloop
  endfacet
  facet normal 0.980815 0.19494 0
    outer loop
      vertex 31.4914 13.6305 16.6
      vertex 31.4659 13.7588 1
      vertex 31.4659 13.7588 16.6
    endloop
  endfacet
  facet normal 0.980815 0.19494 0
    outer loop
      vertex 31.4659 13.7588 1
      vertex 31.4914 13.6305 16.6
      vertex 31.4914 13.6305 1
    endloop
  endfacet
  facet normal 0.914642 0.311119 -0.258138
    outer loop
      vertex 31.4147 13.7451 0.67856
      vertex 31.3748 13.8624 0.67856
      vertex 31.4474 13.7538 0.804909
    endloop
  endfacet
  facet normal 0.989382 0.0649282 -0.130031
    outer loop
      vertex 31.4808 13.5 0.804909
      vertex 31.4724 13.628 0.804909
      vertex 31.4893 13.6302 0.934596
    endloop
  endfacet
  facet normal 0.963906 0.0632563 -0.25862
    outer loop
      vertex 31.4808 13.5 0.804909
      vertex 31.4469 13.5 0.67856
      vertex 31.4724 13.628 0.804909
    endloop
  endfacet
  facet normal 0.0649282 0.989382 -0.130031
    outer loop
      vertex 30.628 14.4724 0.804909
      vertex 30.5 14.4808 0.804909
      vertex 30.6302 14.4893 0.934596
    endloop
  endfacet
  facet normal 0.0653455 0.9893 -0.130445
    outer loop
      vertex 30.6302 14.4893 0.934596
      vertex 30.5 14.4808 0.804909
      vertex 30.5 14.4979 0.934596
    endloop
  endfacet
  facet normal 0.0606439 0.92226 -0.381784
    outer loop
      vertex 30.6171 14.3892 0.557711
      vertex 30.5 14.3969 0.557711
      vertex 30.6236 14.4388 0.67856
    endloop
  endfacet
  facet normal 0.0604449 0.922345 -0.38161
    outer loop
      vertex 30.6236 14.4388 0.67856
      vertex 30.5 14.3969 0.557711
      vertex 30.5 14.4469 0.67856
    endloop
  endfacet
  facet normal 0.536778 0.803284 -0.258077
    outer loop
      vertex 31.0971 14.2781 0.804909
      vertex 30.9735 14.3201 0.67856
      vertex 30.9904 14.3494 0.804909
    endloop
  endfacet
  facet normal 0.636734 0.72647 -0.25848
    outer loop
      vertex 31.1696 14.1696 0.67856
      vertex 31.0765 14.2512 0.67856
      vertex 31.0971 14.2781 0.804909
    endloop
  endfacet
  facet normal 0.1944 0.980418 -0.0314665
    outer loop
      vertex 30.7583 14.4639 0.934596
      vertex 30.6302 14.4893 0.934596
      vertex 30.7588 14.4659 1
    endloop
  endfacet
  facet normal 0.442073 0.896404 -0.0321052
    outer loop
      vertex 30.9989 14.3642 0.934596
      vertex 30.8819 14.4219 0.934596
      vertex 31 14.366 1
    endloop
  endfacet
  facet normal 0.438143 0.889423 -0.130219
    outer loop
      vertex 30.9904 14.3494 0.804909
      vertex 30.8753 14.4061 0.804909
      vertex 30.9989 14.3642 0.934596
    endloop
  endfacet
  facet normal 0.550871 0.824375 -0.130184
    outer loop
      vertex 31.0971 14.2781 0.804909
      vertex 30.9904 14.3494 0.804909
      vertex 30.9989 14.3642 0.934596
    endloop
  endfacet
  facet normal 0.96584 0 -0.259139
    outer loop
      vertex 31.4808 -13.5 0.804909
      vertex 31.4469 13.5 0.67856
      vertex 31.4808 13.5 0.804909
    endloop
  endfacet
  facet normal 0.96584 0 -0.259139
    outer loop
      vertex 31.4469 13.5 0.67856
      vertex 31.4808 -13.5 0.804909
      vertex 31.4469 -13.5 0.67856
    endloop
  endfacet
  facet normal 0.922345 -0.0604449 -0.38161
    outer loop
      vertex 31.4388 -13.6236 0.67856
      vertex 31.3969 -13.5 0.557711
      vertex 31.4469 -13.5 0.67856
    endloop
  endfacet
  facet normal 0.92226 -0.0606439 -0.381784
    outer loop
      vertex 31.4388 -13.6236 0.67856
      vertex 31.3892 -13.6171 0.557711
      vertex 31.3969 -13.5 0.557711
    endloop
  endfacet
  facet normal 0.0251977 -0.382606 -0.923568
    outer loop
      vertex 30.5577 -13.9385 0.103127
      vertex 30.5 -13.9423 0.103127
      vertex 30.542 -13.8187 0.0530691
    endloop
  endfacet
  facet normal 0.024585 -0.382434 -0.923656
    outer loop
      vertex 30.542 -13.8187 0.0530691
      vertex 30.5 -13.9423 0.103127
      vertex 30.5 -13.8214 0.0530691
    endloop
  endfacet
  facet normal 0.608542 0.0402897 -0.792498
    outer loop
      vertex 31.0556 13.5 0.16853
      vertex 31.0508 13.5725 0.16853
      vertex 31.1593 13.5 0.248159
    endloop
  endfacet
  facet normal 0.499665 0.0330812 -0.865587
    outer loop
      vertex 31.0556 13.5 0.16853
      vertex 30.9423 13.5 0.103127
      vertex 31.0508 13.5725 0.16853
    endloop
  endfacet
  facet normal 0.277892 -0.416494 -0.865626
    outer loop
      vertex 30.7778 -13.9811 0.16853
      vertex 30.7211 -13.883 0.103127
      vertex 30.8382 -13.9408 0.16853
    endloop
  endfacet
  facet normal 0.221721 -0.44895 -0.865612
    outer loop
      vertex 30.7778 -13.9811 0.16853
      vertex 30.7126 -14.0133 0.16853
      vertex 30.7211 -13.883 0.103127
    endloop
  endfacet
  facet normal 0.0979357 -0.0866552 -0.991413
    outer loop
      vertex 30.6379 -13.6379 0.0192146
      vertex 30.5462 -13.5462 0.002141
      vertex 30.6548 -13.6188 0.0192146
    endloop
  endfacet
  facet normal 0.215598 -0.144142 -0.965785
    outer loop
      vertex 30.755 -13.6957 0.0530691
      vertex 30.669 -13.5975 0.0192146
      vertex 30.7784 -13.6607 0.0530691
    endloop
  endfacet
  facet normal 0.330645 -0.376109 -0.865572
    outer loop
      vertex 30.8382 -13.9408 0.16853
      vertex 30.8127 -13.8127 0.103127
      vertex 30.8928 -13.8928 0.16853
    endloop
  endfacet
  facet normal 0.376109 -0.330645 -0.865572
    outer loop
      vertex 30.8928 -13.8928 0.16853
      vertex 30.8127 -13.8127 0.103127
      vertex 30.9408 -13.8382 0.16853
    endloop
  endfacet
  facet normal 0.288459 -0.252858 -0.923501
    outer loop
      vertex 30.8127 -13.8127 0.103127
      vertex 30.7273 -13.7273 0.0530691
      vertex 30.755 -13.6957 0.0530691
    endloop
  endfacet
  facet normal 0.252858 -0.288459 -0.923501
    outer loop
      vertex 30.8127 -13.8127 0.103127
      vertex 30.6957 -13.755 0.0530691
      vertex 30.7273 -13.7273 0.0530691
    endloop
  endfacet
  facet normal 0.467063 -0.53191 -0.706346
    outer loop
      vertex 31.0316 -14.0316 0.340653
      vertex 30.9014 -14.0231 0.248159
      vertex 30.9662 -13.9662 0.248159
    endloop
  endfacet
  facet normal 0.467084 -0.531857 -0.706372
    outer loop
      vertex 30.9577 -14.0965 0.340653
      vertex 30.9014 -14.0231 0.248159
      vertex 31.0316 -14.0316 0.340653
    endloop
  endfacet
  facet normal 0.531857 -0.467084 -0.706372
    outer loop
      vertex 31.0316 -14.0316 0.340653
      vertex 31.0231 -13.9014 0.248159
      vertex 31.0965 -13.9577 0.340653
    endloop
  endfacet
  facet normal 0.634836 -0.313317 -0.706269
    outer loop
      vertex 31.1511 -13.8759 0.340653
      vertex 31.071 -13.8297 0.248159
      vertex 31.1092 -13.7523 0.248159
    endloop
  endfacet
  facet normal 0.416494 -0.277892 -0.865626
    outer loop
      vertex 30.9408 -13.8382 0.16853
      vertex 30.883 -13.7211 0.103127
      vertex 30.9811 -13.7778 0.16853
    endloop
  endfacet
  facet normal 0.44895 -0.221721 -0.865612
    outer loop
      vertex 30.9811 -13.7778 0.16853
      vertex 30.883 -13.7211 0.103127
      vertex 31.0133 -13.7126 0.16853
    endloop
  endfacet
  facet normal 0.777178 -0.383417 -0.498985
    outer loop
      vertex 31.2767 -13.9484 0.557711
      vertex 31.2201 -13.9157 0.444429
      vertex 31.3286 -13.8432 0.557711
    endloop
  endfacet
  facet normal 0.820769 -0.278105 -0.498994
    outer loop
      vertex 31.3286 -13.8432 0.557711
      vertex 31.2682 -13.8182 0.444429
      vertex 31.3031 -13.7152 0.444429
    endloop
  endfacet
  facet normal -0.0977327 0.491258 -0.865514
    outer loop
      vertex -30.6145 13.9272 0.103127
      vertex -30.6438 14.0366 0.16853
      vertex -30.5577 13.9385 0.103127
    endloop
  endfacet
  facet normal -0.0251977 0.382606 -0.923568
    outer loop
      vertex -30.542 13.8187 0.0530691
      vertex -30.5577 13.9385 0.103127
      vertex -30.5 13.9423 0.103127
    endloop
  endfacet
  facet normal -0.0979357 0.0866552 -0.991413
    outer loop
      vertex -30.5462 13.5462 0.002141
      vertex -30.6548 13.6188 0.0192146
      vertex -30.6379 13.6379 0.0192146
    endloop
  endfacet
  facet normal -0.0866552 0.0979357 -0.991413
    outer loop
      vertex -30.5462 13.5462 0.002141
      vertex -30.6379 13.6379 0.0192146
      vertex -30.6188 13.6548 0.0192146
    endloop
  endfacet
  facet normal -0.277892 0.416494 -0.865626
    outer loop
      vertex -30.7211 13.883 0.103127
      vertex -30.8382 13.9408 0.16853
      vertex -30.7778 13.9811 0.16853
    endloop
  endfacet
  facet normal -0.330645 0.376109 -0.865572
    outer loop
      vertex -30.8127 13.8127 0.103127
      vertex -30.8928 13.8928 0.16853
      vertex -30.8382 13.9408 0.16853
    endloop
  endfacet
  facet normal 0.114747 -0.232579 -0.965785
    outer loop
      vertex 30.623 -13.797 0.0530691
      vertex 30.5975 -13.669 0.0192146
      vertex 30.6607 -13.7784 0.0530691
    endloop
  endfacet
  facet normal 0.144142 -0.215598 -0.965785
    outer loop
      vertex 30.6607 -13.7784 0.0530691
      vertex 30.5975 -13.669 0.0192146
      vertex 30.6957 -13.755 0.0530691
    endloop
  endfacet
  facet normal 0.0578793 -0.117282 -0.991411
    outer loop
      vertex 30.5747 -13.6802 0.0192146
      vertex 30.525 -13.5604 0.002141
      vertex 30.5327 -13.5566 0.002141
    endloop
  endfacet
  facet normal 0.0578793 0.117282 -0.991411
    outer loop
      vertex 30.5327 13.5566 0.002141
      vertex 30.525 13.5604 0.002141
      vertex 30.5747 13.6802 0.0192146
    endloop
  endfacet
  facet normal -0.221721 -0.44895 -0.865612
    outer loop
      vertex -30.7126 -14.0133 0.16853
      vertex -30.7778 -13.9811 0.16853
      vertex -30.7211 -13.883 0.103127
    endloop
  endfacet
  facet normal -0.277892 -0.416494 -0.865626
    outer loop
      vertex -30.7778 -13.9811 0.16853
      vertex -30.8382 -13.9408 0.16853
      vertex -30.7211 -13.883 0.103127
    endloop
  endfacet
  facet normal -0.0725237 -0.108786 -0.991416
    outer loop
      vertex -30.5975 -13.669 0.0192146
      vertex -30.6188 -13.6548 0.0192146
      vertex -30.5327 -13.5566 0.002141
    endloop
  endfacet
  facet normal -0.143906 -0.215859 -0.965762
    outer loop
      vertex -30.5975 -13.669 0.0192146
      vertex -30.6957 -13.755 0.0530691
      vertex -30.6188 -13.6548 0.0192146
    endloop
  endfacet
  facet normal -0.1949 -0.170846 -0.965829
    outer loop
      vertex -30.7273 -13.7273 0.0530691
      vertex -30.755 -13.6957 0.0530691
      vertex -30.6379 -13.6379 0.0192146
    endloop
  endfacet
  facet normal -0.170846 -0.1949 -0.965829
    outer loop
      vertex -30.6957 -13.755 0.0530691
      vertex -30.7273 -13.7273 0.0530691
      vertex -30.6379 -13.6379 0.0192146
    endloop
  endfacet
  facet normal -0.108786 -0.0725237 -0.991416
    outer loop
      vertex -30.6548 -13.6188 0.0192146
      vertex -30.669 -13.5975 0.0192146
      vertex -30.5566 -13.5327 0.002141
    endloop
  endfacet
  facet normal -0.288143 -0.253036 -0.923551
    outer loop
      vertex -30.8127 -13.8127 0.103127
      vertex -30.8509 -13.7692 0.103127
      vertex -30.755 -13.6957 0.0530691
    endloop
  endfacet
  facet normal -0.319026 -0.212905 -0.923522
    outer loop
      vertex -30.8509 -13.7692 0.103127
      vertex -30.883 -13.7211 0.103127
      vertex -30.7784 -13.6607 0.0530691
    endloop
  endfacet
  facet normal -0.34397 -0.169704 -0.923518
    outer loop
      vertex -30.7784 -13.6607 0.0530691
      vertex -30.883 -13.7211 0.103127
      vertex -30.797 -13.623 0.0530691
    endloop
  endfacet
  facet normal -0.577104 -0.195444 -0.792939
    outer loop
      vertex -31.0133 -13.7126 0.16853
      vertex -31.1369 -13.6707 0.248159
      vertex -31.0366 -13.6438 0.16853
    endloop
  endfacet
  facet normal -0.597667 -0.118686 -0.792911
    outer loop
      vertex -31.1369 -13.6707 0.248159
      vertex -31.1537 -13.5861 0.248159
      vertex -31.0366 -13.6438 0.16853
    endloop
  endfacet
  facet normal -0.491258 -0.0977327 -0.865514
    outer loop
      vertex -30.9272 -13.6145 0.103127
      vertex -31.0366 -13.6438 0.16853
      vertex -30.9385 -13.5577 0.103127
    endloop
  endfacet
  facet normal -0.474407 -0.160664 -0.86552
    outer loop
      vertex -31.0133 -13.7126 0.16853
      vertex -31.0366 -13.6438 0.16853
      vertex -30.9272 -13.6145 0.103127
    endloop
  endfacet
  facet normal 0.402236 0.458083 -0.792695
    outer loop
      vertex 30.9662 13.9662 0.248159
      vertex 30.8382 13.9408 0.16853
      vertex 30.9014 14.0231 0.248159
    endloop
  endfacet
  facet normal 0.338647 0.50691 -0.792692
    outer loop
      vertex 30.8382 13.9408 0.16853
      vertex 30.8297 14.071 0.248159
      vertex 30.9014 14.0231 0.248159
    endloop
  endfacet
  facet normal 0.47416 0.160938 -0.865605
    outer loop
      vertex 30.9272 13.6145 0.103127
      vertex 30.9086 13.6693 0.103127
      vertex 31.0133 13.7126 0.16853
    endloop
  endfacet
  facet normal 0.448943 0.221871 -0.865577
    outer loop
      vertex 30.9086 13.6693 0.103127
      vertex 30.883 13.7211 0.103127
      vertex 31.0133 13.7126 0.16853
    endloop
  endfacet
  facet normal 0.608248 0.0395608 -0.792761
    outer loop
      vertex 31.1593 13.5 0.248159
      vertex 31.0508 13.5725 0.16853
      vertex 31.1537 13.5861 0.248159
    endloop
  endfacet
  facet normal 0.670484 0.227576 -0.706159
    outer loop
      vertex 31.2262 13.6946 0.340653
      vertex 31.1092 13.7523 0.248159
      vertex 31.1946 13.7877 0.340653
    endloop
  endfacet
  facet normal 0.330645 0.376109 -0.865572
    outer loop
      vertex 30.8928 13.8928 0.16853
      vertex 30.8127 13.8127 0.103127
      vertex 30.8382 13.9408 0.16853
    endloop
  endfacet
  facet normal 0.457719 0.40239 -0.792827
    outer loop
      vertex 30.9408 13.8382 0.16853
      vertex 30.8928 13.8928 0.16853
      vertex 30.9662 13.9662 0.248159
    endloop
  endfacet
  facet normal 0.24549 0.0832692 -0.965816
    outer loop
      vertex 30.8105 13.5832 0.0530691
      vertex 30.6884 13.5505 0.0192146
      vertex 30.797 13.623 0.0530691
    endloop
  endfacet
  facet normal 0.363123 0.12317 -0.923564
    outer loop
      vertex 30.8105 13.5832 0.0530691
      vertex 30.797 13.623 0.0530691
      vertex 30.9272 13.6145 0.103127
    endloop
  endfacet
  facet normal 0.108786 0.0725237 -0.991416
    outer loop
      vertex 30.669 13.5975 0.0192146
      vertex 30.5566 13.5327 0.002141
      vertex 30.6548 13.6188 0.0192146
    endloop
  endfacet
  facet normal 0.11736 0.0576505 -0.991415
    outer loop
      vertex 30.6802 13.5747 0.0192146
      vertex 30.5566 13.5327 0.002141
      vertex 30.669 13.5975 0.0192146
    endloop
  endfacet
  facet normal -0.123573 -0.0427165 -0.991416
    outer loop
      vertex -30.5604 -13.525 0.002141
      vertex -30.6802 -13.5747 0.0192146
      vertex -30.5632 -13.5169 0.002141
    endloop
  endfacet
  facet normal 0.0870111 0.0976966 -0.991405
    outer loop
      vertex 30.5462 13.5462 0.002141
      vertex 30.5398 13.5519 0.002141
      vertex 30.6188 13.6548 0.0192146
    endloop
  endfacet
  facet normal 0.123573 0.0427165 -0.991416
    outer loop
      vertex 30.5632 13.5169 0.002141
      vertex 30.5604 13.525 0.002141
      vertex 30.6802 13.5747 0.0192146
    endloop
  endfacet
  facet normal 0.254251 0.0508502 -0.965801
    outer loop
      vertex 30.6934 13.5255 0.0192146
      vertex 30.6884 13.5505 0.0192146
      vertex 30.8187 13.542 0.0530691
    endloop
  endfacet
  facet normal 0.258679 0.0172453 -0.965809
    outer loop
      vertex 30.6951 13.5 0.0192146
      vertex 30.6934 13.5255 0.0192146
      vertex 30.8187 13.542 0.0530691
    endloop
  endfacet
  facet normal 0.0870111 -0.0976966 -0.991405
    outer loop
      vertex 30.6188 -13.6548 0.0192146
      vertex 30.5398 -13.5519 0.002141
      vertex 30.5462 -13.5462 0.002141
    endloop
  endfacet
  facet normal 0.109068 -0.0722 -0.991409
    outer loop
      vertex 30.6548 -13.6188 0.0192146
      vertex 30.5519 -13.5398 0.002141
      vertex 30.5566 -13.5327 0.002141
    endloop
  endfacet
  facet normal 0.194332 -0.171948 -0.965748
    outer loop
      vertex 30.755 -13.6957 0.0530691
      vertex 30.6379 -13.6379 0.0192146
      vertex 30.6548 -13.6188 0.0192146
    endloop
  endfacet
  facet normal 0.319026 -0.212905 -0.923522
    outer loop
      vertex 30.8509 -13.7692 0.103127
      vertex 30.7784 -13.6607 0.0530691
      vertex 30.883 -13.7211 0.103127
    endloop
  endfacet
  facet normal 0.37608 -0.0748509 -0.923559
    outer loop
      vertex 30.9272 -13.6145 0.103127
      vertex 30.8105 -13.5832 0.0530691
      vertex 30.8187 -13.542 0.0530691
    endloop
  endfacet
  facet normal 0.363123 -0.12317 -0.923564
    outer loop
      vertex 30.9272 -13.6145 0.103127
      vertex 30.797 -13.623 0.0530691
      vertex 30.8105 -13.5832 0.0530691
    endloop
  endfacet
  facet normal 0.69501 -0.609119 -0.382015
    outer loop
      vertex 31.1696 -14.1696 0.67856
      vertex 31.1342 -14.1342 0.557711
      vertex 31.2115 -14.046 0.557711
    endloop
  endfacet
  facet normal 0.651459 -0.57095 -0.499617
    outer loop
      vertex 31.1342 -14.1342 0.557711
      vertex 31.0879 -14.0879 0.444429
      vertex 31.2115 -14.046 0.557711
    endloop
  endfacet
  facet normal 0.726182 -0.637292 -0.257913
    outer loop
      vertex 31.1935 -14.1935 0.804909
      vertex 31.1696 -14.1696 0.67856
      vertex 31.2781 -14.0971 0.804909
    endloop
  endfacet
  facet normal 0.637292 -0.726182 -0.257913
    outer loop
      vertex 31.1935 -14.1935 0.804909
      vertex 31.0971 -14.2781 0.804909
      vertex 31.1696 -14.1696 0.67856
    endloop
  endfacet
  facet normal 0.310909 -0.914659 -0.258329
    outer loop
      vertex 30.8753 -14.4061 0.804909
      vertex 30.7538 -14.4474 0.804909
      vertex 30.8624 -14.3748 0.67856
    endloop
  endfacet
  facet normal 0.311119 -0.914642 -0.258138
    outer loop
      vertex 30.7538 -14.4474 0.804909
      vertex 30.7451 -14.4147 0.67856
      vertex 30.8624 -14.3748 0.67856
    endloop
  endfacet
  facet normal 0.392964 -0.588727 -0.706385
    outer loop
      vertex 30.9577 -14.0965 0.340653
      vertex 30.8759 -14.1511 0.340653
      vertex 30.9014 -14.0231 0.248159
    endloop
  endfacet
  facet normal 0.52374 -0.596786 -0.607901
    outer loop
      vertex 31.0879 -14.0879 0.444429
      vertex 31.0062 -14.1596 0.444429
      vertex 31.0316 -14.0316 0.340653
    endloop
  endfacet
  facet normal 0.467039 -0.531981 0.706308
    outer loop
      vertex 31.2071 -14.2071 16.6
      vertex 30.9243 -13.9243 17
      vertex 31.1088 -14.2934 16.6
    endloop
  endfacet
  facet normal 0.465987 -0.532685 0.706472
    outer loop
      vertex 30.9243 -13.9243 17
      vertex 30.8652 -13.976 17
      vertex 31.1088 -14.2934 16.6
    endloop
  endfacet
  facet normal 0.768138 -0.513832 -0.382022
    outer loop
      vertex 31.2512 -14.0765 0.67856
      vertex 31.2115 -14.046 0.557711
      vertex 31.3201 -13.9735 0.67856
    endloop
  endfacet
  facet normal 0.803284 -0.536778 -0.258077
    outer loop
      vertex 31.3494 -13.9904 0.804909
      vertex 31.2781 -14.0971 0.804909
      vertex 31.3201 -13.9735 0.67856
    endloop
  endfacet
  facet normal 0.751086 -0.659397 -0.0326289
    outer loop
      vertex 31.2934 -14.1088 1
      vertex 31.2071 -14.2071 1
      vertex 31.2917 -14.1075 0.934596
    endloop
  endfacet
  facet normal 0.831372 -0.554757 -0.0326359
    outer loop
      vertex 31.2934 -14.1088 1
      vertex 31.2917 -14.1075 0.934596
      vertex 31.366 -14 1
    endloop
  endfacet
  facet normal 0.972525 -0.192835 -0.130425
    outer loop
      vertex 31.4639 -13.7583 0.934596
      vertex 31.4474 -13.7538 0.804909
      vertex 31.4893 -13.6302 0.934596
    endloop
  endfacet
  facet normal 0.980418 -0.1944 -0.0314665
    outer loop
      vertex 31.4659 -13.7588 1
      vertex 31.4639 -13.7583 0.934596
      vertex 31.4893 -13.6302 0.934596
    endloop
  endfacet
  facet normal -0.4409 -0.660543 -0.607693
    outer loop
      vertex -30.8759 -14.1511 0.340653
      vertex -31.0062 -14.1596 0.444429
      vertex -30.9577 -14.0965 0.340653
    endloop
  endfacet
  facet normal -0.392964 -0.588727 -0.706385
    outer loop
      vertex -30.8759 -14.1511 0.340653
      vertex -30.9577 -14.0965 0.340653
      vertex -30.9014 -14.0231 0.248159
    endloop
  endfacet
  facet normal -0.467063 -0.53191 -0.706346
    outer loop
      vertex -30.9014 -14.0231 0.248159
      vertex -31.0316 -14.0316 0.340653
      vertex -30.9662 -13.9662 0.248159
    endloop
  endfacet
  facet normal -0.402236 -0.458083 -0.792695
    outer loop
      vertex -30.9014 -14.0231 0.248159
      vertex -30.9662 -13.9662 0.248159
      vertex -30.8382 -13.9408 0.16853
    endloop
  endfacet
  facet normal -0.914659 -0.310909 -0.258329
    outer loop
      vertex -31.4061 -13.8753 0.804909
      vertex -31.4474 -13.7538 0.804909
      vertex -31.3748 -13.8624 0.67856
    endloop
  endfacet
  facet normal -0.866716 -0.426727 -0.258277
    outer loop
      vertex -31.3201 -13.9735 0.67856
      vertex -31.4061 -13.8753 0.804909
      vertex -31.3748 -13.8624 0.67856
    endloop
  endfacet
  facet normal -0.720504 -0.481321 -0.499203
    outer loop
      vertex -31.2115 -14.046 0.557711
      vertex -31.2767 -13.9484 0.557711
      vertex -31.1596 -14.0062 0.444429
    endloop
  endfacet
  facet normal -0.768289 -0.513242 -0.382511
    outer loop
      vertex -31.2115 -14.046 0.557711
      vertex -31.3201 -13.9735 0.67856
      vertex -31.2767 -13.9484 0.557711
    endloop
  endfacet
  facet normal -0.778534 -0.1549 -0.608186
    outer loop
      vertex -31.2262 -13.6946 0.340653
      vertex -31.3244 -13.6085 0.444429
      vertex -31.2454 -13.5981 0.340653
    endloop
  endfacet
  facet normal -0.69432 -0.138145 -0.706283
    outer loop
      vertex -31.2262 -13.6946 0.340653
      vertex -31.2454 -13.5981 0.340653
      vertex -31.1537 -13.5861 0.248159
    endloop
  endfacet
  facet normal -0.130513 0 -0.991447
    outer loop
      vertex -30.6951 -13.5 0.0192146
      vertex -30.5654 13.5 0.002141
      vertex -30.5654 -13.5 0.002141
    endloop
  endfacet
  facet normal -0.130513 0 -0.991447
    outer loop
      vertex -30.5654 13.5 0.002141
      vertex -30.6951 -13.5 0.0192146
      vertex -30.6951 13.5 0.0192146
    endloop
  endfacet
  facet normal -0.24549 -0.0832692 -0.965816
    outer loop
      vertex -30.797 -13.623 0.0530691
      vertex -30.8105 -13.5832 0.0530691
      vertex -30.6884 -13.5505 0.0192146
    endloop
  endfacet
  facet normal -0.254239 -0.050601 -0.965817
    outer loop
      vertex -30.8105 -13.5832 0.0530691
      vertex -30.8187 -13.542 0.0530691
      vertex -30.6884 -13.5505 0.0192146
    endloop
  endfacet
  facet normal -0.376097 0.0748222 -0.923554
    outer loop
      vertex -30.8187 13.542 0.0530691
      vertex -30.9385 13.5577 0.103127
      vertex -30.9272 13.6145 0.103127
    endloop
  endfacet
  facet normal -0.37608 0.0748509 -0.923559
    outer loop
      vertex -30.8187 13.542 0.0530691
      vertex -30.9272 13.6145 0.103127
      vertex -30.8105 13.5832 0.0530691
    endloop
  endfacet
  facet normal -0.448943 0.221871 -0.865577
    outer loop
      vertex -30.9086 13.6693 0.103127
      vertex -31.0133 13.7126 0.16853
      vertex -30.883 13.7211 0.103127
    endloop
  endfacet
  facet normal -0.634836 0.313317 -0.706269
    outer loop
      vertex -31.1092 13.7523 0.248159
      vertex -31.1511 13.8759 0.340653
      vertex -31.071 13.8297 0.248159
    endloop
  endfacet
  facet normal -0.258873 0.0166418 -0.965768
    outer loop
      vertex -30.6951 13.5 0.0192146
      vertex -30.8214 13.5 0.0530691
      vertex -30.8187 13.542 0.0530691
    endloop
  endfacet
  facet normal -0.382434 0.024585 -0.923656
    outer loop
      vertex -30.8214 13.5 0.0530691
      vertex -30.9423 13.5 0.103127
      vertex -30.8187 13.542 0.0530691
    endloop
  endfacet
  facet normal -0.4409 0.660543 -0.607693
    outer loop
      vertex -30.9577 14.0965 0.340653
      vertex -31.0062 14.1596 0.444429
      vertex -30.8759 14.1511 0.340653
    endloop
  endfacet
  facet normal -0.609119 0.69501 -0.382015
    outer loop
      vertex -31.1342 14.1342 0.557711
      vertex -31.1696 14.1696 0.67856
      vertex -31.046 14.2115 0.557711
    endloop
  endfacet
  facet normal -0.024585 0.382434 -0.923656
    outer loop
      vertex -30.5 13.8214 0.0530691
      vertex -30.542 13.8187 0.0530691
      vertex -30.5 13.9423 0.103127
    endloop
  endfacet
  facet normal -0.0166418 0.258873 -0.965768
    outer loop
      vertex -30.5 13.6951 0.0192146
      vertex -30.542 13.8187 0.0530691
      vertex -30.5 13.8214 0.0530691
    endloop
  endfacet
  facet normal -0.506965 0.338257 -0.792823
    outer loop
      vertex -30.9811 13.7778 0.16853
      vertex -31.071 13.8297 0.248159
      vertex -30.9408 13.8382 0.16853
    endloop
  endfacet
  facet normal -0.53191 0.467063 -0.706346
    outer loop
      vertex -31.0231 13.9014 0.248159
      vertex -31.0316 14.0316 0.340653
      vertex -30.9662 13.9662 0.248159
    endloop
  endfacet
  facet normal -0.778534 0.1549 -0.608186
    outer loop
      vertex -31.2454 13.5981 0.340653
      vertex -31.3244 13.6085 0.444429
      vertex -31.2262 13.6946 0.340653
    endloop
  endfacet
  facet normal -0.711995 0.351154 -0.608075
    outer loop
      vertex -31.1946 13.7877 0.340653
      vertex -31.2201 13.9157 0.444429
      vertex -31.1511 13.8759 0.340653
    endloop
  endfacet
  facet normal 0.118686 0.597667 -0.792911
    outer loop
      vertex 30.6438 14.0366 0.16853
      vertex 30.5861 14.1537 0.248159
      vertex 30.6707 14.1369 0.248159
    endloop
  endfacet
  facet normal 0.221721 0.44895 -0.865612
    outer loop
      vertex 30.7211 13.883 0.103127
      vertex 30.7126 14.0133 0.16853
      vertex 30.7778 13.9811 0.16853
    endloop
  endfacet
  facet normal 0.252858 0.288459 -0.923501
    outer loop
      vertex 30.7273 13.7273 0.0530691
      vertex 30.6957 13.755 0.0530691
      vertex 30.8127 13.8127 0.103127
    endloop
  endfacet
  facet normal 0.170846 0.1949 -0.965829
    outer loop
      vertex 30.7273 13.7273 0.0530691
      vertex 30.6379 13.6379 0.0192146
      vertex 30.6957 13.755 0.0530691
    endloop
  endfacet
  facet normal 0.215598 0.144142 -0.965785
    outer loop
      vertex 30.7784 13.6607 0.0530691
      vertex 30.669 13.5975 0.0192146
      vertex 30.755 13.6957 0.0530691
    endloop
  endfacet
  facet normal 0.194332 0.171948 -0.965748
    outer loop
      vertex 30.6548 13.6188 0.0192146
      vertex 30.6379 13.6379 0.0192146
      vertex 30.755 13.6957 0.0530691
    endloop
  endfacet
  facet normal 0.441218 0.660004 -0.608047
    outer loop
      vertex 31.0062 14.1596 0.444429
      vertex 30.8759 14.1511 0.340653
      vertex 30.9157 14.2201 0.444429
    endloop
  endfacet
  facet normal 0.313185 0.63501 -0.706171
    outer loop
      vertex 30.8759 14.1511 0.340653
      vertex 30.7523 14.1092 0.248159
      vertex 30.7877 14.1946 0.340653
    endloop
  endfacet
  facet normal -0.820486 -0.278419 -0.499285
    outer loop
      vertex -31.3286 -13.8432 0.557711
      vertex -31.3663 -13.7321 0.557711
      vertex -31.3031 -13.7152 0.444429
    endloop
  endfacet
  facet normal -0.849651 -0.169612 -0.499324
    outer loop
      vertex -31.3031 -13.7152 0.444429
      vertex -31.3663 -13.7321 0.557711
      vertex -31.3244 -13.6085 0.444429
    endloop
  endfacet
  facet normal -0.555053 0.831815 0
    outer loop
      vertex -31 14.366 1
      vertex -31.1088 14.2934 16.6
      vertex -31 14.366 16.6
    endloop
  endfacet
  facet normal -0.555053 0.831815 0
    outer loop
      vertex -31.1088 14.2934 16.6
      vertex -31 14.366 1
      vertex -31.1088 14.2934 1
    endloop
  endfacet
  facet normal -0.653998 0.745148 -0.130542
    outer loop
      vertex -31.1935 14.1935 0.804909
      vertex -31.2056 14.2056 0.934596
      vertex -31.1075 14.2917 0.934596
    endloop
  endfacet
  facet normal -0.751186 0.659298 -0.0323486
    outer loop
      vertex -31.2056 14.2056 0.934596
      vertex -31.2917 14.1075 0.934596
      vertex -31.2071 14.2071 1
    endloop
  endfacet
  facet normal 0.180505 -0.906468 -0.38175
    outer loop
      vertex 30.6236 -14.4388 0.67856
      vertex 30.6171 -14.3892 0.557711
      vertex 30.7321 -14.3663 0.557711
    endloop
  endfacet
  facet normal 0.179781 -0.906364 -0.382338
    outer loop
      vertex 30.7451 -14.4147 0.67856
      vertex 30.6236 -14.4388 0.67856
      vertex 30.7321 -14.3663 0.557711
    endloop
  endfacet
  facet normal -0.0649282 0.989382 -0.130031
    outer loop
      vertex -30.628 14.4724 0.804909
      vertex -30.6302 14.4893 0.934596
      vertex -30.5 14.4808 0.804909
    endloop
  endfacet
  facet normal -0.0632563 0.963906 -0.25862
    outer loop
      vertex -30.5 14.4469 0.67856
      vertex -30.628 14.4724 0.804909
      vertex -30.5 14.4808 0.804909
    endloop
  endfacet
  facet normal -0.321039 0.947066 0
    outer loop
      vertex -30.7588 14.4659 1
      vertex -30.8827 14.4239 16.6
      vertex -30.7588 14.4659 16.6
    endloop
  endfacet
  facet normal -0.321039 0.947066 0
    outer loop
      vertex -30.8827 14.4239 16.6
      vertex -30.7588 14.4659 1
      vertex -30.8827 14.4239 1
    endloop
  endfacet
  facet normal -0.43851 0.88918 -0.130647
    outer loop
      vertex -30.8753 14.4061 0.804909
      vertex -30.9989 14.3642 0.934596
      vertex -30.8819 14.4219 0.934596
    endloop
  endfacet
  facet normal -0.180505 0.906468 -0.38175
    outer loop
      vertex -30.6171 14.3892 0.557711
      vertex -30.7321 14.3663 0.557711
      vertex -30.6236 14.4388 0.67856
    endloop
  endfacet
  facet normal -0.0606439 0.92226 -0.381784
    outer loop
      vertex -30.6171 14.3892 0.557711
      vertex -30.6236 14.4388 0.67856
      vertex -30.5 14.3969 0.557711
    endloop
  endfacet
  facet normal -0.550871 0.824375 -0.130184
    outer loop
      vertex -30.9904 14.3494 0.804909
      vertex -31.0971 14.2781 0.804909
      vertex -30.9989 14.3642 0.934596
    endloop
  endfacet
  facet normal -0.426935 0.866671 -0.258084
    outer loop
      vertex -30.9735 14.3201 0.67856
      vertex -30.9904 14.3494 0.804909
      vertex -30.8753 14.4061 0.804909
    endloop
  endfacet
  facet normal -0.1549 0.778534 -0.608186
    outer loop
      vertex -30.5981 14.2454 0.340653
      vertex -30.6946 14.2262 0.340653
      vertex -30.6085 14.3244 0.444429
    endloop
  endfacet
  facet normal -0.0516772 0.792115 -0.60818
    outer loop
      vertex -30.5981 14.2454 0.340653
      vertex -30.6085 14.3244 0.444429
      vertex -30.5 14.2518 0.340653
    endloop
  endfacet
  facet normal -0.195924 0.577163 -0.792778
    outer loop
      vertex -30.7126 14.0133 0.16853
      vertex -30.7523 14.1092 0.248159
      vertex -30.6707 14.1369 0.248159
    endloop
  endfacet
  facet normal -0.227604 0.670488 -0.706146
    outer loop
      vertex -30.6707 14.1369 0.248159
      vertex -30.7523 14.1092 0.248159
      vertex -30.6946 14.2262 0.340653
    endloop
  endfacet
  facet normal -0.0978254 0.491194 -0.86554
    outer loop
      vertex -30.5577 13.9385 0.103127
      vertex -30.6438 14.0366 0.16853
      vertex -30.5725 14.0508 0.16853
    endloop
  endfacet
  facet normal -0.0748509 0.37608 -0.923559
    outer loop
      vertex -30.5832 13.8105 0.0530691
      vertex -30.6145 13.9272 0.103127
      vertex -30.542 13.8187 0.0530691
    endloop
  endfacet
  facet normal -0.524033 0.596704 -0.607728
    outer loop
      vertex -30.9577 14.0965 0.340653
      vertex -31.0316 14.0316 0.340653
      vertex -31.0062 14.1596 0.444429
    endloop
  endfacet
  facet normal -0.481321 0.720504 -0.499203
    outer loop
      vertex -31.0062 14.1596 0.444429
      vertex -31.046 14.2115 0.557711
      vertex -30.9484 14.2767 0.557711
    endloop
  endfacet
  facet normal -0.402236 0.458083 -0.792695
    outer loop
      vertex -30.8382 13.9408 0.16853
      vertex -30.9662 13.9662 0.248159
      vertex -30.9014 14.0231 0.248159
    endloop
  endfacet
  facet normal -0.40239 0.457719 -0.792827
    outer loop
      vertex -30.8928 13.8928 0.16853
      vertex -30.9662 13.9662 0.248159
      vertex -30.8382 13.9408 0.16853
    endloop
  endfacet
  facet normal -0.571551 0.651265 -0.499182
    outer loop
      vertex -31.0062 14.1596 0.444429
      vertex -31.0879 14.0879 0.444429
      vertex -31.046 14.2115 0.557711
    endloop
  endfacet
  facet normal -0.596786 0.52374 -0.607901
    outer loop
      vertex -31.0316 14.0316 0.340653
      vertex -31.1596 14.0062 0.444429
      vertex -31.0879 14.0879 0.444429
    endloop
  endfacet
  facet normal -0.311119 0.914642 -0.258138
    outer loop
      vertex -30.7451 14.4147 0.67856
      vertex -30.8624 14.3748 0.67856
      vertex -30.7538 14.4474 0.804909
    endloop
  endfacet
  facet normal -0.383417 0.777178 -0.498985
    outer loop
      vertex -30.9157 14.2201 0.444429
      vertex -30.9484 14.2767 0.557711
      vertex -30.8432 14.3286 0.557711
    endloop
  endfacet
  facet normal -0.254819 0.752045 -0.607862
    outer loop
      vertex -30.6946 14.2262 0.340653
      vertex -30.8182 14.2682 0.444429
      vertex -30.7152 14.3031 0.444429
    endloop
  endfacet
  facet normal -0.255149 0.751721 -0.608124
    outer loop
      vertex -30.7877 14.1946 0.340653
      vertex -30.8182 14.2682 0.444429
      vertex -30.6946 14.2262 0.340653
    endloop
  endfacet
  facet normal -0.52374 0.596786 -0.607901
    outer loop
      vertex -31.0316 14.0316 0.340653
      vertex -31.0879 14.0879 0.444429
      vertex -31.0062 14.1596 0.444429
    endloop
  endfacet
  facet normal -0.513242 0.768289 -0.382511
    outer loop
      vertex -30.9484 14.2767 0.557711
      vertex -31.046 14.2115 0.557711
      vertex -30.9735 14.3201 0.67856
    endloop
  endfacet
  facet normal -0.889423 0.438143 -0.130219
    outer loop
      vertex -31.3494 13.9904 0.804909
      vertex -31.4061 13.8753 0.804909
      vertex -31.3642 13.9989 0.934596
    endloop
  endfacet
  facet normal -0.824375 0.550871 -0.130184
    outer loop
      vertex -31.3494 13.9904 0.804909
      vertex -31.3642 13.9989 0.934596
      vertex -31.2781 14.0971 0.804909
    endloop
  endfacet
  facet normal -0.874789 0.297562 -0.382362
    outer loop
      vertex -31.3663 13.7321 0.557711
      vertex -31.4147 13.7451 0.67856
      vertex -31.3748 13.8624 0.67856
    endloop
  endfacet
  facet normal -0.875234 0.296997 -0.381783
    outer loop
      vertex -31.3663 13.7321 0.557711
      vertex -31.3748 13.8624 0.67856
      vertex -31.3286 13.8432 0.557711
    endloop
  endfacet
  facet normal -0.670488 0.227604 -0.706146
    outer loop
      vertex -31.1369 13.6707 0.248159
      vertex -31.2262 13.6946 0.340653
      vertex -31.1092 13.7523 0.248159
    endloop
  endfacet
  facet normal -0.69432 0.138145 -0.706283
    outer loop
      vertex -31.1537 13.5861 0.248159
      vertex -31.2454 13.5981 0.340653
      vertex -31.2262 13.6946 0.340653
    endloop
  endfacet
  facet normal 0.351213 0.711919 -0.608129
    outer loop
      vertex 30.9157 14.2201 0.444429
      vertex 30.7877 14.1946 0.340653
      vertex 30.8182 14.2682 0.444429
    endloop
  endfacet
  facet normal 0.383408 0.777178 -0.498992
    outer loop
      vertex 30.9157 14.2201 0.444429
      vertex 30.8182 14.2682 0.444429
      vertex 30.8432 14.3286 0.557711
    endloop
  endfacet
  facet normal 0.828946 0.408131 -0.382463
    outer loop
      vertex 31.3748 13.8624 0.67856
      vertex 31.2767 13.9484 0.557711
      vertex 31.3201 13.9735 0.67856
    endloop
  endfacet
  facet normal 0.828852 0.408911 -0.381832
    outer loop
      vertex 31.3286 13.8432 0.557711
      vertex 31.2767 13.9484 0.557711
      vertex 31.3748 13.8624 0.67856
    endloop
  endfacet
  facet normal 0.637292 0.726182 -0.257913
    outer loop
      vertex 31.1696 14.1696 0.67856
      vertex 31.0971 14.2781 0.804909
      vertex 31.1935 14.1935 0.804909
    endloop
  endfacet
  facet normal 0.997836 0.0657577 0
    outer loop
      vertex 31.5 13.5 16.6
      vertex 31.4914 13.6305 1
      vertex 31.4914 13.6305 16.6
    endloop
  endfacet
  facet normal 0.997836 0.0657577 0
    outer loop
      vertex 31.4914 13.6305 1
      vertex 31.5 13.5 16.6
      vertex 31.5 13.5 1
    endloop
  endfacet
  facet normal 0.906468 0.180505 -0.38175
    outer loop
      vertex 31.3892 13.6171 0.557711
      vertex 31.3663 13.7321 0.557711
      vertex 31.4388 13.6236 0.67856
    endloop
  endfacet
  facet normal 0.906364 0.179781 -0.382338
    outer loop
      vertex 31.4388 13.6236 0.67856
      vertex 31.3663 13.7321 0.557711
      vertex 31.4147 13.7451 0.67856
    endloop
  endfacet
  facet normal 0.831815 0.555053 0
    outer loop
      vertex 31.366 14 16.6
      vertex 31.2934 14.1088 1
      vertex 31.2934 14.1088 16.6
    endloop
  endfacet
  facet normal 0.831815 0.555053 0
    outer loop
      vertex 31.2934 14.1088 1
      vertex 31.366 14 16.6
      vertex 31.366 14 1
    endloop
  endfacet
  facet normal 0.874789 0.297562 -0.382362
    outer loop
      vertex 31.4147 13.7451 0.67856
      vertex 31.3663 13.7321 0.557711
      vertex 31.3748 13.8624 0.67856
    endloop
  endfacet
  facet normal 0.778674 0.155443 -0.607869
    outer loop
      vertex 31.3244 13.6085 0.444429
      vertex 31.2262 13.6946 0.340653
      vertex 31.3031 13.7152 0.444429
    endloop
  endfacet
  facet normal 0.660543 0.4409 -0.607693
    outer loop
      vertex 31.1511 13.8759 0.340653
      vertex 31.0965 13.9577 0.340653
      vertex 31.1596 14.0062 0.444429
    endloop
  endfacet
  facet normal 0.596704 0.524033 -0.607728
    outer loop
      vertex 31.0965 13.9577 0.340653
      vertex 31.0316 14.0316 0.340653
      vertex 31.1596 14.0062 0.444429
    endloop
  endfacet
  facet normal 0.720504 0.481321 -0.499203
    outer loop
      vertex 31.2767 13.9484 0.557711
      vertex 31.1596 14.0062 0.444429
      vertex 31.2115 14.046 0.557711
    endloop
  endfacet
  facet normal 0.426935 0.866671 -0.258084
    outer loop
      vertex 30.9735 14.3201 0.67856
      vertex 30.8753 14.4061 0.804909
      vertex 30.9904 14.3494 0.804909
    endloop
  endfacet
  facet normal 0.321579 0.946362 -0.0313974
    outer loop
      vertex 30.8819 14.4219 0.934596
      vertex 30.7583 14.4639 0.934596
      vertex 30.7588 14.4659 1
    endloop
  endfacet
  facet normal 0.320866 0.946554 -0.0328696
    outer loop
      vertex 30.8819 14.4219 0.934596
      vertex 30.7588 14.4659 1
      vertex 30.8827 14.4239 1
    endloop
  endfacet
  facet normal 0.609135 0.694981 -0.382042
    outer loop
      vertex 31.1696 14.1696 0.67856
      vertex 31.046 14.2115 0.557711
      vertex 31.0765 14.2512 0.67856
    endloop
  endfacet
  facet normal 0.513242 0.768289 -0.382511
    outer loop
      vertex 31.046 14.2115 0.557711
      vertex 30.9484 14.2767 0.557711
      vertex 30.9735 14.3201 0.67856
    endloop
  endfacet
  facet normal 0.0748509 -0.37608 -0.923559
    outer loop
      vertex 30.6145 -13.9272 0.103127
      vertex 30.542 -13.8187 0.0530691
      vertex 30.5832 -13.8105 0.0530691
    endloop
  endfacet
  facet normal 0.00920533 -0.130409 -0.991418
    outer loop
      vertex 30.5255 -13.6934 0.0192146
      vertex 30.5 -13.5654 0.002141
      vertex 30.5085 -13.5648 0.002141
    endloop
  endfacet
  facet normal 0.694498 0.137915 -0.706153
    outer loop
      vertex 31.1537 13.5861 0.248159
      vertex 31.1369 13.6707 0.248159
      vertex 31.2262 13.6946 0.340653
    endloop
  endfacet
  facet normal 0.499751 0.0329125 -0.865544
    outer loop
      vertex 30.9423 13.5 0.103127
      vertex 30.9385 13.5577 0.103127
      vertex 31.0508 13.5725 0.16853
    endloop
  endfacet
  facet normal 0.212905 -0.319026 -0.923522
    outer loop
      vertex 30.7211 -13.883 0.103127
      vertex 30.6607 -13.7784 0.0530691
      vertex 30.7692 -13.8509 0.103127
    endloop
  endfacet
  facet normal 0.213109 -0.318753 -0.92357
    outer loop
      vertex 30.7692 -13.8509 0.103127
      vertex 30.6607 -13.7784 0.0530691
      vertex 30.6957 -13.755 0.0530691
    endloop
  endfacet
  facet normal 0.313317 -0.634836 -0.706269
    outer loop
      vertex 30.8759 -14.1511 0.340653
      vertex 30.7523 -14.1092 0.248159
      vertex 30.8297 -14.071 0.248159
    endloop
  endfacet
  facet normal 0.269761 -0.546584 -0.792764
    outer loop
      vertex 30.7523 -14.1092 0.248159
      vertex 30.7126 -14.0133 0.16853
      vertex 30.8297 -14.071 0.248159
    endloop
  endfacet
  facet normal 0.40239 -0.457719 -0.792827
    outer loop
      vertex 30.9662 -13.9662 0.248159
      vertex 30.8382 -13.9408 0.16853
      vertex 30.8928 -13.8928 0.16853
    endloop
  endfacet
  facet normal 0.457719 -0.40239 -0.792827
    outer loop
      vertex 30.9662 -13.9662 0.248159
      vertex 30.8928 -13.8928 0.16853
      vertex 30.9408 -13.8382 0.16853
    endloop
  endfacet
  facet normal 0.777178 -0.383408 -0.498992
    outer loop
      vertex 31.3286 -13.8432 0.557711
      vertex 31.2201 -13.9157 0.444429
      vertex 31.2682 -13.8182 0.444429
    endloop
  endfacet
  facet normal 0.63501 -0.313185 -0.706171
    outer loop
      vertex 31.1511 -13.8759 0.340653
      vertex 31.1092 -13.7523 0.248159
      vertex 31.1946 -13.7877 0.340653
    endloop
  endfacet
  facet normal 0.34397 -0.169704 -0.923518
    outer loop
      vertex 30.883 -13.7211 0.103127
      vertex 30.7784 -13.6607 0.0530691
      vertex 30.797 -13.623 0.0530691
    endloop
  endfacet
  facet normal 0.343773 -0.169896 -0.923556
    outer loop
      vertex 30.883 -13.7211 0.103127
      vertex 30.797 -13.623 0.0530691
      vertex 30.9086 -13.6693 0.103127
    endloop
  endfacet
  facet normal 0.768289 -0.513242 -0.382511
    outer loop
      vertex 31.3201 -13.9735 0.67856
      vertex 31.2115 -14.046 0.557711
      vertex 31.2767 -13.9484 0.557711
    endloop
  endfacet
  facet normal 0.828946 -0.408131 -0.382463
    outer loop
      vertex 31.3201 -13.9735 0.67856
      vertex 31.2767 -13.9484 0.557711
      vertex 31.3748 -13.8624 0.67856
    endloop
  endfacet
  facet normal -0.0508502 0.254251 -0.965801
    outer loop
      vertex -30.5255 13.6934 0.0192146
      vertex -30.5505 13.6884 0.0192146
      vertex -30.542 13.8187 0.0530691
    endloop
  endfacet
  facet normal -0.0172453 0.258679 -0.965809
    outer loop
      vertex -30.5255 13.6934 0.0192146
      vertex -30.542 13.8187 0.0530691
      vertex -30.5 13.6951 0.0192146
    endloop
  endfacet
  facet normal -0.0427165 0.123573 -0.991416
    outer loop
      vertex -30.525 13.5604 0.002141
      vertex -30.5747 13.6802 0.0192146
      vertex -30.5169 13.5632 0.002141
    endloop
  endfacet
  facet normal -0.0578793 0.117282 -0.991411
    outer loop
      vertex -30.5327 13.5566 0.002141
      vertex -30.5747 13.6802 0.0192146
      vertex -30.525 13.5604 0.002141
    endloop
  endfacet
  facet normal -0.109068 0.0722 -0.991409
    outer loop
      vertex -30.5566 13.5327 0.002141
      vertex -30.6548 13.6188 0.0192146
      vertex -30.5519 13.5398 0.002141
    endloop
  endfacet
  facet normal -0.1949 0.170846 -0.965829
    outer loop
      vertex -30.6379 13.6379 0.0192146
      vertex -30.755 13.6957 0.0530691
      vertex -30.7273 13.7273 0.0530691
    endloop
  endfacet
  facet normal -0.338257 0.506965 -0.792823
    outer loop
      vertex -30.7778 13.9811 0.16853
      vertex -30.8382 13.9408 0.16853
      vertex -30.8297 14.071 0.248159
    endloop
  endfacet
  facet normal -0.26987 0.546445 -0.792823
    outer loop
      vertex -30.7778 13.9811 0.16853
      vertex -30.8297 14.071 0.248159
      vertex -30.7126 14.0133 0.16853
    endloop
  endfacet
  facet normal -0.232579 0.114747 -0.965785
    outer loop
      vertex -30.669 13.5975 0.0192146
      vertex -30.797 13.623 0.0530691
      vertex -30.7784 13.6607 0.0530691
    endloop
  endfacet
  facet normal -0.330364 0.3762 -0.86564
    outer loop
      vertex -30.8127 13.8127 0.103127
      vertex -30.8382 13.9408 0.16853
      vertex -30.7692 13.8509 0.103127
    endloop
  endfacet
  facet normal -0.117282 -0.0578793 -0.991411
    outer loop
      vertex -30.5566 -13.5327 0.002141
      vertex -30.6802 -13.5747 0.0192146
      vertex -30.5604 -13.525 0.002141
    endloop
  endfacet
  facet normal 0 0 -1
    outer loop
      vertex 30.5 -13.5654 0.002141
      vertex 30.5654 -13.5 0.002141
      vertex 30.5648 -13.5085 0.002141
    endloop
  endfacet
  facet normal -0 0 -1
    outer loop
      vertex 30.5654 -13.5 0.002141
      vertex 30.5 -13.5654 0.002141
      vertex 30.5654 13.5 0.002141
    endloop
  endfacet
  facet normal 0 0 -1
    outer loop
      vertex 30.5 -13.5654 0.002141
      vertex 30.5648 -13.5085 0.002141
      vertex 30.5632 -13.5169 0.002141
    endloop
  endfacet
  facet normal 0 0 -1
    outer loop
      vertex 30.5 13.5654 0.002141
      vertex 30.5654 13.5 0.002141
      vertex 30.5 -13.5654 0.002141
    endloop
  endfacet
  facet normal 0 0 -1
    outer loop
      vertex 30.5 -13.5654 0.002141
      vertex 30.5632 -13.5169 0.002141
      vertex 30.5604 -13.525 0.002141
    endloop
  endfacet
  facet normal 0 0 -1
    outer loop
      vertex 30.5654 13.5 0.002141
      vertex 30.5 13.5654 0.002141
      vertex 30.5648 13.5085 0.002141
    endloop
  endfacet
  facet normal 0 0 -1
    outer loop
      vertex 30.5 -13.5654 0.002141
      vertex 30.5604 -13.525 0.002141
      vertex 30.5566 -13.5327 0.002141
    endloop
  endfacet
  facet normal 0 0 -1
    outer loop
      vertex 30.5648 13.5085 0.002141
      vertex 30.5 13.5654 0.002141
      vertex 30.5632 13.5169 0.002141
    endloop
  endfacet
  facet normal 0 0 -1
    outer loop
      vertex 30.5 -13.5654 0.002141
      vertex 30.5566 -13.5327 0.002141
      vertex 30.5519 -13.5398 0.002141
    endloop
  endfacet
  facet normal 0 0 -1
    outer loop
      vertex 30.5632 13.5169 0.002141
      vertex 30.5 13.5654 0.002141
      vertex 30.5604 13.525 0.002141
    endloop
  endfacet
  facet normal 0 0 -1
    outer loop
      vertex 30.5 -13.5654 0.002141
      vertex 30.5519 -13.5398 0.002141
      vertex 30.5462 -13.5462 0.002141
    endloop
  endfacet
  facet normal 0 0 -1
    outer loop
      vertex 30.5604 13.525 0.002141
      vertex 30.5 13.5654 0.002141
      vertex 30.5566 13.5327 0.002141
    endloop
  endfacet
  facet normal 0 0 -1
    outer loop
      vertex 30.5 -13.5654 0.002141
      vertex 30.5462 -13.5462 0.002141
      vertex 30.5398 -13.5519 0.002141
    endloop
  endfacet
  facet normal 0 0 -1
    outer loop
      vertex 30.5566 13.5327 0.002141
      vertex 30.5 13.5654 0.002141
      vertex 30.5519 13.5398 0.002141
    endloop
  endfacet
  facet normal 0 0 -1
    outer loop
      vertex 30.5 -13.5654 0.002141
      vertex 30.5398 -13.5519 0.002141
      vertex 30.5327 -13.5566 0.002141
    endloop
  endfacet
  facet normal 0 0 -1
    outer loop
      vertex 30.5519 13.5398 0.002141
      vertex 30.5 13.5654 0.002141
      vertex 30.5462 13.5462 0.002141
    endloop
  endfacet
  facet normal 0 0 -1
    outer loop
      vertex 30.5 -13.5654 0.002141
      vertex 30.5327 -13.5566 0.002141
      vertex 30.525 -13.5604 0.002141
    endloop
  endfacet
  facet normal 0 0 -1
    outer loop
      vertex 30.5462 13.5462 0.002141
      vertex 30.5 13.5654 0.002141
      vertex 30.5398 13.5519 0.002141
    endloop
  endfacet
  facet normal 0 0 -1
    outer loop
      vertex 30.5 -13.5654 0.002141
      vertex 30.525 -13.5604 0.002141
      vertex 30.5169 -13.5632 0.002141
    endloop
  endfacet
  facet normal 0 0 -1
    outer loop
      vertex 30.5398 13.5519 0.002141
      vertex 30.5 13.5654 0.002141
      vertex 30.5327 13.5566 0.002141
    endloop
  endfacet
  facet normal 0 0 -1
    outer loop
      vertex 30.5 -13.5654 0.002141
      vertex 30.5169 -13.5632 0.002141
      vertex 30.5085 -13.5648 0.002141
    endloop
  endfacet
  facet normal 0 0 -1
    outer loop
      vertex 30.5327 13.5566 0.002141
      vertex 30.5 13.5654 0.002141
      vertex 30.525 13.5604 0.002141
    endloop
  endfacet
  facet normal 0 0 -1
    outer loop
      vertex 30.525 13.5604 0.002141
      vertex 30.5 13.5654 0.002141
      vertex 30.5169 13.5632 0.002141
    endloop
  endfacet
  facet normal 0 0 -1
    outer loop
      vertex 30.5169 13.5632 0.002141
      vertex 30.5 13.5654 0.002141
      vertex 30.5085 13.5648 0.002141
    endloop
  endfacet
  facet normal 0 0 -1
    outer loop
      vertex 30.5 -13.5654 0.002141
      vertex -14.0021 -12.9979 0.002141
      vertex 30.5 13.5654 0.002141
    endloop
  endfacet
  facet normal 0 0 -1
    outer loop
      vertex -30.5 -13.5654 0.002141
      vertex -14.0021 -12.9979 0.002141
      vertex 30.5 -13.5654 0.002141
    endloop
  endfacet
  facet normal 0 0 -1
    outer loop
      vertex -30.5654 -13.5 0.002141
      vertex -29.9979 -12.9979 0.002141
      vertex -30.5 -13.5654 0.002141
    endloop
  endfacet
  facet normal -0 0 -1
    outer loop
      vertex -14.0021 -12.9979 0.002141
      vertex -30.5 -13.5654 0.002141
      vertex -29.9979 -12.9979 0.002141
    endloop
  endfacet
  facet normal 0 0 -1
    outer loop
      vertex -14.0021 12.9979 0.002141
      vertex 30.5 13.5654 0.002141
      vertex -14.0021 -12.9979 0.002141
    endloop
  endfacet
  facet normal 0 0 -1
    outer loop
      vertex -30.5 13.5654 0.002141
      vertex -14.0021 12.9979 0.002141
      vertex -29.9979 12.9979 0.002141
    endloop
  endfacet
  facet normal 0 0 -1
    outer loop
      vertex -14.0021 12.9979 0.002141
      vertex -30.5 13.5654 0.002141
      vertex 30.5 13.5654 0.002141
    endloop
  endfacet
  facet normal -0 0 -1
    outer loop
      vertex -29.9979 -12.9979 0.002141
      vertex -30.5654 -13.5 0.002141
      vertex -29.9979 12.9979 0.002141
    endloop
  endfacet
  facet normal 0 0 -1
    outer loop
      vertex -30.5654 -13.5 0.002141
      vertex -30.5 -13.5654 0.002141
      vertex -30.5085 -13.5648 0.002141
    endloop
  endfacet
  facet normal 0 0 -1
    outer loop
      vertex -30.5654 13.5 0.002141
      vertex -29.9979 12.9979 0.002141
      vertex -30.5654 -13.5 0.002141
    endloop
  endfacet
  facet normal 0 0 -1
    outer loop
      vertex -30.5654 -13.5 0.002141
      vertex -30.5085 -13.5648 0.002141
      vertex -30.5169 -13.5632 0.002141
    endloop
  endfacet
  facet normal 0 0 -1
    outer loop
      vertex -29.9979 12.9979 0.002141
      vertex -30.5654 13.5 0.002141
      vertex -30.5 13.5654 0.002141
    endloop
  endfacet
  facet normal 0 0 -1
    outer loop
      vertex -30.5654 -13.5 0.002141
      vertex -30.5169 -13.5632 0.002141
      vertex -30.525 -13.5604 0.002141
    endloop
  endfacet
  facet normal 0 0 -1
    outer loop
      vertex -30.5 13.5654 0.002141
      vertex -30.5654 13.5 0.002141
      vertex -30.5085 13.5648 0.002141
    endloop
  endfacet
  facet normal 0 0 -1
    outer loop
      vertex -30.5654 -13.5 0.002141
      vertex -30.525 -13.5604 0.002141
      vertex -30.5327 -13.5566 0.002141
    endloop
  endfacet
  facet normal 0 0 -1
    outer loop
      vertex -30.5085 13.5648 0.002141
      vertex -30.5654 13.5 0.002141
      vertex -30.5169 13.5632 0.002141
    endloop
  endfacet
  facet normal 0 0 -1
    outer loop
      vertex -30.5654 -13.5 0.002141
      vertex -30.5327 -13.5566 0.002141
      vertex -30.5398 -13.5519 0.002141
    endloop
  endfacet
  facet normal 0 0 -1
    outer loop
      vertex -30.5169 13.5632 0.002141
      vertex -30.5654 13.5 0.002141
      vertex -30.525 13.5604 0.002141
    endloop
  endfacet
  facet normal 0 0 -1
    outer loop
      vertex -30.5654 -13.5 0.002141
      vertex -30.5398 -13.5519 0.002141
      vertex -30.5462 -13.5462 0.002141
    endloop
  endfacet
  facet normal 0 0 -1
    outer loop
      vertex -30.525 13.5604 0.002141
      vertex -30.5654 13.5 0.002141
      vertex -30.5327 13.5566 0.002141
    endloop
  endfacet
  facet normal 0 0 -1
    outer loop
      vertex -30.5654 -13.5 0.002141
      vertex -30.5462 -13.5462 0.002141
      vertex -30.5519 -13.5398 0.002141
    endloop
  endfacet
  facet normal 0 0 -1
    outer loop
      vertex -30.5327 13.5566 0.002141
      vertex -30.5654 13.5 0.002141
      vertex -30.5398 13.5519 0.002141
    endloop
  endfacet
  facet normal 0 0 -1
    outer loop
      vertex -30.5654 -13.5 0.002141
      vertex -30.5519 -13.5398 0.002141
      vertex -30.5566 -13.5327 0.002141
    endloop
  endfacet
  facet normal 0 0 -1
    outer loop
      vertex -30.5398 13.5519 0.002141
      vertex -30.5654 13.5 0.002141
      vertex -30.5462 13.5462 0.002141
    endloop
  endfacet
  facet normal 0 0 -1
    outer loop
      vertex -30.5654 -13.5 0.002141
      vertex -30.5566 -13.5327 0.002141
      vertex -30.5604 -13.525 0.002141
    endloop
  endfacet
  facet normal 0 0 -1
    outer loop
      vertex -30.5462 13.5462 0.002141
      vertex -30.5654 13.5 0.002141
      vertex -30.5519 13.5398 0.002141
    endloop
  endfacet
  facet normal 0 0 -1
    outer loop
      vertex -30.5654 -13.5 0.002141
      vertex -30.5604 -13.525 0.002141
      vertex -30.5632 -13.5169 0.002141
    endloop
  endfacet
  facet normal 0 0 -1
    outer loop
      vertex -30.5519 13.5398 0.002141
      vertex -30.5654 13.5 0.002141
      vertex -30.5566 13.5327 0.002141
    endloop
  endfacet
  facet normal 0 0 -1
    outer loop
      vertex -30.5654 -13.5 0.002141
      vertex -30.5632 -13.5169 0.002141
      vertex -30.5648 -13.5085 0.002141
    endloop
  endfacet
  facet normal 0 0 -1
    outer loop
      vertex -30.5566 13.5327 0.002141
      vertex -30.5654 13.5 0.002141
      vertex -30.5604 13.525 0.002141
    endloop
  endfacet
  facet normal 0 0 -1
    outer loop
      vertex -30.5604 13.525 0.002141
      vertex -30.5654 13.5 0.002141
      vertex -30.5632 13.5169 0.002141
    endloop
  endfacet
  facet normal 0 0 -1
    outer loop
      vertex -30.5632 13.5169 0.002141
      vertex -30.5654 13.5 0.002141
      vertex -30.5648 13.5085 0.002141
    endloop
  endfacet
  facet normal -0.123929 -0.0419923 -0.991402
    outer loop
      vertex -30.6802 -13.5747 0.0192146
      vertex -30.6884 -13.5505 0.0192146
      vertex -30.5632 -13.5169 0.002141
    endloop
  endfacet
  facet normal 0.245536 -0.0831981 -0.965811
    outer loop
      vertex 30.797 -13.623 0.0530691
      vertex 30.6802 -13.5747 0.0192146
      vertex 30.6884 -13.5505 0.0192146
    endloop
  endfacet
  facet normal 0.123573 -0.0427165 -0.991416
    outer loop
      vertex 30.6802 -13.5747 0.0192146
      vertex 30.5604 -13.525 0.002141
      vertex 30.5632 -13.5169 0.002141
    endloop
  endfacet
  facet normal -0.37608 -0.0748509 -0.923559
    outer loop
      vertex -30.8105 -13.5832 0.0530691
      vertex -30.9272 -13.6145 0.103127
      vertex -30.8187 -13.542 0.0530691
    endloop
  endfacet
  facet normal -0.363123 -0.12317 -0.923564
    outer loop
      vertex -30.797 -13.623 0.0530691
      vertex -30.9272 -13.6145 0.103127
      vertex -30.8105 -13.5832 0.0530691
    endloop
  endfacet
  facet normal 0.392964 0.588727 -0.706385
    outer loop
      vertex 30.9014 14.0231 0.248159
      vertex 30.8759 14.1511 0.340653
      vertex 30.9577 14.0965 0.340653
    endloop
  endfacet
  facet normal 0.467084 0.531857 -0.706372
    outer loop
      vertex 31.0316 14.0316 0.340653
      vertex 30.9014 14.0231 0.248159
      vertex 30.9577 14.0965 0.340653
    endloop
  endfacet
  facet normal 0.416494 0.277892 -0.865626
    outer loop
      vertex 30.9811 13.7778 0.16853
      vertex 30.883 13.7211 0.103127
      vertex 30.9408 13.8382 0.16853
    endloop
  endfacet
  facet normal 0.506965 0.338257 -0.792823
    outer loop
      vertex 30.9811 13.7778 0.16853
      vertex 30.9408 13.8382 0.16853
      vertex 31.071 13.8297 0.248159
    endloop
  endfacet
  facet normal 0.491194 0.0978254 -0.86554
    outer loop
      vertex 31.0508 13.5725 0.16853
      vertex 30.9385 13.5577 0.103127
      vertex 31.0366 13.6438 0.16853
    endloop
  endfacet
  facet normal 0.491258 0.0977327 -0.865514
    outer loop
      vertex 30.9385 13.5577 0.103127
      vertex 30.9272 13.6145 0.103127
      vertex 31.0366 13.6438 0.16853
    endloop
  endfacet
  facet normal 0.69432 0.138145 -0.706283
    outer loop
      vertex 31.2454 13.5981 0.340653
      vertex 31.1537 13.5861 0.248159
      vertex 31.2262 13.6946 0.340653
    endloop
  endfacet
  facet normal 0.706398 0.0460851 -0.706313
    outer loop
      vertex 31.2518 13.5 0.340653
      vertex 31.1537 13.5861 0.248159
      vertex 31.2454 13.5981 0.340653
    endloop
  endfacet
  facet normal 0.128622 0.0244994 -0.991391
    outer loop
      vertex 30.5648 13.5085 0.002141
      vertex 30.5632 13.5169 0.002141
      vertex 30.6884 13.5505 0.0192146
    endloop
  endfacet
  facet normal 0.128235 0.0256469 -0.991412
    outer loop
      vertex 30.6934 13.5255 0.0192146
      vertex 30.5648 13.5085 0.002141
      vertex 30.6884 13.5505 0.0192146
    endloop
  endfacet
  facet normal 0.232676 -0.114297 -0.965815
    outer loop
      vertex 30.797 -13.623 0.0530691
      vertex 30.669 -13.5975 0.0192146
      vertex 30.6802 -13.5747 0.0192146
    endloop
  endfacet
  facet normal 0.0976966 -0.0870111 -0.991405
    outer loop
      vertex 30.6548 -13.6188 0.0192146
      vertex 30.5462 -13.5462 0.002141
      vertex 30.5519 -13.5398 0.002141
    endloop
  endfacet
  facet normal -0.128622 -0.0244994 -0.991391
    outer loop
      vertex -30.5632 -13.5169 0.002141
      vertex -30.6884 -13.5505 0.0192146
      vertex -30.5648 -13.5085 0.002141
    endloop
  endfacet
  facet normal 0.609119 -0.69501 -0.382015
    outer loop
      vertex 31.1696 -14.1696 0.67856
      vertex 31.046 -14.2115 0.557711
      vertex 31.1342 -14.1342 0.557711
    endloop
  endfacet
  facet normal 0.636734 -0.72647 -0.25848
    outer loop
      vertex 31.0971 -14.2781 0.804909
      vertex 31.0765 -14.2512 0.67856
      vertex 31.1696 -14.1696 0.67856
    endloop
  endfacet
  facet normal 0.524033 -0.596704 -0.607728
    outer loop
      vertex 31.0062 -14.1596 0.444429
      vertex 30.9577 -14.0965 0.340653
      vertex 31.0316 -14.0316 0.340653
    endloop
  endfacet
  facet normal 0.4409 -0.660543 -0.607693
    outer loop
      vertex 31.0062 -14.1596 0.444429
      vertex 30.8759 -14.1511 0.340653
      vertex 30.9577 -14.0965 0.340653
    endloop
  endfacet
  facet normal 0.88918 -0.43851 -0.130647
    outer loop
      vertex 31.4219 -13.8819 0.934596
      vertex 31.3642 -13.9989 0.934596
      vertex 31.4061 -13.8753 0.804909
    endloop
  endfacet
  facet normal 0.896404 -0.442073 -0.0321052
    outer loop
      vertex 31.366 -14 1
      vertex 31.3642 -13.9989 0.934596
      vertex 31.4219 -13.8819 0.934596
    endloop
  endfacet
  facet normal 0.751486 -0.659749 0
    outer loop
      vertex 31.2071 -14.2071 16.6
      vertex 31.2934 -14.1088 1
      vertex 31.2934 -14.1088 16.6
    endloop
  endfacet
  facet normal 0.751486 -0.659749 0
    outer loop
      vertex 31.2934 -14.1088 1
      vertex 31.2071 -14.2071 16.6
      vertex 31.2071 -14.2071 1
    endloop
  endfacet
  facet normal -0.946554 -0.320866 -0.0328696
    outer loop
      vertex -31.4239 -13.8827 1
      vertex -31.4659 -13.7588 1
      vertex -31.4219 -13.8819 0.934596
    endloop
  endfacet
  facet normal -0.866671 -0.426935 -0.258084
    outer loop
      vertex -31.3494 -13.9904 0.804909
      vertex -31.4061 -13.8753 0.804909
      vertex -31.3201 -13.9735 0.67856
    endloop
  endfacet
  facet normal -0.824375 -0.550871 -0.130184
    outer loop
      vertex -31.2781 -14.0971 0.804909
      vertex -31.3642 -13.9989 0.934596
      vertex -31.3494 -13.9904 0.804909
    endloop
  endfacet
  facet normal -0.889423 -0.438143 -0.130219
    outer loop
      vertex -31.3642 -13.9989 0.934596
      vertex -31.4061 -13.8753 0.804909
      vertex -31.3494 -13.9904 0.804909
    endloop
  endfacet
  facet normal -0.711919 -0.351213 -0.608129
    outer loop
      vertex -31.2201 -13.9157 0.444429
      vertex -31.2682 -13.8182 0.444429
      vertex -31.1946 -13.7877 0.340653
    endloop
  endfacet
  facet normal -0.660004 -0.441218 -0.608047
    outer loop
      vertex -31.1596 -14.0062 0.444429
      vertex -31.2201 -13.9157 0.444429
      vertex -31.1511 -13.8759 0.340653
    endloop
  endfacet
  facet normal -0.751721 -0.255149 -0.608124
    outer loop
      vertex -31.1946 -13.7877 0.340653
      vertex -31.2682 -13.8182 0.444429
      vertex -31.2262 -13.6946 0.340653
    endloop
  endfacet
  facet normal -0.670484 -0.227576 -0.706159
    outer loop
      vertex -31.1946 -13.7877 0.340653
      vertex -31.2262 -13.6946 0.340653
      vertex -31.1092 -13.7523 0.248159
    endloop
  endfacet
  facet normal -0.363123 0.12317 -0.923564
    outer loop
      vertex -30.8105 13.5832 0.0530691
      vertex -30.9272 13.6145 0.103127
      vertex -30.797 13.623 0.0530691
    endloop
  endfacet
  facet normal -0.24549 0.0832692 -0.965816
    outer loop
      vertex -30.6884 13.5505 0.0192146
      vertex -30.8105 13.5832 0.0530691
      vertex -30.797 13.623 0.0530691
    endloop
  endfacet
  facet normal -0.637292 0.726182 -0.257913
    outer loop
      vertex -31.1696 14.1696 0.67856
      vertex -31.1935 14.1935 0.804909
      vertex -31.0971 14.2781 0.804909
    endloop
  endfacet
  facet normal -0.726182 0.637292 -0.257913
    outer loop
      vertex -31.1696 14.1696 0.67856
      vertex -31.2781 14.0971 0.804909
      vertex -31.1935 14.1935 0.804909
    endloop
  endfacet
  facet normal -0.636734 0.72647 -0.25848
    outer loop
      vertex -31.0765 14.2512 0.67856
      vertex -31.1696 14.1696 0.67856
      vertex -31.0971 14.2781 0.804909
    endloop
  endfacet
  facet normal -0.537103 0.802926 -0.258514
    outer loop
      vertex -31.0765 14.2512 0.67856
      vertex -31.0971 14.2781 0.804909
      vertex -30.9735 14.3201 0.67856
    endloop
  endfacet
  facet normal -0.0831981 0.245536 -0.965811
    outer loop
      vertex -30.5747 13.6802 0.0192146
      vertex -30.623 13.797 0.0530691
      vertex -30.5505 13.6884 0.0192146
    endloop
  endfacet
  facet normal -0.221871 0.448943 -0.865577
    outer loop
      vertex -30.6693 13.9086 0.103127
      vertex -30.7211 13.883 0.103127
      vertex -30.7126 14.0133 0.16853
    endloop
  endfacet
  facet normal -0.416494 0.277892 -0.865626
    outer loop
      vertex -30.883 13.7211 0.103127
      vertex -30.9811 13.7778 0.16853
      vertex -30.9408 13.8382 0.16853
    endloop
  endfacet
  facet normal -0.44895 0.221721 -0.865612
    outer loop
      vertex -30.883 13.7211 0.103127
      vertex -31.0133 13.7126 0.16853
      vertex -30.9811 13.7778 0.16853
    endloop
  endfacet
  facet normal -0.711919 0.351213 -0.608129
    outer loop
      vertex -31.1946 13.7877 0.340653
      vertex -31.2682 13.8182 0.444429
      vertex -31.2201 13.9157 0.444429
    endloop
  endfacet
  facet normal -0.660004 0.441218 -0.608047
    outer loop
      vertex -31.1511 13.8759 0.340653
      vertex -31.2201 13.9157 0.444429
      vertex -31.1596 14.0062 0.444429
    endloop
  endfacet
  facet normal 0.195444 0.577104 -0.792939
    outer loop
      vertex 30.7126 14.0133 0.16853
      vertex 30.6438 14.0366 0.16853
      vertex 30.6707 14.1369 0.248159
    endloop
  endfacet
  facet normal 0.195924 0.577163 -0.792778
    outer loop
      vertex 30.7126 14.0133 0.16853
      vertex 30.6707 14.1369 0.248159
      vertex 30.7523 14.1092 0.248159
    endloop
  endfacet
  facet normal 0.114747 0.232579 -0.965785
    outer loop
      vertex 30.6607 13.7784 0.0530691
      vertex 30.5975 13.669 0.0192146
      vertex 30.623 13.797 0.0530691
    endloop
  endfacet
  facet normal 0.169704 0.34397 -0.923518
    outer loop
      vertex 30.6607 13.7784 0.0530691
      vertex 30.623 13.797 0.0530691
      vertex 30.7211 13.883 0.103127
    endloop
  endfacet
  facet normal 0.0976966 0.0870111 -0.991405
    outer loop
      vertex 30.5519 13.5398 0.002141
      vertex 30.5462 13.5462 0.002141
      vertex 30.6548 13.6188 0.0192146
    endloop
  endfacet
  facet normal 0.0979357 0.0866552 -0.991413
    outer loop
      vertex 30.6548 13.6188 0.0192146
      vertex 30.5462 13.5462 0.002141
      vertex 30.6379 13.6379 0.0192146
    endloop
  endfacet
  facet normal 0.18829 -0.947478 -0.25852
    outer loop
      vertex 30.628 -14.4724 0.804909
      vertex 30.6236 -14.4388 0.67856
      vertex 30.7538 -14.4474 0.804909
    endloop
  endfacet
  facet normal 0.193262 -0.972496 -0.130008
    outer loop
      vertex 30.6302 -14.4893 0.934596
      vertex 30.628 -14.4724 0.804909
      vertex 30.7538 -14.4474 0.804909
    endloop
  endfacet
  facet normal -0.0657577 0.997836 0
    outer loop
      vertex -30.5 14.5 1
      vertex -30.6305 14.4914 16.6
      vertex -30.5 14.5 16.6
    endloop
  endfacet
  facet normal -0.0657577 0.997836 0
    outer loop
      vertex -30.6305 14.4914 16.6
      vertex -30.5 14.5 1
      vertex -30.6305 14.4914 1
    endloop
  endfacet
  facet normal -0.319081 0.9387 -0.130502
    outer loop
      vertex -30.7538 14.4474 0.804909
      vertex -30.8753 14.4061 0.804909
      vertex -30.7583 14.4639 0.934596
    endloop
  endfacet
  facet normal -0.550474 0.824572 -0.130615
    outer loop
      vertex -31.0971 14.2781 0.804909
      vertex -31.1075 14.2917 0.934596
      vertex -30.9989 14.3642 0.934596
    endloop
  endfacet
  facet normal -0.169242 0.849906 -0.499015
    outer loop
      vertex -30.6085 14.3244 0.444429
      vertex -30.7321 14.3663 0.557711
      vertex -30.6171 14.3892 0.557711
    endloop
  endfacet
  facet normal -0.169612 0.849651 -0.499324
    outer loop
      vertex -30.7152 14.3031 0.444429
      vertex -30.7321 14.3663 0.557711
      vertex -30.6085 14.3244 0.444429
    endloop
  endfacet
  facet normal -0.554942 0.831265 -0.0322108
    outer loop
      vertex -30.9989 14.3642 0.934596
      vertex -31.1075 14.2917 0.934596
      vertex -31 14.366 1
    endloop
  endfacet
  facet normal -0.313317 0.634836 -0.706269
    outer loop
      vertex -30.8297 14.071 0.248159
      vertex -30.8759 14.1511 0.340653
      vertex -30.7523 14.1092 0.248159
    endloop
  endfacet
  facet normal -0.313185 0.63501 -0.706171
    outer loop
      vertex -30.7523 14.1092 0.248159
      vertex -30.8759 14.1511 0.340653
      vertex -30.7877 14.1946 0.340653
    endloop
  endfacet
  facet normal -0.768289 0.513242 -0.382511
    outer loop
      vertex -31.2767 13.9484 0.557711
      vertex -31.3201 13.9735 0.67856
      vertex -31.2115 14.046 0.557711
    endloop
  endfacet
  facet normal -0.768138 0.513832 -0.382022
    outer loop
      vertex -31.2115 14.046 0.557711
      vertex -31.3201 13.9735 0.67856
      vertex -31.2512 14.0765 0.67856
    endloop
  endfacet
  facet normal -0.481626 0.720448 -0.49899
    outer loop
      vertex -30.9157 14.2201 0.444429
      vertex -31.0062 14.1596 0.444429
      vertex -30.9484 14.2767 0.557711
    endloop
  endfacet
  facet normal -0.441218 0.660004 -0.608047
    outer loop
      vertex -30.8759 14.1511 0.340653
      vertex -31.0062 14.1596 0.444429
      vertex -30.9157 14.2201 0.444429
    endloop
  endfacet
  facet normal -0.187966 0.94763 -0.258196
    outer loop
      vertex -30.7451 14.4147 0.67856
      vertex -30.7538 14.4474 0.804909
      vertex -30.6236 14.4388 0.67856
    endloop
  endfacet
  facet normal -0.179781 0.906364 -0.382338
    outer loop
      vertex -30.7321 14.3663 0.557711
      vertex -30.7451 14.4147 0.67856
      vertex -30.6236 14.4388 0.67856
    endloop
  endfacet
  facet normal -0.608248 0.0395608 -0.792761
    outer loop
      vertex -31.0508 13.5725 0.16853
      vertex -31.1593 13.5 0.248159
      vertex -31.1537 13.5861 0.248159
    endloop
  endfacet
  facet normal -0.706337 0.0459406 -0.706383
    outer loop
      vertex -31.1593 13.5 0.248159
      vertex -31.2518 13.5 0.340653
      vertex -31.1537 13.5861 0.248159
    endloop
  endfacet
  facet normal -0.752045 0.254819 -0.607862
    outer loop
      vertex -31.2262 13.6946 0.340653
      vertex -31.3031 13.7152 0.444429
      vertex -31.2682 13.8182 0.444429
    endloop
  endfacet
  facet normal -0.820769 0.278105 -0.498994
    outer loop
      vertex -31.3031 13.7152 0.444429
      vertex -31.3286 13.8432 0.557711
      vertex -31.2682 13.8182 0.444429
    endloop
  endfacet
  facet normal 0.481626 0.720448 -0.49899
    outer loop
      vertex 31.0062 14.1596 0.444429
      vertex 30.9157 14.2201 0.444429
      vertex 30.9484 14.2767 0.557711
    endloop
  endfacet
  facet normal 0.383417 0.777178 -0.498985
    outer loop
      vertex 30.9157 14.2201 0.444429
      vertex 30.8432 14.3286 0.557711
      vertex 30.9484 14.2767 0.557711
    endloop
  endfacet
  facet normal 0.980301 0.194838 -0.0323693
    outer loop
      vertex 31.4893 13.6302 0.934596
      vertex 31.4659 13.7588 1
      vertex 31.4914 13.6305 1
    endloop
  endfacet
  facet normal 0.997314 0.0657234 -0.0323234
    outer loop
      vertex 31.5 13.5 1
      vertex 31.4893 13.6302 0.934596
      vertex 31.4914 13.6305 1
    endloop
  endfacet
  facet normal 0.88918 0.43851 -0.130647
    outer loop
      vertex 31.4061 13.8753 0.804909
      vertex 31.3642 13.9989 0.934596
      vertex 31.4219 13.8819 0.934596
    endloop
  endfacet
  facet normal 0.972496 0.193262 -0.130008
    outer loop
      vertex 31.4724 13.628 0.804909
      vertex 31.4474 13.7538 0.804909
      vertex 31.4893 13.6302 0.934596
    endloop
  endfacet
  facet normal 0.751486 0.659749 0
    outer loop
      vertex 31.2934 14.1088 16.6
      vertex 31.2071 14.2071 1
      vertex 31.2071 14.2071 16.6
    endloop
  endfacet
  facet normal 0.751486 0.659749 0
    outer loop
      vertex 31.2071 14.2071 1
      vertex 31.2934 14.1088 16.6
      vertex 31.2934 14.1088 1
    endloop
  endfacet
  facet normal 0.875234 0.296997 -0.381783
    outer loop
      vertex 31.3663 13.7321 0.557711
      vertex 31.3286 13.8432 0.557711
      vertex 31.3748 13.8624 0.67856
    endloop
  endfacet
  facet normal 0.94763 0.187966 -0.258196
    outer loop
      vertex 31.4388 13.6236 0.67856
      vertex 31.4147 13.7451 0.67856
      vertex 31.4474 13.7538 0.804909
    endloop
  endfacet
  facet normal 0.777178 0.383417 -0.498985
    outer loop
      vertex 31.3286 13.8432 0.557711
      vertex 31.2201 13.9157 0.444429
      vertex 31.2767 13.9484 0.557711
    endloop
  endfacet
  facet normal 0.820769 0.278105 -0.498994
    outer loop
      vertex 31.3031 13.7152 0.444429
      vertex 31.2682 13.8182 0.444429
      vertex 31.3286 13.8432 0.557711
    endloop
  endfacet
  facet normal 0.866671 0.426935 -0.258084
    outer loop
      vertex 31.4061 13.8753 0.804909
      vertex 31.3201 13.9735 0.67856
      vertex 31.3494 13.9904 0.804909
    endloop
  endfacet
  facet normal 0.745174 0.653959 -0.130588
    outer loop
      vertex 31.2781 14.0971 0.804909
      vertex 31.1935 14.1935 0.804909
      vertex 31.2917 14.1075 0.934596
    endloop
  endfacet
  facet normal 0.651265 0.571551 -0.499182
    outer loop
      vertex 31.1596 14.0062 0.444429
      vertex 31.0879 14.0879 0.444429
      vertex 31.2115 14.046 0.557711
    endloop
  endfacet
  facet normal 0.57095 0.651459 -0.499617
    outer loop
      vertex 31.0879 14.0879 0.444429
      vertex 31.046 14.2115 0.557711
      vertex 31.1342 14.1342 0.557711
    endloop
  endfacet
  facet normal 0.513832 0.768138 -0.382022
    outer loop
      vertex 31.046 14.2115 0.557711
      vertex 30.9735 14.3201 0.67856
      vertex 31.0765 14.2512 0.67856
    endloop
  endfacet
  facet normal 0.537103 0.802926 -0.258514
    outer loop
      vertex 31.0765 14.2512 0.67856
      vertex 30.9735 14.3201 0.67856
      vertex 31.0971 14.2781 0.804909
    endloop
  endfacet
  facet normal 0.0508502 -0.254251 -0.965801
    outer loop
      vertex 30.542 -13.8187 0.0530691
      vertex 30.5255 -13.6934 0.0192146
      vertex 30.5505 -13.6884 0.0192146
    endloop
  endfacet
  facet normal 0.0172453 -0.258679 -0.965809
    outer loop
      vertex 30.542 -13.8187 0.0530691
      vertex 30.5 -13.6951 0.0192146
      vertex 30.5255 -13.6934 0.0192146
    endloop
  endfacet
  facet normal 0.0832692 -0.24549 -0.965816
    outer loop
      vertex 30.5832 -13.8105 0.0530691
      vertex 30.5505 -13.6884 0.0192146
      vertex 30.623 -13.797 0.0530691
    endloop
  endfacet
  facet normal 0.12317 -0.363123 -0.923564
    outer loop
      vertex 30.6145 -13.9272 0.103127
      vertex 30.5832 -13.8105 0.0530691
      vertex 30.623 -13.797 0.0530691
    endloop
  endfacet
  facet normal 0.53191 -0.467063 -0.706346
    outer loop
      vertex 31.0316 -14.0316 0.340653
      vertex 30.9662 -13.9662 0.248159
      vertex 31.0231 -13.9014 0.248159
    endloop
  endfacet
  facet normal 0.458083 -0.402236 -0.792695
    outer loop
      vertex 30.9662 -13.9662 0.248159
      vertex 30.9408 -13.8382 0.16853
      vertex 31.0231 -13.9014 0.248159
    endloop
  endfacet
  facet normal 0.751721 -0.255149 -0.608124
    outer loop
      vertex 31.2682 -13.8182 0.444429
      vertex 31.1946 -13.7877 0.340653
      vertex 31.2262 -13.6946 0.340653
    endloop
  endfacet
  facet normal 0.752045 -0.254819 -0.607862
    outer loop
      vertex 31.2682 -13.8182 0.444429
      vertex 31.2262 -13.6946 0.340653
      vertex 31.3031 -13.7152 0.444429
    endloop
  endfacet
  facet normal -0.114297 0.232676 -0.965815
    outer loop
      vertex -30.5975 13.669 0.0192146
      vertex -30.623 13.797 0.0530691
      vertex -30.5747 13.6802 0.0192146
    endloop
  endfacet
  facet normal -0.114747 0.232579 -0.965785
    outer loop
      vertex -30.5975 13.669 0.0192146
      vertex -30.6607 13.7784 0.0530691
      vertex -30.623 13.797 0.0530691
    endloop
  endfacet
  facet normal -0.108786 0.0725237 -0.991416
    outer loop
      vertex -30.5566 13.5327 0.002141
      vertex -30.669 13.5975 0.0192146
      vertex -30.6548 13.6188 0.0192146
    endloop
  endfacet
  facet normal -0.11736 0.0576505 -0.991415
    outer loop
      vertex -30.5566 13.5327 0.002141
      vertex -30.6802 13.5747 0.0192146
      vertex -30.669 13.5975 0.0192146
    endloop
  endfacet
  facet normal -0.213109 0.318753 -0.92357
    outer loop
      vertex -30.6957 13.755 0.0530691
      vertex -30.7692 13.8509 0.103127
      vertex -30.6607 13.7784 0.0530691
    endloop
  endfacet
  facet normal -0.288143 0.253036 -0.923551
    outer loop
      vertex -30.755 13.6957 0.0530691
      vertex -30.8509 13.7692 0.103127
      vertex -30.8127 13.8127 0.103127
    endloop
  endfacet
  facet normal -0.319026 0.212905 -0.923522
    outer loop
      vertex -30.7784 13.6607 0.0530691
      vertex -30.883 13.7211 0.103127
      vertex -30.8509 13.7692 0.103127
    endloop
  endfacet
  facet normal -0.376109 0.330645 -0.865572
    outer loop
      vertex -30.8127 13.8127 0.103127
      vertex -30.9408 13.8382 0.16853
      vertex -30.8928 13.8928 0.16853
    endloop
  endfacet
  facet normal -0.215598 -0.144142 -0.965785
    outer loop
      vertex -30.755 -13.6957 0.0530691
      vertex -30.7784 -13.6607 0.0530691
      vertex -30.669 -13.5975 0.0192146
    endloop
  endfacet
  facet normal -0.232579 -0.114747 -0.965785
    outer loop
      vertex -30.7784 -13.6607 0.0530691
      vertex -30.797 -13.623 0.0530691
      vertex -30.669 -13.5975 0.0192146
    endloop
  endfacet
  facet normal -0.254251 -0.0508502 -0.965801
    outer loop
      vertex -30.6884 -13.5505 0.0192146
      vertex -30.8187 -13.542 0.0530691
      vertex -30.6934 -13.5255 0.0192146
    endloop
  endfacet
  facet normal 0.546445 0.26987 -0.792823
    outer loop
      vertex 31.0133 13.7126 0.16853
      vertex 30.9811 13.7778 0.16853
      vertex 31.071 13.8297 0.248159
    endloop
  endfacet
  facet normal 0.44895 0.221721 -0.865612
    outer loop
      vertex 31.0133 13.7126 0.16853
      vertex 30.883 13.7211 0.103127
      vertex 30.9811 13.7778 0.16853
    endloop
  endfacet
  facet normal 0.577104 0.195444 -0.792939
    outer loop
      vertex 31.0366 13.6438 0.16853
      vertex 31.0133 13.7126 0.16853
      vertex 31.1369 13.6707 0.248159
    endloop
  endfacet
  facet normal 0.577163 0.195924 -0.792778
    outer loop
      vertex 31.1369 13.6707 0.248159
      vertex 31.0133 13.7126 0.16853
      vertex 31.1092 13.7523 0.248159
    endloop
  endfacet
  facet normal 0.108786 -0.0725237 -0.991416
    outer loop
      vertex 30.6548 -13.6188 0.0192146
      vertex 30.5566 -13.5327 0.002141
      vertex 30.669 -13.5975 0.0192146
    endloop
  endfacet
  facet normal 0.215859 -0.143906 -0.965762
    outer loop
      vertex 30.755 -13.6957 0.0530691
      vertex 30.6548 -13.6188 0.0192146
      vertex 30.669 -13.5975 0.0192146
    endloop
  endfacet
  facet normal 0.609135 -0.694981 -0.382042
    outer loop
      vertex 31.0765 -14.2512 0.67856
      vertex 31.046 -14.2115 0.557711
      vertex 31.1696 -14.1696 0.67856
    endloop
  endfacet
  facet normal 0.537103 -0.802926 -0.258514
    outer loop
      vertex 31.0971 -14.2781 0.804909
      vertex 30.9735 -14.3201 0.67856
      vertex 31.0765 -14.2512 0.67856
    endloop
  endfacet
  facet normal 0.481321 -0.720504 -0.499203
    outer loop
      vertex 31.046 -14.2115 0.557711
      vertex 30.9484 -14.2767 0.557711
      vertex 31.0062 -14.1596 0.444429
    endloop
  endfacet
  facet normal 0.571551 -0.651265 -0.499182
    outer loop
      vertex 31.046 -14.2115 0.557711
      vertex 31.0062 -14.1596 0.444429
      vertex 31.0879 -14.0879 0.444429
    endloop
  endfacet
  facet normal -0.824572 -0.550474 -0.130615
    outer loop
      vertex -31.2917 -14.1075 0.934596
      vertex -31.3642 -13.9989 0.934596
      vertex -31.2781 -14.0971 0.804909
    endloop
  endfacet
  facet normal -0.831265 -0.554942 -0.0322108
    outer loop
      vertex -31.2917 -14.1075 0.934596
      vertex -31.366 -14 1
      vertex -31.3642 -13.9989 0.934596
    endloop
  endfacet
  facet normal -0.896709 -0.442621 0
    outer loop
      vertex -31.366 -14 1
      vertex -31.4239 -13.8827 16.6
      vertex -31.4239 -13.8827 1
    endloop
  endfacet
  facet normal -0.896709 -0.442621 0
    outer loop
      vertex -31.4239 -13.8827 16.6
      vertex -31.366 -14 1
      vertex -31.366 -14 16.6
    endloop
  endfacet
  facet normal -0.588727 0.392964 -0.706385
    outer loop
      vertex -31.0231 13.9014 0.248159
      vertex -31.1511 13.8759 0.340653
      vertex -31.0965 13.9577 0.340653
    endloop
  endfacet
  facet normal -0.660543 0.4409 -0.607693
    outer loop
      vertex -31.1511 13.8759 0.340653
      vertex -31.1596 14.0062 0.444429
      vertex -31.0965 13.9577 0.340653
    endloop
  endfacet
  facet normal -0.50691 0.338647 -0.792692
    outer loop
      vertex -30.9408 13.8382 0.16853
      vertex -31.071 13.8297 0.248159
      vertex -31.0231 13.9014 0.248159
    endloop
  endfacet
  facet normal -0.577163 0.195924 -0.792778
    outer loop
      vertex -31.0133 13.7126 0.16853
      vertex -31.1369 13.6707 0.248159
      vertex -31.1092 13.7523 0.248159
    endloop
  endfacet
  facet normal -0.442383 0.896226 -0.0328169
    outer loop
      vertex -30.8819 14.4219 0.934596
      vertex -31 14.366 1
      vertex -30.8827 14.4239 1
    endloop
  endfacet
  facet normal -0.442621 0.896709 0
    outer loop
      vertex -30.8827 14.4239 1
      vertex -31 14.366 16.6
      vertex -30.8827 14.4239 16.6
    endloop
  endfacet
  facet normal -0.442621 0.896709 0
    outer loop
      vertex -31 14.366 16.6
      vertex -30.8827 14.4239 1
      vertex -31 14.366 1
    endloop
  endfacet
  facet normal -0.57095 0.651459 -0.499617
    outer loop
      vertex -31.0879 14.0879 0.444429
      vertex -31.1342 14.1342 0.557711
      vertex -31.046 14.2115 0.557711
    endloop
  endfacet
  facet normal -0.651459 0.57095 -0.499617
    outer loop
      vertex -31.0879 14.0879 0.444429
      vertex -31.2115 14.046 0.557711
      vertex -31.1342 14.1342 0.557711
    endloop
  endfacet
  facet normal -0.491194 0.0978254 -0.86554
    outer loop
      vertex -30.9385 13.5577 0.103127
      vertex -31.0508 13.5725 0.16853
      vertex -31.0366 13.6438 0.16853
    endloop
  endfacet
  facet normal -0.597761 0.119049 -0.792785
    outer loop
      vertex -31.0508 13.5725 0.16853
      vertex -31.1537 13.5861 0.248159
      vertex -31.0366 13.6438 0.16853
    endloop
  endfacet
  facet normal -0.670484 0.227576 -0.706159
    outer loop
      vertex -31.1092 13.7523 0.248159
      vertex -31.2262 13.6946 0.340653
      vertex -31.1946 13.7877 0.340653
    endloop
  endfacet
  facet normal -0.751721 0.255149 -0.608124
    outer loop
      vertex -31.2262 13.6946 0.340653
      vertex -31.2682 13.8182 0.444429
      vertex -31.1946 13.7877 0.340653
    endloop
  endfacet
  facet normal 0.947478 0.18829 -0.25852
    outer loop
      vertex 31.4724 13.628 0.804909
      vertex 31.4388 13.6236 0.67856
      vertex 31.4474 13.7538 0.804909
    endloop
  endfacet
  facet normal 0.914659 0.310909 -0.258329
    outer loop
      vertex 31.4474 13.7538 0.804909
      vertex 31.3748 13.8624 0.67856
      vertex 31.4061 13.8753 0.804909
    endloop
  endfacet
  facet normal 0.768289 0.513242 -0.382511
    outer loop
      vertex 31.2767 13.9484 0.557711
      vertex 31.2115 14.046 0.557711
      vertex 31.3201 13.9735 0.67856
    endloop
  endfacet
  facet normal 0.824375 0.550871 -0.130184
    outer loop
      vertex 31.3494 13.9904 0.804909
      vertex 31.2781 14.0971 0.804909
      vertex 31.3642 13.9989 0.934596
    endloop
  endfacet
  facet normal 0.946554 0.320866 -0.0328696
    outer loop
      vertex 31.4659 13.7588 1
      vertex 31.4219 13.8819 0.934596
      vertex 31.4239 13.8827 1
    endloop
  endfacet
  facet normal 0.972525 0.192835 -0.130425
    outer loop
      vertex 31.4893 13.6302 0.934596
      vertex 31.4474 13.7538 0.804909
      vertex 31.4639 13.7583 0.934596
    endloop
  endfacet
  facet normal 0.752045 0.254819 -0.607862
    outer loop
      vertex 31.3031 13.7152 0.444429
      vertex 31.2262 13.6946 0.340653
      vertex 31.2682 13.8182 0.444429
    endloop
  endfacet
  facet normal 0.820486 0.278419 -0.499285
    outer loop
      vertex 31.3663 13.7321 0.557711
      vertex 31.3031 13.7152 0.444429
      vertex 31.3286 13.8432 0.557711
    endloop
  endfacet
  facet normal 0.659298 0.751186 -0.0323486
    outer loop
      vertex 31.2056 14.2056 0.934596
      vertex 31.1075 14.2917 0.934596
      vertex 31.2071 14.2071 1
    endloop
  endfacet
  facet normal 0.831265 0.554942 -0.0322108
    outer loop
      vertex 31.3642 13.9989 0.934596
      vertex 31.2917 14.1075 0.934596
      vertex 31.366 14 1
    endloop
  endfacet
  facet normal 0.609119 0.69501 -0.382015
    outer loop
      vertex 31.1342 14.1342 0.557711
      vertex 31.046 14.2115 0.557711
      vertex 31.1696 14.1696 0.67856
    endloop
  endfacet
  facet normal 0.69501 0.609119 -0.382015
    outer loop
      vertex 31.2115 14.046 0.557711
      vertex 31.1342 14.1342 0.557711
      vertex 31.1696 14.1696 0.67856
    endloop
  endfacet
  facet normal 0.820486 -0.278419 -0.499285
    outer loop
      vertex 31.3286 -13.8432 0.557711
      vertex 31.3031 -13.7152 0.444429
      vertex 31.3663 -13.7321 0.557711
    endloop
  endfacet
  facet normal 0.875234 -0.296997 -0.381783
    outer loop
      vertex 31.3748 -13.8624 0.67856
      vertex 31.3286 -13.8432 0.557711
      vertex 31.3663 -13.7321 0.557711
    endloop
  endfacet
  facet normal 0.711995 -0.351154 -0.608075
    outer loop
      vertex 31.2201 -13.9157 0.444429
      vertex 31.1511 -13.8759 0.340653
      vertex 31.1946 -13.7877 0.340653
    endloop
  endfacet
  facet normal 0.711919 -0.351213 -0.608129
    outer loop
      vertex 31.2201 -13.9157 0.444429
      vertex 31.1946 -13.7877 0.340653
      vertex 31.2682 -13.8182 0.444429
    endloop
  endfacet
  facet normal -0.160938 0.47416 -0.865605
    outer loop
      vertex -30.6693 13.9086 0.103127
      vertex -30.7126 14.0133 0.16853
      vertex -30.6145 13.9272 0.103127
    endloop
  endfacet
  facet normal -0.12325 0.363124 -0.923553
    outer loop
      vertex -30.623 13.797 0.0530691
      vertex -30.6693 13.9086 0.103127
      vertex -30.6145 13.9272 0.103127
    endloop
  endfacet
  facet normal -0.050601 0.254239 -0.965817
    outer loop
      vertex -30.5505 13.6884 0.0192146
      vertex -30.5832 13.8105 0.0530691
      vertex -30.542 13.8187 0.0530691
    endloop
  endfacet
  facet normal -0.0832692 0.24549 -0.965816
    outer loop
      vertex -30.5505 13.6884 0.0192146
      vertex -30.623 13.797 0.0530691
      vertex -30.5832 13.8105 0.0530691
    endloop
  endfacet
  facet normal -0.143906 0.215859 -0.965762
    outer loop
      vertex -30.6188 13.6548 0.0192146
      vertex -30.6957 13.755 0.0530691
      vertex -30.5975 13.669 0.0192146
    endloop
  endfacet
  facet normal -0.171948 0.194332 -0.965748
    outer loop
      vertex -30.6379 13.6379 0.0192146
      vertex -30.6957 13.755 0.0530691
      vertex -30.6188 13.6548 0.0192146
    endloop
  endfacet
  facet normal -0.258679 -0.0172453 -0.965809
    outer loop
      vertex -30.6934 -13.5255 0.0192146
      vertex -30.8187 -13.542 0.0530691
      vertex -30.6951 -13.5 0.0192146
    endloop
  endfacet
  facet normal -0.130508 -0.00870055 -0.991409
    outer loop
      vertex -30.6934 -13.5255 0.0192146
      vertex -30.6951 -13.5 0.0192146
      vertex -30.5654 -13.5 0.002141
    endloop
  endfacet
  facet normal 0.11736 -0.0576505 -0.991415
    outer loop
      vertex 30.669 -13.5975 0.0192146
      vertex 30.5566 -13.5327 0.002141
      vertex 30.6802 -13.5747 0.0192146
    endloop
  endfacet
  facet normal 0.117282 -0.0578793 -0.991411
    outer loop
      vertex 30.6802 -13.5747 0.0192146
      vertex 30.5566 -13.5327 0.002141
      vertex 30.5604 -13.525 0.002141
    endloop
  endfacet
  facet normal -0.577104 0.195444 -0.792939
    outer loop
      vertex -31.0366 13.6438 0.16853
      vertex -31.1369 13.6707 0.248159
      vertex -31.0133 13.7126 0.16853
    endloop
  endfacet
  facet normal -0.597667 0.118686 -0.792911
    outer loop
      vertex -31.0366 13.6438 0.16853
      vertex -31.1537 13.5861 0.248159
      vertex -31.1369 13.6707 0.248159
    endloop
  endfacet
  facet normal -0.546445 0.26987 -0.792823
    outer loop
      vertex -31.0133 13.7126 0.16853
      vertex -31.071 13.8297 0.248159
      vertex -30.9811 13.7778 0.16853
    endloop
  endfacet
  facet normal -0.546584 0.269761 -0.792764
    outer loop
      vertex -31.0133 13.7126 0.16853
      vertex -31.1092 13.7523 0.248159
      vertex -31.071 13.8297 0.248159
    endloop
  endfacet
  facet normal -0.320866 0.946554 -0.0328696
    outer loop
      vertex -30.8819 14.4219 0.934596
      vertex -30.8827 14.4239 1
      vertex -30.7588 14.4659 1
    endloop
  endfacet
  facet normal -0.321579 0.946362 -0.0313974
    outer loop
      vertex -30.7583 14.4639 0.934596
      vertex -30.8819 14.4219 0.934596
      vertex -30.7588 14.4659 1
    endloop
  endfacet
  facet normal 0.922345 0.0604449 -0.38161
    outer loop
      vertex 31.4469 13.5 0.67856
      vertex 31.3969 13.5 0.557711
      vertex 31.4388 13.6236 0.67856
    endloop
  endfacet
  facet normal 0.92226 0.0606439 -0.381784
    outer loop
      vertex 31.3969 13.5 0.557711
      vertex 31.3892 13.6171 0.557711
      vertex 31.4388 13.6236 0.67856
    endloop
  endfacet
  facet normal 0.9387 0.319081 -0.130502
    outer loop
      vertex 31.4474 13.7538 0.804909
      vertex 31.4061 13.8753 0.804909
      vertex 31.4639 13.7583 0.934596
    endloop
  endfacet
  facet normal 0.938719 0.318982 -0.130599
    outer loop
      vertex 31.4639 13.7583 0.934596
      vertex 31.4061 13.8753 0.804909
      vertex 31.4219 13.8819 0.934596
    endloop
  endfacet
  facet normal 0.768138 0.513832 -0.382022
    outer loop
      vertex 31.3201 13.9735 0.67856
      vertex 31.2115 14.046 0.557711
      vertex 31.2512 14.0765 0.67856
    endloop
  endfacet
  facet normal 0.824572 0.550474 -0.130615
    outer loop
      vertex 31.3642 13.9989 0.934596
      vertex 31.2781 14.0971 0.804909
      vertex 31.2917 14.1075 0.934596
    endloop
  endfacet
  facet normal 0.947066 0.321039 0
    outer loop
      vertex 31.4659 13.7588 16.6
      vertex 31.4239 13.8827 1
      vertex 31.4239 13.8827 16.6
    endloop
  endfacet
  facet normal 0.947066 0.321039 0
    outer loop
      vertex 31.4239 13.8827 1
      vertex 31.4659 13.7588 16.6
      vertex 31.4659 13.7588 1
    endloop
  endfacet
  facet normal 0.751721 0.255149 -0.608124
    outer loop
      vertex 31.2262 13.6946 0.340653
      vertex 31.1946 13.7877 0.340653
      vertex 31.2682 13.8182 0.444429
    endloop
  endfacet
  facet normal 0.711919 0.351213 -0.608129
    outer loop
      vertex 31.2682 13.8182 0.444429
      vertex 31.1946 13.7877 0.340653
      vertex 31.2201 13.9157 0.444429
    endloop
  endfacet
  facet normal 0.751186 0.659298 -0.0323486
    outer loop
      vertex 31.2917 14.1075 0.934596
      vertex 31.2056 14.2056 0.934596
      vertex 31.2071 14.2071 1
    endloop
  endfacet
  facet normal 0.751086 0.659397 -0.0326289
    outer loop
      vertex 31.2917 14.1075 0.934596
      vertex 31.2071 14.2071 1
      vertex 31.2934 14.1088 1
    endloop
  endfacet
  facet normal -0.194332 0.171948 -0.965748
    outer loop
      vertex -30.6548 13.6188 0.0192146
      vertex -30.755 13.6957 0.0530691
      vertex -30.6379 13.6379 0.0192146
    endloop
  endfacet
  facet normal -0.215859 0.143906 -0.965762
    outer loop
      vertex -30.669 13.5975 0.0192146
      vertex -30.755 13.6957 0.0530691
      vertex -30.6548 13.6188 0.0192146
    endloop
  endfacet
  facet normal -0.128235 -0.0256469 -0.991412
    outer loop
      vertex -30.6884 -13.5505 0.0192146
      vertex -30.6934 -13.5255 0.0192146
      vertex -30.5648 -13.5085 0.002141
    endloop
  endfacet
  facet normal -0.130409 -0.00920533 -0.991418
    outer loop
      vertex -30.5648 -13.5085 0.002141
      vertex -30.6934 -13.5255 0.0192146
      vertex -30.5654 -13.5 0.002141
    endloop
  endfacet
  facet normal 0.946362 0.321579 -0.0313974
    outer loop
      vertex 31.4639 13.7583 0.934596
      vertex 31.4219 13.8819 0.934596
      vertex 31.4659 13.7588 1
    endloop
  endfacet
  facet normal 0.980418 0.1944 -0.0314665
    outer loop
      vertex 31.4893 13.6302 0.934596
      vertex 31.4639 13.7583 0.934596
      vertex 31.4659 13.7588 1
    endloop
  endfacet
  facet normal 0.694981 0.609135 -0.382042
    outer loop
      vertex 31.2115 14.046 0.557711
      vertex 31.1696 14.1696 0.67856
      vertex 31.2512 14.0765 0.67856
    endloop
  endfacet
  facet normal 0.803284 0.536778 -0.258077
    outer loop
      vertex 31.3201 13.9735 0.67856
      vertex 31.2781 14.0971 0.804909
      vertex 31.3494 13.9904 0.804909
    endloop
  endfacet
  facet normal 0.802926 0.537103 -0.258514
    outer loop
      vertex 31.3201 13.9735 0.67856
      vertex 31.2512 14.0765 0.67856
      vertex 31.2781 14.0971 0.804909
    endloop
  endfacet
  facet normal 0.889423 0.438143 -0.130219
    outer loop
      vertex 31.4061 13.8753 0.804909
      vertex 31.3494 13.9904 0.804909
      vertex 31.3642 13.9989 0.934596
    endloop
  endfacet
  facet normal -0.318753 0.213109 -0.92357
    outer loop
      vertex -30.7784 13.6607 0.0530691
      vertex -30.8509 13.7692 0.103127
      vertex -30.755 13.6957 0.0530691
    endloop
  endfacet
  facet normal -0.215598 0.144142 -0.965785
    outer loop
      vertex -30.669 13.5975 0.0192146
      vertex -30.7784 13.6607 0.0530691
      vertex -30.755 13.6957 0.0530691
    endloop
  endfacet
  facet normal -0.416449 0.277921 -0.865638
    outer loop
      vertex -30.883 13.7211 0.103127
      vertex -30.9408 13.8382 0.16853
      vertex -30.8509 13.7692 0.103127
    endloop
  endfacet
  facet normal -0.3762 0.330364 -0.86564
    outer loop
      vertex -30.8509 13.7692 0.103127
      vertex -30.9408 13.8382 0.16853
      vertex -30.8127 13.8127 0.103127
    endloop
  endfacet
  facet normal -0.252858 0.288459 -0.923501
    outer loop
      vertex -30.7273 13.7273 0.0530691
      vertex -30.8127 13.8127 0.103127
      vertex -30.6957 13.755 0.0530691
    endloop
  endfacet
  facet normal -0.170846 0.1949 -0.965829
    outer loop
      vertex -30.6379 13.6379 0.0192146
      vertex -30.7273 13.7273 0.0530691
      vertex -30.6957 13.755 0.0530691
    endloop
  endfacet
  facet normal 0.72647 0.636734 -0.25848
    outer loop
      vertex 31.2512 14.0765 0.67856
      vertex 31.1696 14.1696 0.67856
      vertex 31.2781 14.0971 0.804909
    endloop
  endfacet
  facet normal 0.726182 0.637292 -0.257913
    outer loop
      vertex 31.2781 14.0971 0.804909
      vertex 31.1696 14.1696 0.67856
      vertex 31.1935 14.1935 0.804909
    endloop
  endfacet
  facet normal -1 0 0
    outer loop
      vertex 29.5 -12.5 2
      vertex 29.5 12.5 4.5
      vertex 29.5 12.5 2
    endloop
  endfacet
  facet normal -1 -0 0
    outer loop
      vertex 29.5 12.5 4.5
      vertex 29.5 -12.5 2
      vertex 29.5 -12.5 4.5
    endloop
  endfacet
  facet normal -1 0 0
    outer loop
      vertex 29.5 -12.5 10.5
      vertex 29.5 12.5 17
      vertex 29.5 12.5 10.5
    endloop
  endfacet
  facet normal -1 -0 0
    outer loop
      vertex 29.5 12.5 17
      vertex 29.5 -12.5 10.5
      vertex 29.5 -12.5 17
    endloop
  endfacet
  facet normal -0 0 1
    outer loop
      vertex -14 12.5 2
      vertex 29.5 -12.5 2
      vertex 29.5 12.5 2
    endloop
  endfacet
  facet normal 0 0 1
    outer loop
      vertex 29.5 -12.5 2
      vertex -14 12.5 2
      vertex -14 -12.5 2
    endloop
  endfacet
  facet normal 1 -0 0
    outer loop
      vertex -29.5 -12.5 17
      vertex -29.5 12.5 2.02
      vertex -29.5 12.5 17
    endloop
  endfacet
  facet normal 1 0 0
    outer loop
      vertex -29.5 12.5 2.02
      vertex -29.5 -12.5 17
      vertex -29.5 -12.5 2.02
    endloop
  endfacet
  facet normal 0 -1 0
    outer loop
      vertex -14 12.5 2.02
      vertex 29.5 12.5 17
      vertex -29.5 12.5 17
    endloop
  endfacet
  facet normal 0 -1 0
    outer loop
      vertex 29.5 12.5 17
      vertex -14 12.5 2.02
      vertex 29.48 12.5 10.5
    endloop
  endfacet
  facet normal 0 -1 0
    outer loop
      vertex -14 12.5 2.02
      vertex -29.5 12.5 17
      vertex -29.5 12.5 2.02
    endloop
  endfacet
  facet normal 0 -1 -0
    outer loop
      vertex 29.48 12.5 10.5
      vertex -14 12.5 2.02
      vertex 29.48 12.5 4.5
    endloop
  endfacet
  facet normal 0 -1 0
    outer loop
      vertex 29.5 12.5 2
      vertex 29.48 12.5 4.5
      vertex -14 12.5 2.02
    endloop
  endfacet
  facet normal 0 -1 0
    outer loop
      vertex 29.5 12.5 2
      vertex -14 12.5 2.02
      vertex -14 12.5 2
    endloop
  endfacet
  facet normal 0 -1 0
    outer loop
      vertex 29.48 12.5 4.5
      vertex 29.5 12.5 2
      vertex 29.5 12.5 4.5
    endloop
  endfacet
  facet normal 0 -1 -0
    outer loop
      vertex 29.5 12.5 17
      vertex 29.48 12.5 10.5
      vertex 29.5 12.5 10.5
    endloop
  endfacet
  facet normal 0 -1 0
    outer loop
      vertex 30 12.5 5
      vertex 31 12.5 10
      vertex 30 12.5 10
    endloop
  endfacet
  facet normal 0 -1 -0
    outer loop
      vertex 31 12.5 10
      vertex 30 12.5 5
      vertex 31 12.5 5
    endloop
  endfacet
  facet normal 0 1 -0
    outer loop
      vertex 29.5 -12.5 2
      vertex 29.48 -12.5 4.5
      vertex 29.5 -12.5 4.5
    endloop
  endfacet
  facet normal 0 1 0
    outer loop
      vertex 29.48 -12.5 4.5
      vertex 29.5 -12.5 2
      vertex -14 -12.5 2.02
    endloop
  endfacet
  facet normal 0 1 0
    outer loop
      vertex -14 -12.5 2.02
      vertex 29.5 -12.5 2
      vertex -14 -12.5 2
    endloop
  endfacet
  facet normal 0 1 0
    outer loop
      vertex 29.48 -12.5 10.5
      vertex 29.5 -12.5 17
      vertex 29.5 -12.5 10.5
    endloop
  endfacet
  facet normal 0 1 0
    outer loop
      vertex -14 -12.5 2.02
      vertex 29.5 -12.5 17
      vertex 29.48 -12.5 10.5
    endloop
  endfacet
  facet normal 0 1 0
    outer loop
      vertex -14 -12.5 2.02
      vertex 29.48 -12.5 10.5
      vertex 29.48 -12.5 4.5
    endloop
  endfacet
  facet normal 0 1 0
    outer loop
      vertex 29.5 -12.5 17
      vertex -14 -12.5 2.02
      vertex -29.5 -12.5 17
    endloop
  endfacet
  facet normal 0 1 0
    outer loop
      vertex -29.5 -12.5 17
      vertex -14 -12.5 2.02
      vertex -29.5 -12.5 2.02
    endloop
  endfacet
  facet normal 0 1 -0
    outer loop
      vertex 31 -12.5 5
      vertex 30 -12.5 10
      vertex 31 -12.5 10
    endloop
  endfacet
  facet normal 0 1 0
    outer loop
      vertex 30 -12.5 10
      vertex 31 -12.5 5
      vertex 30 -12.5 5
    endloop
  endfacet
  facet normal 0 0 -1
    outer loop
      vertex 30 -12.5 10
      vertex 31 12.5 10
      vertex 31 -12.5 10
    endloop
  endfacet
  facet normal -0 0 -1
    outer loop
      vertex 31 12.5 10
      vertex 30 -12.5 10
      vertex 30 12.5 10
    endloop
  endfacet
  facet normal -0 0 1
    outer loop
      vertex 30 12.5 5
      vertex 31 -12.5 5
      vertex 31 12.5 5
    endloop
  endfacet
  facet normal 0 0 1
    outer loop
      vertex 31 -12.5 5
      vertex 30 12.5 5
      vertex 30 -12.5 5
    endloop
  endfacet
endsolid OpenSCAD_Model
