solid OpenSCAD_Model
  facet normal -0.321727 -0.946832 0
    outer loop
      vertex 30.8235 14.7074 9.3
      vertex 30.9783 14.6548 18.99
      vertex 30.8235 14.7074 18.99
    endloop
  endfacet
  facet normal -0.321727 -0.946832 -0
    outer loop
      vertex 30.9783 14.6548 18.99
      vertex 30.8235 14.7074 9.3
      vertex 30.9783 14.6548 9.3
    endloop
  endfacet
  facet normal 0 -1 0
    outer loop
      vertex -30.5 14.75 18.99
      vertex -20.55 14.75 10.3
      vertex -20.55 14.75 18.99
    endloop
  endfacet
  facet normal 0 -1 0
    outer loop
      vertex -30.5 14.75 9.3
      vertex -19.75 14.75 10.3
      vertex -20.55 14.75 10.3
    endloop
  endfacet
  facet normal 0 -1 -0
    outer loop
      vertex -19.75 14.75 10.3
      vertex -30.5 14.75 9.3
      vertex -11.75 14.75 10.3
    endloop
  endfacet
  facet normal 0 -1 -0
    outer loop
      vertex -11.75 14.75 10.3
      vertex -30.5 14.75 9.3
      vertex -10.95 14.75 10.3
    endloop
  endfacet
  facet normal 0 -1 -0
    outer loop
      vertex -10.95 14.75 10.3
      vertex -30.5 14.75 9.3
      vertex 10.95 14.75 10.3
    endloop
  endfacet
  facet normal 0 -1 0
    outer loop
      vertex 30.5 14.75 9.3
      vertex 10.95 14.75 10.3
      vertex -30.5 14.75 9.3
    endloop
  endfacet
  facet normal 0 -1 0
    outer loop
      vertex 10.95 14.75 10.3
      vertex 30.5 14.75 9.3
      vertex 11.75 14.75 10.3
    endloop
  endfacet
  facet normal 0 -1 0
    outer loop
      vertex 11.75 14.75 10.3
      vertex 30.5 14.75 9.3
      vertex 19.75 14.75 10.3
    endloop
  endfacet
  facet normal 0 -1 0
    outer loop
      vertex -30.5 14.75 9.3
      vertex -20.55 14.75 10.3
      vertex -30.5 14.75 18.99
    endloop
  endfacet
  facet normal 0 -1 0
    outer loop
      vertex -19.75 14.75 10.3
      vertex -11.75 14.75 17.28
      vertex -19.75 14.75 17.28
    endloop
  endfacet
  facet normal 0 -1 -0
    outer loop
      vertex -11.75 14.75 17.28
      vertex -19.75 14.75 10.3
      vertex -11.75 14.75 10.3
    endloop
  endfacet
  facet normal 0 -1 0
    outer loop
      vertex -10.95 14.75 10.3
      vertex 10.95 14.75 18.99
      vertex -10.95 14.75 18.99
    endloop
  endfacet
  facet normal 0 -1 -0
    outer loop
      vertex 10.95 14.75 18.99
      vertex -10.95 14.75 10.3
      vertex 10.95 14.75 10.3
    endloop
  endfacet
  facet normal 0 -1 0
    outer loop
      vertex 11.75 14.75 10.3
      vertex 19.75 14.75 17.28
      vertex 11.75 14.75 17.28
    endloop
  endfacet
  facet normal 0 -1 -0
    outer loop
      vertex 19.75 14.75 17.28
      vertex 11.75 14.75 10.3
      vertex 19.75 14.75 10.3
    endloop
  endfacet
  facet normal 0 -1 0
    outer loop
      vertex 20.55 14.75 10.3
      vertex 30.5 14.75 18.99
      vertex 20.55 14.75 18.99
    endloop
  endfacet
  facet normal 0 -1 0
    outer loop
      vertex 20.55 14.75 10.3
      vertex 30.5 14.75 9.3
      vertex 30.5 14.75 18.99
    endloop
  endfacet
  facet normal 0 -1 0
    outer loop
      vertex 19.75 14.75 10.3
      vertex 30.5 14.75 9.3
      vertex 20.55 14.75 10.3
    endloop
  endfacet
  facet normal 0 -1 0
    outer loop
      vertex -19.75 14.75 18.9
      vertex -11.75 14.75 18.99
      vertex -19.75 14.75 18.99
    endloop
  endfacet
  facet normal 0 -1 -0
    outer loop
      vertex -11.75 14.75 18.99
      vertex -19.75 14.75 18.9
      vertex -11.75 14.75 18.9
    endloop
  endfacet
  facet normal 0 -1 0
    outer loop
      vertex 11.75 14.75 18.9
      vertex 19.75 14.75 18.99
      vertex 11.75 14.75 18.99
    endloop
  endfacet
  facet normal 0 -1 -0
    outer loop
      vertex 19.75 14.75 18.99
      vertex 11.75 14.75 18.9
      vertex 19.75 14.75 18.9
    endloop
  endfacet
  facet normal -0.195175 -0.980768 0
    outer loop
      vertex 30.6632 14.7393 9.3
      vertex 30.8235 14.7074 18.99
      vertex 30.6632 14.7393 18.99
    endloop
  endfacet
  facet normal -0.195175 -0.980768 -0
    outer loop
      vertex 30.8235 14.7074 18.99
      vertex 30.6632 14.7393 9.3
      vertex 30.8235 14.7074 9.3
    endloop
  endfacet
  facet normal 0.195175 -0.980768 0
    outer loop
      vertex -30.8235 14.7074 9.3
      vertex -30.6632 14.7393 18.99
      vertex -30.8235 14.7074 18.99
    endloop
  endfacet
  facet normal 0.195175 -0.980768 0
    outer loop
      vertex -30.6632 14.7393 18.99
      vertex -30.8235 14.7074 9.3
      vertex -30.6632 14.7393 9.3
    endloop
  endfacet
  facet normal -0.0654233 -0.997858 0
    outer loop
      vertex 30.5 14.75 9.3
      vertex 30.6632 14.7393 18.99
      vertex 30.5 14.75 18.99
    endloop
  endfacet
  facet normal -0.0654233 -0.997858 -0
    outer loop
      vertex 30.6632 14.7393 18.99
      vertex 30.5 14.75 9.3
      vertex 30.6632 14.7393 9.3
    endloop
  endfacet
  facet normal 0.89698 0.44207 0
    outer loop
      vertex -31.5825 -14.125 18.99
      vertex -31.6548 -13.9783 9.3
      vertex -31.6548 -13.9783 18.99
    endloop
  endfacet
  facet normal 0.89698 0.44207 0
    outer loop
      vertex -31.6548 -13.9783 9.3
      vertex -31.5825 -14.125 18.99
      vertex -31.5825 -14.125 9.3
    endloop
  endfacet
  facet normal 0.946832 0.321727 0
    outer loop
      vertex -31.6548 -13.9783 18.99
      vertex -31.7074 -13.8235 9.3
      vertex -31.7074 -13.8235 18.99
    endloop
  endfacet
  facet normal 0.946832 0.321727 0
    outer loop
      vertex -31.7074 -13.8235 9.3
      vertex -31.6548 -13.9783 18.99
      vertex -31.6548 -13.9783 9.3
    endloop
  endfacet
  facet normal -0.321727 0.946832 0
    outer loop
      vertex 30.9783 -14.6548 9.3
      vertex 30.8235 -14.7074 18.99
      vertex 30.9783 -14.6548 18.99
    endloop
  endfacet
  facet normal -0.321727 0.946832 0
    outer loop
      vertex 30.8235 -14.7074 18.99
      vertex 30.9783 -14.6548 9.3
      vertex 30.8235 -14.7074 9.3
    endloop
  endfacet
  facet normal -0.831674 0.555265 0
    outer loop
      vertex 31.4917 -14.261 9.3
      vertex 31.5825 -14.125 18.99
      vertex 31.5825 -14.125 9.3
    endloop
  endfacet
  facet normal -0.831674 0.555265 0
    outer loop
      vertex 31.5825 -14.125 18.99
      vertex 31.4917 -14.261 9.3
      vertex 31.4917 -14.261 18.99
    endloop
  endfacet
  facet normal 1 -0 0
    outer loop
      vertex -31.75 -13.5 18.99
      vertex -31.75 13.5 9.3
      vertex -31.75 13.5 18.99
    endloop
  endfacet
  facet normal 1 0 0
    outer loop
      vertex -31.75 13.5 9.3
      vertex -31.75 -13.5 18.99
      vertex -31.75 -13.5 9.3
    endloop
  endfacet
  facet normal 0.831674 -0.555265 0
    outer loop
      vertex -31.5825 14.125 18.99
      vertex -31.4917 14.261 9.3
      vertex -31.4917 14.261 18.99
    endloop
  endfacet
  facet normal 0.831674 -0.555265 0
    outer loop
      vertex -31.4917 14.261 9.3
      vertex -31.5825 14.125 18.99
      vertex -31.5825 14.125 9.3
    endloop
  endfacet
  facet normal -0.555265 -0.831674 0
    outer loop
      vertex 31.125 14.5825 9.3
      vertex 31.261 14.4917 18.99
      vertex 31.125 14.5825 18.99
    endloop
  endfacet
  facet normal -0.555265 -0.831674 -0
    outer loop
      vertex 31.261 14.4917 18.99
      vertex 31.125 14.5825 9.3
      vertex 31.261 14.4917 9.3
    endloop
  endfacet
  facet normal 0 1 0
    outer loop
      vertex 30.5 -14.75 18.99
      vertex 20.55 -14.75 10.3
      vertex 20.55 -14.75 18.99
    endloop
  endfacet
  facet normal 0 1 0
    outer loop
      vertex 30.5 -14.75 9.3
      vertex 19.75 -14.75 10.3
      vertex 20.55 -14.75 10.3
    endloop
  endfacet
  facet normal 0 1 0
    outer loop
      vertex 19.75 -14.75 10.3
      vertex 30.5 -14.75 9.3
      vertex 11.75 -14.75 10.3
    endloop
  endfacet
  facet normal 0 1 0
    outer loop
      vertex 11.75 -14.75 10.3
      vertex 30.5 -14.75 9.3
      vertex 10.95 -14.75 10.3
    endloop
  endfacet
  facet normal 0 1 0
    outer loop
      vertex 10.95 -14.75 10.3
      vertex 30.5 -14.75 9.3
      vertex -10.95 -14.75 10.3
    endloop
  endfacet
  facet normal 0 1 0
    outer loop
      vertex -30.5 -14.75 9.3
      vertex -10.95 -14.75 10.3
      vertex 30.5 -14.75 9.3
    endloop
  endfacet
  facet normal 0 1 0
    outer loop
      vertex -10.95 -14.75 10.3
      vertex -30.5 -14.75 9.3
      vertex -11.75 -14.75 10.3
    endloop
  endfacet
  facet normal 0 1 0
    outer loop
      vertex -11.75 -14.75 10.3
      vertex -30.5 -14.75 9.3
      vertex -19.75 -14.75 10.3
    endloop
  endfacet
  facet normal 0 1 -0
    outer loop
      vertex 30.5 -14.75 9.3
      vertex 20.55 -14.75 10.3
      vertex 30.5 -14.75 18.99
    endloop
  endfacet
  facet normal 0 1 -0
    outer loop
      vertex 19.75 -14.75 10.3
      vertex 11.75 -14.75 17.28
      vertex 19.75 -14.75 17.28
    endloop
  endfacet
  facet normal 0 1 0
    outer loop
      vertex 11.75 -14.75 17.28
      vertex 19.75 -14.75 10.3
      vertex 11.75 -14.75 10.3
    endloop
  endfacet
  facet normal 0 1 -0
    outer loop
      vertex 10.95 -14.75 10.3
      vertex -10.95 -14.75 18.99
      vertex 10.95 -14.75 18.99
    endloop
  endfacet
  facet normal 0 1 0
    outer loop
      vertex -10.95 -14.75 18.99
      vertex 10.95 -14.75 10.3
      vertex -10.95 -14.75 10.3
    endloop
  endfacet
  facet normal 0 1 -0
    outer loop
      vertex -11.75 -14.75 10.3
      vertex -19.75 -14.75 17.28
      vertex -11.75 -14.75 17.28
    endloop
  endfacet
  facet normal 0 1 0
    outer loop
      vertex -19.75 -14.75 17.28
      vertex -11.75 -14.75 10.3
      vertex -19.75 -14.75 10.3
    endloop
  endfacet
  facet normal 0 1 -0
    outer loop
      vertex -20.55 -14.75 10.3
      vertex -30.5 -14.75 18.99
      vertex -20.55 -14.75 18.99
    endloop
  endfacet
  facet normal 0 1 0
    outer loop
      vertex -20.55 -14.75 10.3
      vertex -30.5 -14.75 9.3
      vertex -30.5 -14.75 18.99
    endloop
  endfacet
  facet normal 0 1 0
    outer loop
      vertex -19.75 -14.75 10.3
      vertex -30.5 -14.75 9.3
      vertex -20.55 -14.75 10.3
    endloop
  endfacet
  facet normal 0 1 -0
    outer loop
      vertex -11.75 -14.75 18.9
      vertex -19.75 -14.75 18.99
      vertex -11.75 -14.75 18.99
    endloop
  endfacet
  facet normal 0 1 0
    outer loop
      vertex -19.75 -14.75 18.99
      vertex -11.75 -14.75 18.9
      vertex -19.75 -14.75 18.9
    endloop
  endfacet
  facet normal 0 1 -0
    outer loop
      vertex 19.75 -14.75 18.9
      vertex 11.75 -14.75 18.99
      vertex 19.75 -14.75 18.99
    endloop
  endfacet
  facet normal 0 1 0
    outer loop
      vertex 11.75 -14.75 18.99
      vertex 19.75 -14.75 18.9
      vertex 11.75 -14.75 18.9
    endloop
  endfacet
  facet normal -0.555265 0.831674 0
    outer loop
      vertex 31.261 -14.4917 9.3
      vertex 31.125 -14.5825 18.99
      vertex 31.261 -14.4917 18.99
    endloop
  endfacet
  facet normal -0.555265 0.831674 0
    outer loop
      vertex 31.125 -14.5825 18.99
      vertex 31.261 -14.4917 9.3
      vertex 31.125 -14.5825 9.3
    endloop
  endfacet
  facet normal 0.659414 -0.75178 0
    outer loop
      vertex -31.3839 14.3839 9.3
      vertex -31.261 14.4917 18.99
      vertex -31.3839 14.3839 18.99
    endloop
  endfacet
  facet normal 0.659414 -0.75178 0
    outer loop
      vertex -31.261 14.4917 18.99
      vertex -31.3839 14.3839 9.3
      vertex -31.261 14.4917 9.3
    endloop
  endfacet
  facet normal 0.321727 -0.946832 0
    outer loop
      vertex -30.9783 14.6548 9.3
      vertex -30.8235 14.7074 18.99
      vertex -30.9783 14.6548 18.99
    endloop
  endfacet
  facet normal 0.321727 -0.946832 0
    outer loop
      vertex -30.8235 14.7074 18.99
      vertex -30.9783 14.6548 9.3
      vertex -30.8235 14.7074 9.3
    endloop
  endfacet
  facet normal -0.44207 0.89698 0
    outer loop
      vertex 31.125 -14.5825 9.3
      vertex 30.9783 -14.6548 18.99
      vertex 31.125 -14.5825 18.99
    endloop
  endfacet
  facet normal -0.44207 0.89698 0
    outer loop
      vertex 30.9783 -14.6548 18.99
      vertex 31.125 -14.5825 9.3
      vertex 30.9783 -14.6548 9.3
    endloop
  endfacet
  facet normal -0.946832 0.321727 0
    outer loop
      vertex 31.6548 -13.9783 9.3
      vertex 31.7074 -13.8235 18.99
      vertex 31.7074 -13.8235 9.3
    endloop
  endfacet
  facet normal -0.946832 0.321727 0
    outer loop
      vertex 31.7074 -13.8235 18.99
      vertex 31.6548 -13.9783 9.3
      vertex 31.6548 -13.9783 18.99
    endloop
  endfacet
  facet normal -1 0 0
    outer loop
      vertex 31.75 13.5 9.3
      vertex 31.75 12.5 16.3
      vertex 31.75 13.5 18.99
    endloop
  endfacet
  facet normal -1 0 0
    outer loop
      vertex 31.75 13.5 9.3
      vertex 31.75 -12.5 16.3
      vertex 31.75 12.5 16.3
    endloop
  endfacet
  facet normal -1 0 0
    outer loop
      vertex 31.75 -13.5 9.3
      vertex 31.75 -12.5 16.3
      vertex 31.75 13.5 9.3
    endloop
  endfacet
  facet normal -1 0 0
    outer loop
      vertex 31.75 -13.5 18.99
      vertex 31.75 -12.5 16.3
      vertex 31.75 -13.5 9.3
    endloop
  endfacet
  facet normal -1 0 0
    outer loop
      vertex 31.75 -12.5 16.3
      vertex 31.75 -13.5 18.99
      vertex 31.75 -12.5 18.99
    endloop
  endfacet
  facet normal -1 -0 0
    outer loop
      vertex 31.75 13.5 18.99
      vertex 31.75 12.5 16.3
      vertex 31.75 12.5 18.99
    endloop
  endfacet
  facet normal 0.321727 0.946832 -0
    outer loop
      vertex -30.8235 -14.7074 9.3
      vertex -30.9783 -14.6548 18.99
      vertex -30.8235 -14.7074 18.99
    endloop
  endfacet
  facet normal 0.321727 0.946832 0
    outer loop
      vertex -30.9783 -14.6548 18.99
      vertex -30.8235 -14.7074 9.3
      vertex -30.9783 -14.6548 9.3
    endloop
  endfacet
  facet normal 0.980768 0.195175 0
    outer loop
      vertex -31.7074 -13.8235 18.99
      vertex -31.7393 -13.6632 9.3
      vertex -31.7393 -13.6632 18.99
    endloop
  endfacet
  facet normal 0.980768 0.195175 0
    outer loop
      vertex -31.7393 -13.6632 9.3
      vertex -31.7074 -13.8235 18.99
      vertex -31.7074 -13.8235 9.3
    endloop
  endfacet
  facet normal 0.555265 0.831674 -0
    outer loop
      vertex -31.125 -14.5825 9.3
      vertex -31.261 -14.4917 18.99
      vertex -31.125 -14.5825 18.99
    endloop
  endfacet
  facet normal 0.555265 0.831674 0
    outer loop
      vertex -31.261 -14.4917 18.99
      vertex -31.125 -14.5825 9.3
      vertex -31.261 -14.4917 9.3
    endloop
  endfacet
  facet normal 0.44207 0.89698 -0
    outer loop
      vertex -30.9783 -14.6548 9.3
      vertex -31.125 -14.5825 18.99
      vertex -30.9783 -14.6548 18.99
    endloop
  endfacet
  facet normal 0.44207 0.89698 0
    outer loop
      vertex -31.125 -14.5825 18.99
      vertex -30.9783 -14.6548 9.3
      vertex -31.125 -14.5825 9.3
    endloop
  endfacet
  facet normal 0.980768 -0.195175 0
    outer loop
      vertex -31.7393 13.6632 18.99
      vertex -31.7074 13.8235 9.3
      vertex -31.7074 13.8235 18.99
    endloop
  endfacet
  facet normal 0.980768 -0.195175 0
    outer loop
      vertex -31.7074 13.8235 9.3
      vertex -31.7393 13.6632 18.99
      vertex -31.7393 13.6632 9.3
    endloop
  endfacet
  facet normal -0.75178 -0.659414 0
    outer loop
      vertex 31.4917 14.261 9.3
      vertex 31.3839 14.3839 18.99
      vertex 31.3839 14.3839 9.3
    endloop
  endfacet
  facet normal -0.75178 -0.659414 0
    outer loop
      vertex 31.3839 14.3839 18.99
      vertex 31.4917 14.261 9.3
      vertex 31.4917 14.261 18.99
    endloop
  endfacet
  facet normal 0.0654233 -0.997858 0
    outer loop
      vertex -30.6632 14.7393 9.3
      vertex -30.5 14.75 18.99
      vertex -30.6632 14.7393 18.99
    endloop
  endfacet
  facet normal 0.0654233 -0.997858 0
    outer loop
      vertex -30.5 14.75 18.99
      vertex -30.6632 14.7393 9.3
      vertex -30.5 14.75 9.3
    endloop
  endfacet
  facet normal 0.0654233 0.997858 -0
    outer loop
      vertex -30.5 -14.75 9.3
      vertex -30.6632 -14.7393 18.99
      vertex -30.5 -14.75 18.99
    endloop
  endfacet
  facet normal 0.0654233 0.997858 0
    outer loop
      vertex -30.6632 -14.7393 18.99
      vertex -30.5 -14.75 9.3
      vertex -30.6632 -14.7393 9.3
    endloop
  endfacet
  facet normal 0.555265 -0.831674 0
    outer loop
      vertex -31.261 14.4917 9.3
      vertex -31.125 14.5825 18.99
      vertex -31.261 14.4917 18.99
    endloop
  endfacet
  facet normal 0.555265 -0.831674 0
    outer loop
      vertex -31.125 14.5825 18.99
      vertex -31.261 14.4917 9.3
      vertex -31.125 14.5825 9.3
    endloop
  endfacet
  facet normal 0.195175 0.980768 -0
    outer loop
      vertex -30.6632 -14.7393 9.3
      vertex -30.8235 -14.7074 18.99
      vertex -30.6632 -14.7393 18.99
    endloop
  endfacet
  facet normal 0.195175 0.980768 0
    outer loop
      vertex -30.8235 -14.7074 18.99
      vertex -30.6632 -14.7393 9.3
      vertex -30.8235 -14.7074 9.3
    endloop
  endfacet
  facet normal -0.0654233 0.997858 0
    outer loop
      vertex 30.6632 -14.7393 9.3
      vertex 30.5 -14.75 18.99
      vertex 30.6632 -14.7393 18.99
    endloop
  endfacet
  facet normal -0.0654233 0.997858 0
    outer loop
      vertex 30.5 -14.75 18.99
      vertex 30.6632 -14.7393 9.3
      vertex 30.5 -14.75 9.3
    endloop
  endfacet
  facet normal -0.195175 0.980768 0
    outer loop
      vertex 30.8235 -14.7074 9.3
      vertex 30.6632 -14.7393 18.99
      vertex 30.8235 -14.7074 18.99
    endloop
  endfacet
  facet normal -0.195175 0.980768 0
    outer loop
      vertex 30.6632 -14.7393 18.99
      vertex 30.8235 -14.7074 9.3
      vertex 30.6632 -14.7393 9.3
    endloop
  endfacet
  facet normal 0.831674 0.555265 0
    outer loop
      vertex -31.4917 -14.261 18.99
      vertex -31.5825 -14.125 9.3
      vertex -31.5825 -14.125 18.99
    endloop
  endfacet
  facet normal 0.831674 0.555265 0
    outer loop
      vertex -31.5825 -14.125 9.3
      vertex -31.4917 -14.261 18.99
      vertex -31.4917 -14.261 9.3
    endloop
  endfacet
  facet normal -0.89698 0.44207 0
    outer loop
      vertex 31.5825 -14.125 9.3
      vertex 31.6548 -13.9783 18.99
      vertex 31.6548 -13.9783 9.3
    endloop
  endfacet
  facet normal -0.89698 0.44207 0
    outer loop
      vertex 31.6548 -13.9783 18.99
      vertex 31.5825 -14.125 9.3
      vertex 31.5825 -14.125 18.99
    endloop
  endfacet
  facet normal -0.75178 0.659414 0
    outer loop
      vertex 31.3839 -14.3839 9.3
      vertex 31.4917 -14.261 18.99
      vertex 31.4917 -14.261 9.3
    endloop
  endfacet
  facet normal -0.75178 0.659414 0
    outer loop
      vertex 31.4917 -14.261 18.99
      vertex 31.3839 -14.3839 9.3
      vertex 31.3839 -14.3839 18.99
    endloop
  endfacet
  facet normal 0.659414 0.75178 -0
    outer loop
      vertex -31.261 -14.4917 9.3
      vertex -31.3839 -14.3839 18.99
      vertex -31.261 -14.4917 18.99
    endloop
  endfacet
  facet normal 0.659414 0.75178 0
    outer loop
      vertex -31.3839 -14.3839 18.99
      vertex -31.261 -14.4917 9.3
      vertex -31.3839 -14.3839 9.3
    endloop
  endfacet
  facet normal 0.75178 0.659414 0
    outer loop
      vertex -31.3839 -14.3839 18.99
      vertex -31.4917 -14.261 9.3
      vertex -31.4917 -14.261 18.99
    endloop
  endfacet
  facet normal 0.75178 0.659414 0
    outer loop
      vertex -31.4917 -14.261 9.3
      vertex -31.3839 -14.3839 18.99
      vertex -31.3839 -14.3839 9.3
    endloop
  endfacet
  facet normal 0.997858 0.0654233 0
    outer loop
      vertex -31.7393 -13.6632 18.99
      vertex -31.75 -13.5 9.3
      vertex -31.75 -13.5 18.99
    endloop
  endfacet
  facet normal 0.997858 0.0654233 0
    outer loop
      vertex -31.75 -13.5 9.3
      vertex -31.7393 -13.6632 18.99
      vertex -31.7393 -13.6632 9.3
    endloop
  endfacet
  facet normal -0.659414 0.75178 0
    outer loop
      vertex 31.3839 -14.3839 9.3
      vertex 31.261 -14.4917 18.99
      vertex 31.3839 -14.3839 18.99
    endloop
  endfacet
  facet normal -0.659414 0.75178 0
    outer loop
      vertex 31.261 -14.4917 18.99
      vertex 31.3839 -14.3839 9.3
      vertex 31.261 -14.4917 9.3
    endloop
  endfacet
  facet normal -0.659414 -0.75178 0
    outer loop
      vertex 31.261 14.4917 9.3
      vertex 31.3839 14.3839 18.99
      vertex 31.261 14.4917 18.99
    endloop
  endfacet
  facet normal -0.659414 -0.75178 -0
    outer loop
      vertex 31.3839 14.3839 18.99
      vertex 31.261 14.4917 9.3
      vertex 31.3839 14.3839 9.3
    endloop
  endfacet
  facet normal -0.831674 -0.555265 0
    outer loop
      vertex 31.5825 14.125 9.3
      vertex 31.4917 14.261 18.99
      vertex 31.4917 14.261 9.3
    endloop
  endfacet
  facet normal -0.831674 -0.555265 0
    outer loop
      vertex 31.4917 14.261 18.99
      vertex 31.5825 14.125 9.3
      vertex 31.5825 14.125 18.99
    endloop
  endfacet
  facet normal 0.946832 -0.321727 0
    outer loop
      vertex -31.7074 13.8235 18.99
      vertex -31.6548 13.9783 9.3
      vertex -31.6548 13.9783 18.99
    endloop
  endfacet
  facet normal 0.946832 -0.321727 0
    outer loop
      vertex -31.6548 13.9783 9.3
      vertex -31.7074 13.8235 18.99
      vertex -31.7074 13.8235 9.3
    endloop
  endfacet
  facet normal -0.997858 -0.0654233 0
    outer loop
      vertex 31.75 13.5 9.3
      vertex 31.7393 13.6632 18.99
      vertex 31.7393 13.6632 9.3
    endloop
  endfacet
  facet normal -0.997858 -0.0654233 0
    outer loop
      vertex 31.7393 13.6632 18.99
      vertex 31.75 13.5 9.3
      vertex 31.75 13.5 18.99
    endloop
  endfacet
  facet normal -0.980768 0.195175 0
    outer loop
      vertex 31.7074 -13.8235 9.3
      vertex 31.7393 -13.6632 18.99
      vertex 31.7393 -13.6632 9.3
    endloop
  endfacet
  facet normal -0.980768 0.195175 0
    outer loop
      vertex 31.7393 -13.6632 18.99
      vertex 31.7074 -13.8235 9.3
      vertex 31.7074 -13.8235 18.99
    endloop
  endfacet
  facet normal 0.997858 -0.0654233 0
    outer loop
      vertex -31.75 13.5 18.99
      vertex -31.7393 13.6632 9.3
      vertex -31.7393 13.6632 18.99
    endloop
  endfacet
  facet normal 0.997858 -0.0654233 0
    outer loop
      vertex -31.7393 13.6632 9.3
      vertex -31.75 13.5 18.99
      vertex -31.75 13.5 9.3
    endloop
  endfacet
  facet normal -0.997858 0.0654233 0
    outer loop
      vertex 31.7393 -13.6632 9.3
      vertex 31.75 -13.5 18.99
      vertex 31.75 -13.5 9.3
    endloop
  endfacet
  facet normal -0.997858 0.0654233 0
    outer loop
      vertex 31.75 -13.5 18.99
      vertex 31.7393 -13.6632 9.3
      vertex 31.7393 -13.6632 18.99
    endloop
  endfacet
  facet normal 0.44207 -0.89698 0
    outer loop
      vertex -31.125 14.5825 9.3
      vertex -30.9783 14.6548 18.99
      vertex -31.125 14.5825 18.99
    endloop
  endfacet
  facet normal 0.44207 -0.89698 0
    outer loop
      vertex -30.9783 14.6548 18.99
      vertex -31.125 14.5825 9.3
      vertex -30.9783 14.6548 9.3
    endloop
  endfacet
  facet normal -0.946832 -0.321727 0
    outer loop
      vertex 31.7074 13.8235 9.3
      vertex 31.6548 13.9783 18.99
      vertex 31.6548 13.9783 9.3
    endloop
  endfacet
  facet normal -0.946832 -0.321727 0
    outer loop
      vertex 31.6548 13.9783 18.99
      vertex 31.7074 13.8235 9.3
      vertex 31.7074 13.8235 18.99
    endloop
  endfacet
  facet normal 0.75178 -0.659414 0
    outer loop
      vertex -31.4917 14.261 18.99
      vertex -31.3839 14.3839 9.3
      vertex -31.3839 14.3839 18.99
    endloop
  endfacet
  facet normal 0.75178 -0.659414 0
    outer loop
      vertex -31.3839 14.3839 9.3
      vertex -31.4917 14.261 18.99
      vertex -31.4917 14.261 9.3
    endloop
  endfacet
  facet normal -0.44207 -0.89698 0
    outer loop
      vertex 30.9783 14.6548 9.3
      vertex 31.125 14.5825 18.99
      vertex 30.9783 14.6548 18.99
    endloop
  endfacet
  facet normal -0.44207 -0.89698 -0
    outer loop
      vertex 31.125 14.5825 18.99
      vertex 30.9783 14.6548 9.3
      vertex 31.125 14.5825 9.3
    endloop
  endfacet
  facet normal -0.89698 -0.44207 0
    outer loop
      vertex 31.6548 13.9783 9.3
      vertex 31.5825 14.125 18.99
      vertex 31.5825 14.125 9.3
    endloop
  endfacet
  facet normal -0.89698 -0.44207 0
    outer loop
      vertex 31.5825 14.125 18.99
      vertex 31.6548 13.9783 9.3
      vertex 31.6548 13.9783 18.99
    endloop
  endfacet
  facet normal -0.980768 -0.195175 0
    outer loop
      vertex 31.7393 13.6632 9.3
      vertex 31.7074 13.8235 18.99
      vertex 31.7074 13.8235 9.3
    endloop
  endfacet
  facet normal -0.980768 -0.195175 0
    outer loop
      vertex 31.7074 13.8235 18.99
      vertex 31.7393 13.6632 9.3
      vertex 31.7393 13.6632 18.99
    endloop
  endfacet
  facet normal 0.89698 -0.44207 0
    outer loop
      vertex -31.6548 13.9783 18.99
      vertex -31.5825 14.125 9.3
      vertex -31.5825 14.125 18.99
    endloop
  endfacet
  facet normal 0.89698 -0.44207 0
    outer loop
      vertex -31.5825 14.125 9.3
      vertex -31.6548 13.9783 18.99
      vertex -31.6548 13.9783 9.3
    endloop
  endfacet
  facet normal 0 -0.718602 0.695421
    outer loop
      vertex -30.5 14.75 18.99
      vertex -20.55 15.05 19.3
      vertex -30.5 15.05 19.3
    endloop
  endfacet
  facet normal 0 -0.718602 0.695421
    outer loop
      vertex -20.55 15.05 19.3
      vertex -30.5 14.75 18.99
      vertex -20.55 14.75 18.99
    endloop
  endfacet
  facet normal 0 -0.718602 0.695421
    outer loop
      vertex 20.55 14.75 18.99
      vertex 30.5 15.05 19.3
      vertex 20.55 15.05 19.3
    endloop
  endfacet
  facet normal 0 -0.718602 0.695421
    outer loop
      vertex 30.5 15.05 19.3
      vertex 20.55 14.75 18.99
      vertex 30.5 14.75 18.99
    endloop
  endfacet
  facet normal 0 -0.718602 0.695421
    outer loop
      vertex -19.75 14.75 18.99
      vertex -11.75 15.05 19.3
      vertex -19.75 15.05 19.3
    endloop
  endfacet
  facet normal 0 -0.718602 0.695421
    outer loop
      vertex -11.75 15.05 19.3
      vertex -19.75 14.75 18.99
      vertex -11.75 14.75 18.99
    endloop
  endfacet
  facet normal 0 -0.718602 0.695421
    outer loop
      vertex -10.95 14.75 18.99
      vertex 10.95 15.05 19.3
      vertex -10.95 15.05 19.3
    endloop
  endfacet
  facet normal 0 -0.718602 0.695421
    outer loop
      vertex 10.95 15.05 19.3
      vertex -10.95 14.75 18.99
      vertex 10.95 14.75 18.99
    endloop
  endfacet
  facet normal 0 -0.718602 0.695421
    outer loop
      vertex 11.75 14.75 18.99
      vertex 19.75 15.05 19.3
      vertex 11.75 15.05 19.3
    endloop
  endfacet
  facet normal 0 -0.718602 0.695421
    outer loop
      vertex 19.75 15.05 19.3
      vertex 11.75 14.75 18.99
      vertex 19.75 14.75 18.99
    endloop
  endfacet
  facet normal -0.717848 0.0470648 0.694607
    outer loop
      vertex 32.0367 -13.7023 19.3
      vertex 31.75 -13.5 18.99
      vertex 31.7393 -13.6632 18.99
    endloop
  endfacet
  facet normal 0.399427 -0.598261 0.694652
    outer loop
      vertex -31.261 14.4917 18.99
      vertex -31.125 14.5825 18.99
      vertex -31.275 14.8423 19.3
    endloop
  endfacet
  facet normal 0.705538 0.140114 0.694683
    outer loop
      vertex -31.9972 -13.9012 19.3
      vertex -31.7074 -13.8235 18.99
      vertex -32.0367 -13.7023 19.3
    endloop
  endfacet
  facet normal -0.47438 0.540829 0.694599
    outer loop
      vertex 31.596 -14.596 19.3
      vertex 31.3839 -14.3839 18.99
      vertex 31.261 -14.4917 18.99
    endloop
  endfacet
  facet normal 0.645024 0.318254 0.694736
    outer loop
      vertex -31.8423 -14.275 19.3
      vertex -31.6548 -13.9783 18.99
      vertex -31.932 -14.0932 19.3
    endloop
  endfacet
  facet normal -0.705565 0.140409 0.694596
    outer loop
      vertex 32.0367 -13.7023 19.3
      vertex 31.7393 -13.6632 18.99
      vertex 31.7074 -13.8235 18.99
    endloop
  endfacet
  facet normal 0.140409 0.705565 0.694596
    outer loop
      vertex -30.7023 -15.0367 19.3
      vertex -30.6632 -14.7393 18.99
      vertex -30.8235 -14.7074 18.99
    endloop
  endfacet
  facet normal -0.0470648 -0.717848 0.694607
    outer loop
      vertex 30.6632 14.7393 18.99
      vertex 30.7023 15.0367 19.3
      vertex 30.5 14.75 18.99
    endloop
  endfacet
  facet normal -0.645024 -0.318254 0.694736
    outer loop
      vertex 31.932 14.0932 19.3
      vertex 31.8423 14.275 19.3
      vertex 31.6548 13.9783 18.99
    endloop
  endfacet
  facet normal -0.540829 0.47438 0.694599
    outer loop
      vertex 31.596 -14.596 19.3
      vertex 31.4917 -14.261 18.99
      vertex 31.3839 -14.3839 18.99
    endloop
  endfacet
  facet normal -0.0470648 0.717848 0.694607
    outer loop
      vertex 30.7023 -15.0367 19.3
      vertex 30.6632 -14.7393 18.99
      vertex 30.5 -14.75 18.99
    endloop
  endfacet
  facet normal 0.23128 -0.681071 0.694732
    outer loop
      vertex -30.9783 14.6548 18.99
      vertex -30.9012 14.9972 19.3
      vertex -31.0932 14.932 19.3
    endloop
  endfacet
  facet normal 0.0470648 0.717848 0.694607
    outer loop
      vertex -30.5 -14.75 18.99
      vertex -30.6632 -14.7393 18.99
      vertex -30.7023 -15.0367 19.3
    endloop
  endfacet
  facet normal -0.318254 0.645024 0.694736
    outer loop
      vertex 31.0932 -14.932 19.3
      vertex 31.275 -14.8423 19.3
      vertex 30.9783 -14.6548 18.99
    endloop
  endfacet
  facet normal -0.681071 0.23128 0.694732
    outer loop
      vertex 31.932 -14.0932 19.3
      vertex 31.9972 -13.9012 19.3
      vertex 31.6548 -13.9783 18.99
    endloop
  endfacet
  facet normal 0.681065 0.231421 0.69469
    outer loop
      vertex -31.6548 -13.9783 18.99
      vertex -31.7074 -13.8235 18.99
      vertex -31.9972 -13.9012 19.3
    endloop
  endfacet
  facet normal -0.598229 -0.399529 0.694621
    outer loop
      vertex 31.8423 14.275 19.3
      vertex 31.7297 14.4436 19.3
      vertex 31.4917 14.261 18.99
    endloop
  endfacet
  facet normal 0.474417 -0.540771 0.694619
    outer loop
      vertex -31.261 14.4917 18.99
      vertex -31.4436 14.7297 19.3
      vertex -31.596 14.596 19.3
    endloop
  endfacet
  facet normal 0.318254 -0.645024 0.694736
    outer loop
      vertex -30.9783 14.6548 18.99
      vertex -31.0932 14.932 19.3
      vertex -31.275 14.8423 19.3
    endloop
  endfacet
  facet normal -0.681065 0.231421 0.69469
    outer loop
      vertex 31.9972 -13.9012 19.3
      vertex 31.7074 -13.8235 18.99
      vertex 31.6548 -13.9783 18.99
    endloop
  endfacet
  facet normal -0.598261 0.399427 0.694652
    outer loop
      vertex 31.8423 -14.275 19.3
      vertex 31.5825 -14.125 18.99
      vertex 31.4917 -14.261 18.99
    endloop
  endfacet
  facet normal 0.0471911 0.717802 0.694647
    outer loop
      vertex -30.5 -15.05 19.3
      vertex -30.5 -14.75 18.99
      vertex -30.7023 -15.0367 19.3
    endloop
  endfacet
  facet normal 0 0.718602 0.695421
    outer loop
      vertex -20.55 -14.75 18.99
      vertex -30.5 -15.05 19.3
      vertex -20.55 -15.05 19.3
    endloop
  endfacet
  facet normal 0 0.718602 0.695421
    outer loop
      vertex -30.5 -15.05 19.3
      vertex -20.55 -14.75 18.99
      vertex -30.5 -14.75 18.99
    endloop
  endfacet
  facet normal 0 0.718602 0.695421
    outer loop
      vertex 30.5 -14.75 18.99
      vertex 20.55 -15.05 19.3
      vertex 30.5 -15.05 19.3
    endloop
  endfacet
  facet normal 0 0.718602 0.695421
    outer loop
      vertex 20.55 -15.05 19.3
      vertex 30.5 -14.75 18.99
      vertex 20.55 -14.75 18.99
    endloop
  endfacet
  facet normal 0 0.718602 0.695421
    outer loop
      vertex -11.75 -14.75 18.99
      vertex -19.75 -15.05 19.3
      vertex -11.75 -15.05 19.3
    endloop
  endfacet
  facet normal 0 0.718602 0.695421
    outer loop
      vertex -19.75 -15.05 19.3
      vertex -11.75 -14.75 18.99
      vertex -19.75 -14.75 18.99
    endloop
  endfacet
  facet normal 0 0.718602 0.695421
    outer loop
      vertex 10.95 -14.75 18.99
      vertex -10.95 -15.05 19.3
      vertex 10.95 -15.05 19.3
    endloop
  endfacet
  facet normal 0 0.718602 0.695421
    outer loop
      vertex -10.95 -15.05 19.3
      vertex 10.95 -14.75 18.99
      vertex -10.95 -14.75 18.99
    endloop
  endfacet
  facet normal 0 0.718602 0.695421
    outer loop
      vertex 19.75 -14.75 18.99
      vertex 11.75 -15.05 19.3
      vertex 19.75 -15.05 19.3
    endloop
  endfacet
  facet normal 0 0.718602 0.695421
    outer loop
      vertex 11.75 -15.05 19.3
      vertex 19.75 -14.75 18.99
      vertex 11.75 -14.75 18.99
    endloop
  endfacet
  facet normal -0.718602 0 0.695421
    outer loop
      vertex 31.75 -13.5 18.99
      vertex 32.05 -12.5 19.3
      vertex 31.75 -12.5 18.99
    endloop
  endfacet
  facet normal -0.718602 0 0.695421
    outer loop
      vertex 32.05 -12.5 19.3
      vertex 31.75 -13.5 18.99
      vertex 32.05 -13.5 19.3
    endloop
  endfacet
  facet normal -0.718602 0 0.695421
    outer loop
      vertex 31.75 12.5 18.99
      vertex 32.05 13.5 19.3
      vertex 31.75 13.5 18.99
    endloop
  endfacet
  facet normal -0.718602 0 0.695421
    outer loop
      vertex 32.05 13.5 19.3
      vertex 31.75 12.5 18.99
      vertex 32.05 12.5 19.3
    endloop
  endfacet
  facet normal -0.140114 0.705538 0.694683
    outer loop
      vertex 30.9012 -14.9972 19.3
      vertex 30.8235 -14.7074 18.99
      vertex 30.7023 -15.0367 19.3
    endloop
  endfacet
  facet normal 0.140114 -0.705538 0.694683
    outer loop
      vertex -30.8235 14.7074 18.99
      vertex -30.7023 15.0367 19.3
      vertex -30.9012 14.9972 19.3
    endloop
  endfacet
  facet normal -0.705565 -0.140409 0.694596
    outer loop
      vertex 31.7393 13.6632 18.99
      vertex 32.0367 13.7023 19.3
      vertex 31.7074 13.8235 18.99
    endloop
  endfacet
  facet normal 0.47438 -0.540829 0.694599
    outer loop
      vertex -31.3839 14.3839 18.99
      vertex -31.261 14.4917 18.99
      vertex -31.596 14.596 19.3
    endloop
  endfacet
  facet normal -0.231421 -0.681065 0.69469
    outer loop
      vertex 30.9783 14.6548 18.99
      vertex 30.9012 14.9972 19.3
      vertex 30.8235 14.7074 18.99
    endloop
  endfacet
  facet normal 0.318008 0.645252 0.694637
    outer loop
      vertex -30.9783 -14.6548 18.99
      vertex -31.125 -14.5825 18.99
      vertex -31.275 -14.8423 19.3
    endloop
  endfacet
  facet normal 0.717802 0.0471911 0.694647
    outer loop
      vertex -32.0367 -13.7023 19.3
      vertex -31.75 -13.5 18.99
      vertex -32.05 -13.5 19.3
    endloop
  endfacet
  facet normal -0.598229 0.399529 0.694621
    outer loop
      vertex 31.7297 -14.4436 19.3
      vertex 31.8423 -14.275 19.3
      vertex 31.4917 -14.261 18.99
    endloop
  endfacet
  facet normal -0.0471911 -0.717802 0.694647
    outer loop
      vertex 30.5 14.75 18.99
      vertex 30.7023 15.0367 19.3
      vertex 30.5 15.05 19.3
    endloop
  endfacet
  facet normal 0.705565 0.140409 0.694596
    outer loop
      vertex -31.7074 -13.8235 18.99
      vertex -31.7393 -13.6632 18.99
      vertex -32.0367 -13.7023 19.3
    endloop
  endfacet
  facet normal 0.399427 0.598261 0.694652
    outer loop
      vertex -31.125 -14.5825 18.99
      vertex -31.261 -14.4917 18.99
      vertex -31.275 -14.8423 19.3
    endloop
  endfacet
  facet normal -0.140409 0.705565 0.694596
    outer loop
      vertex 30.7023 -15.0367 19.3
      vertex 30.8235 -14.7074 18.99
      vertex 30.6632 -14.7393 18.99
    endloop
  endfacet
  facet normal -0.717802 0.0471911 0.694647
    outer loop
      vertex 32.0367 -13.7023 19.3
      vertex 32.05 -13.5 19.3
      vertex 31.75 -13.5 18.99
    endloop
  endfacet
  facet normal 0.540829 -0.47438 0.694599
    outer loop
      vertex -31.4917 14.261 18.99
      vertex -31.3839 14.3839 18.99
      vertex -31.596 14.596 19.3
    endloop
  endfacet
  facet normal -0.399427 0.598261 0.694652
    outer loop
      vertex 31.275 -14.8423 19.3
      vertex 31.261 -14.4917 18.99
      vertex 31.125 -14.5825 18.99
    endloop
  endfacet
  facet normal -0.474417 0.540771 0.694619
    outer loop
      vertex 31.4436 -14.7297 19.3
      vertex 31.596 -14.596 19.3
      vertex 31.261 -14.4917 18.99
    endloop
  endfacet
  facet normal 0.598261 0.399427 0.694652
    outer loop
      vertex -31.4917 -14.261 18.99
      vertex -31.5825 -14.125 18.99
      vertex -31.8423 -14.275 19.3
    endloop
  endfacet
  facet normal 0.645252 0.318008 0.694637
    outer loop
      vertex -31.5825 -14.125 18.99
      vertex -31.6548 -13.9783 18.99
      vertex -31.8423 -14.275 19.3
    endloop
  endfacet
  facet normal 0.598229 0.399529 0.694621
    outer loop
      vertex -31.7297 -14.4436 19.3
      vertex -31.4917 -14.261 18.99
      vertex -31.8423 -14.275 19.3
    endloop
  endfacet
  facet normal 0.598229 -0.399529 0.694621
    outer loop
      vertex -31.4917 14.261 18.99
      vertex -31.7297 14.4436 19.3
      vertex -31.8423 14.275 19.3
    endloop
  endfacet
  facet normal 0.23128 0.681071 0.694732
    outer loop
      vertex -30.9012 -14.9972 19.3
      vertex -30.9783 -14.6548 18.99
      vertex -31.0932 -14.932 19.3
    endloop
  endfacet
  facet normal -0.399529 0.598229 0.694621
    outer loop
      vertex 31.275 -14.8423 19.3
      vertex 31.4436 -14.7297 19.3
      vertex 31.261 -14.4917 18.99
    endloop
  endfacet
  facet normal 0.399529 -0.598229 0.694621
    outer loop
      vertex -31.261 14.4917 18.99
      vertex -31.275 14.8423 19.3
      vertex -31.4436 14.7297 19.3
    endloop
  endfacet
  facet normal 0.705565 -0.140409 0.694596
    outer loop
      vertex -31.7393 13.6632 18.99
      vertex -31.7074 13.8235 18.99
      vertex -32.0367 13.7023 19.3
    endloop
  endfacet
  facet normal -0.23128 0.681071 0.694732
    outer loop
      vertex 31.0932 -14.932 19.3
      vertex 30.9783 -14.6548 18.99
      vertex 30.9012 -14.9972 19.3
    endloop
  endfacet
  facet normal -0.645024 0.318254 0.694736
    outer loop
      vertex 31.8423 -14.275 19.3
      vertex 31.932 -14.0932 19.3
      vertex 31.6548 -13.9783 18.99
    endloop
  endfacet
  facet normal -0.681071 -0.23128 0.694732
    outer loop
      vertex 31.9972 13.9012 19.3
      vertex 31.932 14.0932 19.3
      vertex 31.6548 13.9783 18.99
    endloop
  endfacet
  facet normal -0.231421 0.681065 0.69469
    outer loop
      vertex 30.9012 -14.9972 19.3
      vertex 30.9783 -14.6548 18.99
      vertex 30.8235 -14.7074 18.99
    endloop
  endfacet
  facet normal -0.645252 0.318008 0.694637
    outer loop
      vertex 31.8423 -14.275 19.3
      vertex 31.6548 -13.9783 18.99
      vertex 31.5825 -14.125 18.99
    endloop
  endfacet
  facet normal 0.318008 -0.645252 0.694637
    outer loop
      vertex -31.125 14.5825 18.99
      vertex -30.9783 14.6548 18.99
      vertex -31.275 14.8423 19.3
    endloop
  endfacet
  facet normal 0.318254 0.645024 0.694736
    outer loop
      vertex -31.0932 -14.932 19.3
      vertex -30.9783 -14.6548 18.99
      vertex -31.275 -14.8423 19.3
    endloop
  endfacet
  facet normal -0.318008 0.645252 0.694637
    outer loop
      vertex 31.275 -14.8423 19.3
      vertex 31.125 -14.5825 18.99
      vertex 30.9783 -14.6548 18.99
    endloop
  endfacet
  facet normal 0.705538 -0.140114 0.694683
    outer loop
      vertex -31.7074 13.8235 18.99
      vertex -31.9972 13.9012 19.3
      vertex -32.0367 13.7023 19.3
    endloop
  endfacet
  facet normal -0.140409 -0.705565 0.694596
    outer loop
      vertex 30.8235 14.7074 18.99
      vertex 30.7023 15.0367 19.3
      vertex 30.6632 14.7393 18.99
    endloop
  endfacet
  facet normal 0.645024 -0.318254 0.694736
    outer loop
      vertex -31.6548 13.9783 18.99
      vertex -31.8423 14.275 19.3
      vertex -31.932 14.0932 19.3
    endloop
  endfacet
  facet normal 0.717848 0.0470648 0.694607
    outer loop
      vertex -31.7393 -13.6632 18.99
      vertex -31.75 -13.5 18.99
      vertex -32.0367 -13.7023 19.3
    endloop
  endfacet
  facet normal -0.0471911 0.717802 0.694647
    outer loop
      vertex 30.5 -15.05 19.3
      vertex 30.7023 -15.0367 19.3
      vertex 30.5 -14.75 18.99
    endloop
  endfacet
  facet normal 0.718602 -0 0.695421
    outer loop
      vertex -32.05 -13.5 19.3
      vertex -31.75 13.5 18.99
      vertex -32.05 13.5 19.3
    endloop
  endfacet
  facet normal 0.718602 0 0.695421
    outer loop
      vertex -31.75 13.5 18.99
      vertex -32.05 -13.5 19.3
      vertex -31.75 -13.5 18.99
    endloop
  endfacet
  facet normal -0.540829 -0.47438 0.694599
    outer loop
      vertex 31.4917 14.261 18.99
      vertex 31.596 14.596 19.3
      vertex 31.3839 14.3839 18.99
    endloop
  endfacet
  facet normal -0.23128 -0.681071 0.694732
    outer loop
      vertex 30.9783 14.6548 18.99
      vertex 31.0932 14.932 19.3
      vertex 30.9012 14.9972 19.3
    endloop
  endfacet
  facet normal 0.231421 -0.681065 0.69469
    outer loop
      vertex -30.8235 14.7074 18.99
      vertex -30.9012 14.9972 19.3
      vertex -30.9783 14.6548 18.99
    endloop
  endfacet
  facet normal 0.0471911 -0.717802 0.694647
    outer loop
      vertex -30.5 14.75 18.99
      vertex -30.5 15.05 19.3
      vertex -30.7023 15.0367 19.3
    endloop
  endfacet
  facet normal -0.705538 -0.140114 0.694683
    outer loop
      vertex 32.0367 13.7023 19.3
      vertex 31.9972 13.9012 19.3
      vertex 31.7074 13.8235 18.99
    endloop
  endfacet
  facet normal 0.399529 0.598229 0.694621
    outer loop
      vertex -31.275 -14.8423 19.3
      vertex -31.261 -14.4917 18.99
      vertex -31.4436 -14.7297 19.3
    endloop
  endfacet
  facet normal -0.47438 -0.540829 0.694599
    outer loop
      vertex 31.3839 14.3839 18.99
      vertex 31.596 14.596 19.3
      vertex 31.261 14.4917 18.99
    endloop
  endfacet
  facet normal 0.0470648 -0.717848 0.694607
    outer loop
      vertex -30.6632 14.7393 18.99
      vertex -30.5 14.75 18.99
      vertex -30.7023 15.0367 19.3
    endloop
  endfacet
  facet normal 0.717848 -0.0470648 0.694607
    outer loop
      vertex -31.75 13.5 18.99
      vertex -31.7393 13.6632 18.99
      vertex -32.0367 13.7023 19.3
    endloop
  endfacet
  facet normal -0.705538 0.140114 0.694683
    outer loop
      vertex 31.9972 -13.9012 19.3
      vertex 32.0367 -13.7023 19.3
      vertex 31.7074 -13.8235 18.99
    endloop
  endfacet
  facet normal -0.540771 0.474417 0.694619
    outer loop
      vertex 31.596 -14.596 19.3
      vertex 31.7297 -14.4436 19.3
      vertex 31.4917 -14.261 18.99
    endloop
  endfacet
  facet normal -0.399529 -0.598229 0.694621
    outer loop
      vertex 31.4436 14.7297 19.3
      vertex 31.275 14.8423 19.3
      vertex 31.261 14.4917 18.99
    endloop
  endfacet
  facet normal 0.540771 0.474417 0.694619
    outer loop
      vertex -31.596 -14.596 19.3
      vertex -31.4917 -14.261 18.99
      vertex -31.7297 -14.4436 19.3
    endloop
  endfacet
  facet normal 0.231421 0.681065 0.69469
    outer loop
      vertex -30.9012 -14.9972 19.3
      vertex -30.8235 -14.7074 18.99
      vertex -30.9783 -14.6548 18.99
    endloop
  endfacet
  facet normal 0.717802 -0.0471911 0.694647
    outer loop
      vertex -31.75 13.5 18.99
      vertex -32.0367 13.7023 19.3
      vertex -32.05 13.5 19.3
    endloop
  endfacet
  facet normal 0.140409 -0.705565 0.694596
    outer loop
      vertex -30.6632 14.7393 18.99
      vertex -30.7023 15.0367 19.3
      vertex -30.8235 14.7074 18.99
    endloop
  endfacet
  facet normal 0.540771 -0.474417 0.694619
    outer loop
      vertex -31.4917 14.261 18.99
      vertex -31.596 14.596 19.3
      vertex -31.7297 14.4436 19.3
    endloop
  endfacet
  facet normal -0.681065 -0.231421 0.69469
    outer loop
      vertex 31.7074 13.8235 18.99
      vertex 31.9972 13.9012 19.3
      vertex 31.6548 13.9783 18.99
    endloop
  endfacet
  facet normal -0.140114 -0.705538 0.694683
    outer loop
      vertex 30.8235 14.7074 18.99
      vertex 30.9012 14.9972 19.3
      vertex 30.7023 15.0367 19.3
    endloop
  endfacet
  facet normal 0.681065 -0.231421 0.69469
    outer loop
      vertex -31.7074 13.8235 18.99
      vertex -31.6548 13.9783 18.99
      vertex -31.9972 13.9012 19.3
    endloop
  endfacet
  facet normal -0.717802 -0.0471911 0.694647
    outer loop
      vertex 32.05 13.5 19.3
      vertex 32.0367 13.7023 19.3
      vertex 31.75 13.5 18.99
    endloop
  endfacet
  facet normal 0.540829 0.47438 0.694599
    outer loop
      vertex -31.3839 -14.3839 18.99
      vertex -31.4917 -14.261 18.99
      vertex -31.596 -14.596 19.3
    endloop
  endfacet
  facet normal 0.47438 0.540829 0.694599
    outer loop
      vertex -31.261 -14.4917 18.99
      vertex -31.3839 -14.3839 18.99
      vertex -31.596 -14.596 19.3
    endloop
  endfacet
  facet normal 0.140114 0.705538 0.694683
    outer loop
      vertex -30.7023 -15.0367 19.3
      vertex -30.8235 -14.7074 18.99
      vertex -30.9012 -14.9972 19.3
    endloop
  endfacet
  facet normal -0.717848 -0.0470648 0.694607
    outer loop
      vertex 31.75 13.5 18.99
      vertex 32.0367 13.7023 19.3
      vertex 31.7393 13.6632 18.99
    endloop
  endfacet
  facet normal -0.318254 -0.645024 0.694736
    outer loop
      vertex 31.275 14.8423 19.3
      vertex 31.0932 14.932 19.3
      vertex 30.9783 14.6548 18.99
    endloop
  endfacet
  facet normal 0.681071 0.23128 0.694732
    outer loop
      vertex -31.932 -14.0932 19.3
      vertex -31.6548 -13.9783 18.99
      vertex -31.9972 -13.9012 19.3
    endloop
  endfacet
  facet normal 0.474417 0.540771 0.694619
    outer loop
      vertex -31.4436 -14.7297 19.3
      vertex -31.261 -14.4917 18.99
      vertex -31.596 -14.596 19.3
    endloop
  endfacet
  facet normal 0.681071 -0.23128 0.694732
    outer loop
      vertex -31.6548 13.9783 18.99
      vertex -31.932 14.0932 19.3
      vertex -31.9972 13.9012 19.3
    endloop
  endfacet
  facet normal -0.540771 -0.474417 0.694619
    outer loop
      vertex 31.7297 14.4436 19.3
      vertex 31.596 14.596 19.3
      vertex 31.4917 14.261 18.99
    endloop
  endfacet
  facet normal 0.598261 -0.399427 0.694652
    outer loop
      vertex -31.5825 14.125 18.99
      vertex -31.4917 14.261 18.99
      vertex -31.8423 14.275 19.3
    endloop
  endfacet
  facet normal 0.645252 -0.318008 0.694637
    outer loop
      vertex -31.6548 13.9783 18.99
      vertex -31.5825 14.125 18.99
      vertex -31.8423 14.275 19.3
    endloop
  endfacet
  facet normal -0.399427 -0.598261 0.694652
    outer loop
      vertex 31.261 14.4917 18.99
      vertex 31.275 14.8423 19.3
      vertex 31.125 14.5825 18.99
    endloop
  endfacet
  facet normal -0.318008 -0.645252 0.694637
    outer loop
      vertex 31.125 14.5825 18.99
      vertex 31.275 14.8423 19.3
      vertex 30.9783 14.6548 18.99
    endloop
  endfacet
  facet normal -0.474417 -0.540771 0.694619
    outer loop
      vertex 31.596 14.596 19.3
      vertex 31.4436 14.7297 19.3
      vertex 31.261 14.4917 18.99
    endloop
  endfacet
  facet normal -0.645252 -0.318008 0.694637
    outer loop
      vertex 31.6548 13.9783 18.99
      vertex 31.8423 14.275 19.3
      vertex 31.5825 14.125 18.99
    endloop
  endfacet
  facet normal -0.598261 -0.399427 0.694652
    outer loop
      vertex 31.5825 14.125 18.99
      vertex 31.8423 14.275 19.3
      vertex 31.4917 14.261 18.99
    endloop
  endfacet
  facet normal -1 0 0
    outer loop
      vertex -19.75 14.05 18.08
      vertex -19.75 14.85 17.28
      vertex -19.75 14.75 17.28
    endloop
  endfacet
  facet normal -1 0 0
    outer loop
      vertex -19.75 14.85 17.28
      vertex -19.75 14.05 18.08
      vertex -19.75 14.85 18.9
    endloop
  endfacet
  facet normal -1 0 0
    outer loop
      vertex -19.75 14.05 18.1
      vertex -19.75 14.85 18.9
      vertex -19.75 14.05 18.08
    endloop
  endfacet
  facet normal -1 -0 0
    outer loop
      vertex -19.75 14.85 18.9
      vertex -19.75 14.05 18.1
      vertex -19.75 14.75 18.9
    endloop
  endfacet
  facet normal -1 0 0
    outer loop
      vertex -19.75 14.85 17.28
      vertex -19.75 15.95 18.8
      vertex -19.75 15.95 10.3
    endloop
  endfacet
  facet normal -1 0 0
    outer loop
      vertex -19.75 14.85 18.9
      vertex -19.75 15.95 18.8
      vertex -19.75 14.85 17.28
    endloop
  endfacet
  facet normal -1 0 0
    outer loop
      vertex -19.75 15.95 18.8
      vertex -19.75 14.85 18.9
      vertex -19.75 15.45 19.3
    endloop
  endfacet
  facet normal -1 0 0
    outer loop
      vertex -19.75 14.75 10.3
      vertex -19.75 14.85 17.28
      vertex -19.75 15.95 10.3
    endloop
  endfacet
  facet normal -1 -0 0
    outer loop
      vertex -19.75 14.85 17.28
      vertex -19.75 14.75 10.3
      vertex -19.75 14.75 17.28
    endloop
  endfacet
  facet normal -1 -0 0
    outer loop
      vertex -19.75 15.45 19.3
      vertex -19.75 14.85 18.9
      vertex -19.75 15.05 19.3
    endloop
  endfacet
  facet normal -1 0 0
    outer loop
      vertex -19.75 14.75 18.99
      vertex -19.75 14.85 18.9
      vertex -19.75 14.75 18.9
    endloop
  endfacet
  facet normal -1 0 0
    outer loop
      vertex -19.75 14.85 18.9
      vertex -19.75 14.75 18.99
      vertex -19.75 15.05 19.3
    endloop
  endfacet
  facet normal -0 0 1
    outer loop
      vertex -20.55 15.95 10.3
      vertex -19.75 14.75 10.3
      vertex -19.75 15.95 10.3
    endloop
  endfacet
  facet normal 0 0 1
    outer loop
      vertex -19.75 14.75 10.3
      vertex -20.55 15.95 10.3
      vertex -20.55 14.75 10.3
    endloop
  endfacet
  facet normal 1 -0 0
    outer loop
      vertex -20.55 14.75 18.99
      vertex -20.55 15.95 18.8
      vertex -20.55 15.45 19.3
    endloop
  endfacet
  facet normal 1 0 0
    outer loop
      vertex -20.55 14.75 18.99
      vertex -20.55 15.45 19.3
      vertex -20.55 15.05 19.3
    endloop
  endfacet
  facet normal 1 0 0
    outer loop
      vertex -20.55 14.75 10.3
      vertex -20.55 15.95 18.8
      vertex -20.55 14.75 18.99
    endloop
  endfacet
  facet normal 1 0 0
    outer loop
      vertex -20.55 15.95 18.8
      vertex -20.55 14.75 10.3
      vertex -20.55 15.95 10.3
    endloop
  endfacet
  facet normal -1 0 0
    outer loop
      vertex -10.95 14.75 10.3
      vertex -10.95 15.95 18.8
      vertex -10.95 15.95 10.3
    endloop
  endfacet
  facet normal -1 0 0
    outer loop
      vertex -10.95 15.95 18.8
      vertex -10.95 14.75 18.99
      vertex -10.95 15.45 19.3
    endloop
  endfacet
  facet normal -1 -0 0
    outer loop
      vertex -10.95 15.95 18.8
      vertex -10.95 14.75 10.3
      vertex -10.95 14.75 18.99
    endloop
  endfacet
  facet normal -1 -0 0
    outer loop
      vertex -10.95 15.45 19.3
      vertex -10.95 14.75 18.99
      vertex -10.95 15.05 19.3
    endloop
  endfacet
  facet normal -0 0 1
    outer loop
      vertex -11.75 15.95 10.3
      vertex -10.95 14.75 10.3
      vertex -10.95 15.95 10.3
    endloop
  endfacet
  facet normal 0 0 1
    outer loop
      vertex -10.95 14.75 10.3
      vertex -11.75 15.95 10.3
      vertex -11.75 14.75 10.3
    endloop
  endfacet
  facet normal 1 -0 0
    outer loop
      vertex -11.75 14.75 18.99
      vertex -11.75 14.85 18.9
      vertex -11.75 15.05 19.3
    endloop
  endfacet
  facet normal 1 0 0
    outer loop
      vertex -11.75 14.85 18.9
      vertex -11.75 14.75 18.99
      vertex -11.75 14.75 18.9
    endloop
  endfacet
  facet normal 1 -0 0
    outer loop
      vertex -11.75 14.85 18.9
      vertex -11.75 15.95 18.8
      vertex -11.75 15.45 19.3
    endloop
  endfacet
  facet normal 1 0 0
    outer loop
      vertex -11.75 14.85 18.9
      vertex -11.75 15.45 19.3
      vertex -11.75 15.05 19.3
    endloop
  endfacet
  facet normal 1 0 0
    outer loop
      vertex -11.75 15.95 18.8
      vertex -11.75 14.85 18.9
      vertex -11.75 14.85 17.28
    endloop
  endfacet
  facet normal 1 0 0
    outer loop
      vertex -11.75 15.95 18.8
      vertex -11.75 14.85 17.28
      vertex -11.75 15.95 10.3
    endloop
  endfacet
  facet normal 1 0 0
    outer loop
      vertex -11.75 14.75 10.3
      vertex -11.75 14.85 17.28
      vertex -11.75 14.75 17.28
    endloop
  endfacet
  facet normal 1 0 0
    outer loop
      vertex -11.75 14.85 17.28
      vertex -11.75 14.75 10.3
      vertex -11.75 15.95 10.3
    endloop
  endfacet
  facet normal 1 0 0
    outer loop
      vertex -11.75 14.05 18.1
      vertex -11.75 14.85 18.9
      vertex -11.75 14.75 18.9
    endloop
  endfacet
  facet normal 1 0 0
    outer loop
      vertex -11.75 14.85 18.9
      vertex -11.75 14.05 18.1
      vertex -11.75 14.85 17.28
    endloop
  endfacet
  facet normal 1 -0 0
    outer loop
      vertex -11.75 14.05 18.08
      vertex -11.75 14.85 17.28
      vertex -11.75 14.05 18.1
    endloop
  endfacet
  facet normal 1 0 0
    outer loop
      vertex -11.75 14.85 17.28
      vertex -11.75 14.05 18.08
      vertex -11.75 14.75 17.28
    endloop
  endfacet
  facet normal -1 0 0
    outer loop
      vertex -19.75 -14.85 17.28
      vertex -19.75 -14.05 18.08
      vertex -19.75 -14.75 17.28
    endloop
  endfacet
  facet normal -1 -0 0
    outer loop
      vertex -19.75 -14.05 18.08
      vertex -19.75 -14.85 17.28
      vertex -19.75 -14.05 18.1
    endloop
  endfacet
  facet normal -1 0 0
    outer loop
      vertex -19.75 -14.85 18.9
      vertex -19.75 -14.05 18.1
      vertex -19.75 -14.85 17.28
    endloop
  endfacet
  facet normal -1 0 0
    outer loop
      vertex -19.75 -14.05 18.1
      vertex -19.75 -14.85 18.9
      vertex -19.75 -14.75 18.9
    endloop
  endfacet
  facet normal -1 0 0
    outer loop
      vertex -19.75 -14.75 10.3
      vertex -19.75 -14.85 17.28
      vertex -19.75 -14.75 17.28
    endloop
  endfacet
  facet normal -1 0 0
    outer loop
      vertex -19.75 -15.95 18.8
      vertex -19.75 -14.85 18.9
      vertex -19.75 -14.85 17.28
    endloop
  endfacet
  facet normal -1 0 0
    outer loop
      vertex -19.75 -15.95 10.3
      vertex -19.75 -14.85 17.28
      vertex -19.75 -14.75 10.3
    endloop
  endfacet
  facet normal -1 0 -0
    outer loop
      vertex -19.75 -15.45 19.3
      vertex -19.75 -14.85 18.9
      vertex -19.75 -15.95 18.8
    endloop
  endfacet
  facet normal -1 -0 0
    outer loop
      vertex -19.75 -14.85 17.28
      vertex -19.75 -15.95 10.3
      vertex -19.75 -15.95 18.8
    endloop
  endfacet
  facet normal -1 0 0
    outer loop
      vertex -19.75 -14.85 18.9
      vertex -19.75 -15.45 19.3
      vertex -19.75 -15.05 19.3
    endloop
  endfacet
  facet normal -1 0 0
    outer loop
      vertex -19.75 -14.85 18.9
      vertex -19.75 -14.75 18.99
      vertex -19.75 -14.75 18.9
    endloop
  endfacet
  facet normal -1 -0 0
    outer loop
      vertex -19.75 -14.75 18.99
      vertex -19.75 -14.85 18.9
      vertex -19.75 -15.05 19.3
    endloop
  endfacet
  facet normal -0 0 1
    outer loop
      vertex -20.55 -14.75 10.3
      vertex -19.75 -15.95 10.3
      vertex -19.75 -14.75 10.3
    endloop
  endfacet
  facet normal 0 0 1
    outer loop
      vertex -19.75 -15.95 10.3
      vertex -20.55 -14.75 10.3
      vertex -20.55 -15.95 10.3
    endloop
  endfacet
  facet normal 1 -0 0
    outer loop
      vertex -20.55 -15.45 19.3
      vertex -20.55 -14.75 18.99
      vertex -20.55 -15.05 19.3
    endloop
  endfacet
  facet normal 1 0 0
    outer loop
      vertex -20.55 -14.75 18.99
      vertex -20.55 -15.45 19.3
      vertex -20.55 -15.95 18.8
    endloop
  endfacet
  facet normal 1 0 0
    outer loop
      vertex -20.55 -14.75 18.99
      vertex -20.55 -15.95 18.8
      vertex -20.55 -14.75 10.3
    endloop
  endfacet
  facet normal 1 0 0
    outer loop
      vertex -20.55 -14.75 10.3
      vertex -20.55 -15.95 18.8
      vertex -20.55 -15.95 10.3
    endloop
  endfacet
  facet normal -1 0 0
    outer loop
      vertex -10.95 -15.95 18.8
      vertex -10.95 -14.75 18.99
      vertex -10.95 -14.75 10.3
    endloop
  endfacet
  facet normal -1 0 -0
    outer loop
      vertex -10.95 -15.45 19.3
      vertex -10.95 -14.75 18.99
      vertex -10.95 -15.95 18.8
    endloop
  endfacet
  facet normal -1 0 0
    outer loop
      vertex -10.95 -15.95 18.8
      vertex -10.95 -14.75 10.3
      vertex -10.95 -15.95 10.3
    endloop
  endfacet
  facet normal -1 0 0
    outer loop
      vertex -10.95 -14.75 18.99
      vertex -10.95 -15.45 19.3
      vertex -10.95 -15.05 19.3
    endloop
  endfacet
  facet normal -0 0 1
    outer loop
      vertex -11.75 -14.75 10.3
      vertex -10.95 -15.95 10.3
      vertex -10.95 -14.75 10.3
    endloop
  endfacet
  facet normal 0 0 1
    outer loop
      vertex -10.95 -15.95 10.3
      vertex -11.75 -14.75 10.3
      vertex -11.75 -15.95 10.3
    endloop
  endfacet
  facet normal 1 0 0
    outer loop
      vertex -11.75 -14.75 18.99
      vertex -11.75 -14.85 18.9
      vertex -11.75 -14.75 18.9
    endloop
  endfacet
  facet normal 1 -0 0
    outer loop
      vertex -11.75 -15.45 19.3
      vertex -11.75 -14.85 18.9
      vertex -11.75 -15.05 19.3
    endloop
  endfacet
  facet normal 1 0 0
    outer loop
      vertex -11.75 -15.05 19.3
      vertex -11.75 -14.85 18.9
      vertex -11.75 -14.75 18.99
    endloop
  endfacet
  facet normal 1 -0 0
    outer loop
      vertex -11.75 -14.85 17.28
      vertex -11.75 -14.75 10.3
      vertex -11.75 -14.75 17.28
    endloop
  endfacet
  facet normal 1 0 0
    outer loop
      vertex -11.75 -14.85 18.9
      vertex -11.75 -15.95 18.8
      vertex -11.75 -14.85 17.28
    endloop
  endfacet
  facet normal 1 0 0
    outer loop
      vertex -11.75 -14.85 18.9
      vertex -11.75 -15.45 19.3
      vertex -11.75 -15.95 18.8
    endloop
  endfacet
  facet normal 1 0 0
    outer loop
      vertex -11.75 -15.95 10.3
      vertex -11.75 -14.85 17.28
      vertex -11.75 -15.95 18.8
    endloop
  endfacet
  facet normal 1 0 0
    outer loop
      vertex -11.75 -14.85 17.28
      vertex -11.75 -15.95 10.3
      vertex -11.75 -14.75 10.3
    endloop
  endfacet
  facet normal 1 -0 0
    outer loop
      vertex -11.75 -14.85 18.9
      vertex -11.75 -14.05 18.1
      vertex -11.75 -14.75 18.9
    endloop
  endfacet
  facet normal 1 0 0
    outer loop
      vertex -11.75 -14.05 18.1
      vertex -11.75 -14.85 18.9
      vertex -11.75 -14.05 18.08
    endloop
  endfacet
  facet normal 1 0 0
    outer loop
      vertex -11.75 -14.85 17.28
      vertex -11.75 -14.05 18.08
      vertex -11.75 -14.85 18.9
    endloop
  endfacet
  facet normal 1 0 0
    outer loop
      vertex -11.75 -14.05 18.08
      vertex -11.75 -14.85 17.28
      vertex -11.75 -14.75 17.28
    endloop
  endfacet
  facet normal -1 0 0
    outer loop
      vertex 11.75 14.05 18.08
      vertex 11.75 14.85 17.28
      vertex 11.75 14.75 17.28
    endloop
  endfacet
  facet normal -1 0 0
    outer loop
      vertex 11.75 14.85 17.28
      vertex 11.75 14.05 18.08
      vertex 11.75 14.85 18.9
    endloop
  endfacet
  facet normal -1 0 0
    outer loop
      vertex 11.75 14.05 18.1
      vertex 11.75 14.85 18.9
      vertex 11.75 14.05 18.08
    endloop
  endfacet
  facet normal -1 -0 0
    outer loop
      vertex 11.75 14.85 18.9
      vertex 11.75 14.05 18.1
      vertex 11.75 14.75 18.9
    endloop
  endfacet
  facet normal -1 0 0
    outer loop
      vertex 11.75 14.85 17.28
      vertex 11.75 15.95 18.8
      vertex 11.75 15.95 10.3
    endloop
  endfacet
  facet normal -1 0 0
    outer loop
      vertex 11.75 14.85 18.9
      vertex 11.75 15.95 18.8
      vertex 11.75 14.85 17.28
    endloop
  endfacet
  facet normal -1 0 0
    outer loop
      vertex 11.75 15.95 18.8
      vertex 11.75 14.85 18.9
      vertex 11.75 15.45 19.3
    endloop
  endfacet
  facet normal -1 0 0
    outer loop
      vertex 11.75 14.75 10.3
      vertex 11.75 14.85 17.28
      vertex 11.75 15.95 10.3
    endloop
  endfacet
  facet normal -1 -0 0
    outer loop
      vertex 11.75 14.85 17.28
      vertex 11.75 14.75 10.3
      vertex 11.75 14.75 17.28
    endloop
  endfacet
  facet normal -1 -0 0
    outer loop
      vertex 11.75 15.45 19.3
      vertex 11.75 14.85 18.9
      vertex 11.75 15.05 19.3
    endloop
  endfacet
  facet normal -1 0 0
    outer loop
      vertex 11.75 14.75 18.99
      vertex 11.75 14.85 18.9
      vertex 11.75 14.75 18.9
    endloop
  endfacet
  facet normal -1 0 0
    outer loop
      vertex 11.75 14.85 18.9
      vertex 11.75 14.75 18.99
      vertex 11.75 15.05 19.3
    endloop
  endfacet
  facet normal -0 0 1
    outer loop
      vertex 10.95 15.95 10.3
      vertex 11.75 14.75 10.3
      vertex 11.75 15.95 10.3
    endloop
  endfacet
  facet normal 0 0 1
    outer loop
      vertex 11.75 14.75 10.3
      vertex 10.95 15.95 10.3
      vertex 10.95 14.75 10.3
    endloop
  endfacet
  facet normal 1 -0 0
    outer loop
      vertex 10.95 14.75 18.99
      vertex 10.95 15.95 18.8
      vertex 10.95 15.45 19.3
    endloop
  endfacet
  facet normal 1 0 0
    outer loop
      vertex 10.95 14.75 18.99
      vertex 10.95 15.45 19.3
      vertex 10.95 15.05 19.3
    endloop
  endfacet
  facet normal 1 0 0
    outer loop
      vertex 10.95 14.75 10.3
      vertex 10.95 15.95 18.8
      vertex 10.95 14.75 18.99
    endloop
  endfacet
  facet normal 1 0 0
    outer loop
      vertex 10.95 15.95 18.8
      vertex 10.95 14.75 10.3
      vertex 10.95 15.95 10.3
    endloop
  endfacet
  facet normal -1 0 0
    outer loop
      vertex 20.55 14.75 10.3
      vertex 20.55 15.95 18.8
      vertex 20.55 15.95 10.3
    endloop
  endfacet
  facet normal -1 0 0
    outer loop
      vertex 20.55 15.95 18.8
      vertex 20.55 14.75 18.99
      vertex 20.55 15.45 19.3
    endloop
  endfacet
  facet normal -1 -0 0
    outer loop
      vertex 20.55 15.95 18.8
      vertex 20.55 14.75 10.3
      vertex 20.55 14.75 18.99
    endloop
  endfacet
  facet normal -1 -0 0
    outer loop
      vertex 20.55 15.45 19.3
      vertex 20.55 14.75 18.99
      vertex 20.55 15.05 19.3
    endloop
  endfacet
  facet normal -0 0 1
    outer loop
      vertex 19.75 15.95 10.3
      vertex 20.55 14.75 10.3
      vertex 20.55 15.95 10.3
    endloop
  endfacet
  facet normal 0 0 1
    outer loop
      vertex 20.55 14.75 10.3
      vertex 19.75 15.95 10.3
      vertex 19.75 14.75 10.3
    endloop
  endfacet
  facet normal 1 -0 0
    outer loop
      vertex 19.75 14.75 18.99
      vertex 19.75 14.85 18.9
      vertex 19.75 15.05 19.3
    endloop
  endfacet
  facet normal 1 0 0
    outer loop
      vertex 19.75 14.85 18.9
      vertex 19.75 14.75 18.99
      vertex 19.75 14.75 18.9
    endloop
  endfacet
  facet normal 1 -0 0
    outer loop
      vertex 19.75 14.85 18.9
      vertex 19.75 15.95 18.8
      vertex 19.75 15.45 19.3
    endloop
  endfacet
  facet normal 1 0 0
    outer loop
      vertex 19.75 14.85 18.9
      vertex 19.75 15.45 19.3
      vertex 19.75 15.05 19.3
    endloop
  endfacet
  facet normal 1 0 0
    outer loop
      vertex 19.75 15.95 18.8
      vertex 19.75 14.85 18.9
      vertex 19.75 14.85 17.28
    endloop
  endfacet
  facet normal 1 0 0
    outer loop
      vertex 19.75 15.95 18.8
      vertex 19.75 14.85 17.28
      vertex 19.75 15.95 10.3
    endloop
  endfacet
  facet normal 1 0 0
    outer loop
      vertex 19.75 14.75 10.3
      vertex 19.75 14.85 17.28
      vertex 19.75 14.75 17.28
    endloop
  endfacet
  facet normal 1 0 0
    outer loop
      vertex 19.75 14.85 17.28
      vertex 19.75 14.75 10.3
      vertex 19.75 15.95 10.3
    endloop
  endfacet
  facet normal 1 0 0
    outer loop
      vertex 19.75 14.05 18.1
      vertex 19.75 14.85 18.9
      vertex 19.75 14.75 18.9
    endloop
  endfacet
  facet normal 1 0 0
    outer loop
      vertex 19.75 14.85 18.9
      vertex 19.75 14.05 18.1
      vertex 19.75 14.85 17.28
    endloop
  endfacet
  facet normal 1 -0 0
    outer loop
      vertex 19.75 14.05 18.08
      vertex 19.75 14.85 17.28
      vertex 19.75 14.05 18.1
    endloop
  endfacet
  facet normal 1 0 0
    outer loop
      vertex 19.75 14.85 17.28
      vertex 19.75 14.05 18.08
      vertex 19.75 14.75 17.28
    endloop
  endfacet
  facet normal -1 0 0
    outer loop
      vertex 11.75 -14.85 17.28
      vertex 11.75 -14.05 18.08
      vertex 11.75 -14.75 17.28
    endloop
  endfacet
  facet normal -1 -0 0
    outer loop
      vertex 11.75 -14.05 18.08
      vertex 11.75 -14.85 17.28
      vertex 11.75 -14.05 18.1
    endloop
  endfacet
  facet normal -1 0 0
    outer loop
      vertex 11.75 -14.85 18.9
      vertex 11.75 -14.05 18.1
      vertex 11.75 -14.85 17.28
    endloop
  endfacet
  facet normal -1 0 0
    outer loop
      vertex 11.75 -14.05 18.1
      vertex 11.75 -14.85 18.9
      vertex 11.75 -14.75 18.9
    endloop
  endfacet
  facet normal -1 0 0
    outer loop
      vertex 11.75 -14.75 10.3
      vertex 11.75 -14.85 17.28
      vertex 11.75 -14.75 17.28
    endloop
  endfacet
  facet normal -1 0 0
    outer loop
      vertex 11.75 -15.95 18.8
      vertex 11.75 -14.85 18.9
      vertex 11.75 -14.85 17.28
    endloop
  endfacet
  facet normal -1 0 0
    outer loop
      vertex 11.75 -15.95 10.3
      vertex 11.75 -14.85 17.28
      vertex 11.75 -14.75 10.3
    endloop
  endfacet
  facet normal -1 0 -0
    outer loop
      vertex 11.75 -15.45 19.3
      vertex 11.75 -14.85 18.9
      vertex 11.75 -15.95 18.8
    endloop
  endfacet
  facet normal -1 -0 0
    outer loop
      vertex 11.75 -14.85 17.28
      vertex 11.75 -15.95 10.3
      vertex 11.75 -15.95 18.8
    endloop
  endfacet
  facet normal -1 0 0
    outer loop
      vertex 11.75 -14.85 18.9
      vertex 11.75 -15.45 19.3
      vertex 11.75 -15.05 19.3
    endloop
  endfacet
  facet normal -1 0 0
    outer loop
      vertex 11.75 -14.85 18.9
      vertex 11.75 -14.75 18.99
      vertex 11.75 -14.75 18.9
    endloop
  endfacet
  facet normal -1 -0 0
    outer loop
      vertex 11.75 -14.75 18.99
      vertex 11.75 -14.85 18.9
      vertex 11.75 -15.05 19.3
    endloop
  endfacet
  facet normal -0 0 1
    outer loop
      vertex 10.95 -14.75 10.3
      vertex 11.75 -15.95 10.3
      vertex 11.75 -14.75 10.3
    endloop
  endfacet
  facet normal 0 0 1
    outer loop
      vertex 11.75 -15.95 10.3
      vertex 10.95 -14.75 10.3
      vertex 10.95 -15.95 10.3
    endloop
  endfacet
  facet normal 1 -0 0
    outer loop
      vertex 10.95 -15.45 19.3
      vertex 10.95 -14.75 18.99
      vertex 10.95 -15.05 19.3
    endloop
  endfacet
  facet normal 1 0 0
    outer loop
      vertex 10.95 -14.75 18.99
      vertex 10.95 -15.45 19.3
      vertex 10.95 -15.95 18.8
    endloop
  endfacet
  facet normal 1 0 0
    outer loop
      vertex 10.95 -14.75 18.99
      vertex 10.95 -15.95 18.8
      vertex 10.95 -14.75 10.3
    endloop
  endfacet
  facet normal 1 0 0
    outer loop
      vertex 10.95 -14.75 10.3
      vertex 10.95 -15.95 18.8
      vertex 10.95 -15.95 10.3
    endloop
  endfacet
  facet normal -1 0 0
    outer loop
      vertex 20.55 -15.95 18.8
      vertex 20.55 -14.75 18.99
      vertex 20.55 -14.75 10.3
    endloop
  endfacet
  facet normal -1 0 -0
    outer loop
      vertex 20.55 -15.45 19.3
      vertex 20.55 -14.75 18.99
      vertex 20.55 -15.95 18.8
    endloop
  endfacet
  facet normal -1 0 0
    outer loop
      vertex 20.55 -15.95 18.8
      vertex 20.55 -14.75 10.3
      vertex 20.55 -15.95 10.3
    endloop
  endfacet
  facet normal -1 0 0
    outer loop
      vertex 20.55 -14.75 18.99
      vertex 20.55 -15.45 19.3
      vertex 20.55 -15.05 19.3
    endloop
  endfacet
  facet normal -0 0 1
    outer loop
      vertex 19.75 -14.75 10.3
      vertex 20.55 -15.95 10.3
      vertex 20.55 -14.75 10.3
    endloop
  endfacet
  facet normal 0 0 1
    outer loop
      vertex 20.55 -15.95 10.3
      vertex 19.75 -14.75 10.3
      vertex 19.75 -15.95 10.3
    endloop
  endfacet
  facet normal 1 0 0
    outer loop
      vertex 19.75 -14.75 18.99
      vertex 19.75 -14.85 18.9
      vertex 19.75 -14.75 18.9
    endloop
  endfacet
  facet normal 1 -0 0
    outer loop
      vertex 19.75 -15.45 19.3
      vertex 19.75 -14.85 18.9
      vertex 19.75 -15.05 19.3
    endloop
  endfacet
  facet normal 1 0 0
    outer loop
      vertex 19.75 -15.05 19.3
      vertex 19.75 -14.85 18.9
      vertex 19.75 -14.75 18.99
    endloop
  endfacet
  facet normal 1 -0 0
    outer loop
      vertex 19.75 -14.85 17.28
      vertex 19.75 -14.75 10.3
      vertex 19.75 -14.75 17.28
    endloop
  endfacet
  facet normal 1 0 0
    outer loop
      vertex 19.75 -14.85 18.9
      vertex 19.75 -15.95 18.8
      vertex 19.75 -14.85 17.28
    endloop
  endfacet
  facet normal 1 0 0
    outer loop
      vertex 19.75 -14.85 18.9
      vertex 19.75 -15.45 19.3
      vertex 19.75 -15.95 18.8
    endloop
  endfacet
  facet normal 1 0 0
    outer loop
      vertex 19.75 -15.95 10.3
      vertex 19.75 -14.85 17.28
      vertex 19.75 -15.95 18.8
    endloop
  endfacet
  facet normal 1 0 0
    outer loop
      vertex 19.75 -14.85 17.28
      vertex 19.75 -15.95 10.3
      vertex 19.75 -14.75 10.3
    endloop
  endfacet
  facet normal 1 -0 0
    outer loop
      vertex 19.75 -14.85 18.9
      vertex 19.75 -14.05 18.1
      vertex 19.75 -14.75 18.9
    endloop
  endfacet
  facet normal 1 0 0
    outer loop
      vertex 19.75 -14.05 18.1
      vertex 19.75 -14.85 18.9
      vertex 19.75 -14.05 18.08
    endloop
  endfacet
  facet normal 1 0 0
    outer loop
      vertex 19.75 -14.85 17.28
      vertex 19.75 -14.05 18.08
      vertex 19.75 -14.85 18.9
    endloop
  endfacet
  facet normal 1 0 0
    outer loop
      vertex 19.75 -14.05 18.08
      vertex 19.75 -14.85 17.28
      vertex 19.75 -14.75 17.28
    endloop
  endfacet
  facet normal -0.65941 0.751784 0
    outer loop
      vertex -31.9915 15.4437 9.3
      vertex -32.2324 15.2324 18.8
      vertex -31.9915 15.4437 18.8
    endloop
  endfacet
  facet normal -0.65941 0.751784 0
    outer loop
      vertex -32.2324 15.2324 18.8
      vertex -31.9915 15.4437 9.3
      vertex -32.2324 15.2324 9.3
    endloop
  endfacet
  facet normal -0.0463504 -0.706357 0.706336
    outer loop
      vertex -30.7545 -15.4333 19.3
      vertex -30.8198 -15.929 18.8
      vertex -30.5 -15.45 19.3
    endloop
  endfacet
  facet normal -0.831426 0.555636 0
    outer loop
      vertex -32.6218 14.725 9.3
      vertex -32.4437 14.9915 18.8
      vertex -32.4437 14.9915 9.3
    endloop
  endfacet
  facet normal -0.831426 0.555636 0
    outer loop
      vertex -32.4437 14.9915 18.8
      vertex -32.6218 14.725 9.3
      vertex -32.6218 14.725 18.8
    endloop
  endfacet
  facet normal -0.588477 0.393428 0.706335
    outer loop
      vertex -32.047 14.6871 19.3
      vertex -32.6218 14.725 18.8
      vertex -32.1888 14.475 19.3
    endloop
  endfacet
  facet normal 0.532322 -0.466545 0.706377
    outer loop
      vertex 32.047 -14.6871 19.3
      vertex 31.8789 -14.8789 19.3
      vertex 32.4437 -14.9915 18.8
    endloop
  endfacet
  facet normal -0.751784 -0.65941 0
    outer loop
      vertex -32.2324 -15.2324 9.3
      vertex -32.4437 -14.9915 18.8
      vertex -32.4437 -14.9915 9.3
    endloop
  endfacet
  facet normal -0.751784 -0.65941 0
    outer loop
      vertex -32.4437 -14.9915 18.8
      vertex -32.2324 -15.2324 9.3
      vertex -32.2324 -15.2324 18.8
    endloop
  endfacet
  facet normal 0 1 0
    outer loop
      vertex 30.5 15.95 18.8
      vertex 20.55 15.95 10.3
      vertex 20.55 15.95 18.8
    endloop
  endfacet
  facet normal 0 1 0
    outer loop
      vertex 30.5 15.95 9.3
      vertex 19.75 15.95 10.3
      vertex 20.55 15.95 10.3
    endloop
  endfacet
  facet normal 0 1 0
    outer loop
      vertex 19.75 15.95 10.3
      vertex 30.5 15.95 9.3
      vertex 11.75 15.95 10.3
    endloop
  endfacet
  facet normal 0 1 0
    outer loop
      vertex 11.75 15.95 10.3
      vertex 30.5 15.95 9.3
      vertex 10.95 15.95 10.3
    endloop
  endfacet
  facet normal 0 1 0
    outer loop
      vertex 10.95 15.95 10.3
      vertex 30.5 15.95 9.3
      vertex -10.95 15.95 10.3
    endloop
  endfacet
  facet normal 0 1 0
    outer loop
      vertex -30.5 15.95 9.3
      vertex -10.95 15.95 10.3
      vertex 30.5 15.95 9.3
    endloop
  endfacet
  facet normal 0 1 0
    outer loop
      vertex -10.95 15.95 10.3
      vertex -30.5 15.95 9.3
      vertex -11.75 15.95 10.3
    endloop
  endfacet
  facet normal 0 1 0
    outer loop
      vertex -11.75 15.95 10.3
      vertex -30.5 15.95 9.3
      vertex -19.75 15.95 10.3
    endloop
  endfacet
  facet normal 0 1 -0
    outer loop
      vertex 30.5 15.95 9.3
      vertex 20.55 15.95 10.3
      vertex 30.5 15.95 18.8
    endloop
  endfacet
  facet normal 0 1 -0
    outer loop
      vertex 19.75 15.95 10.3
      vertex 11.75 15.95 18.8
      vertex 19.75 15.95 18.8
    endloop
  endfacet
  facet normal 0 1 0
    outer loop
      vertex 11.75 15.95 18.8
      vertex 19.75 15.95 10.3
      vertex 11.75 15.95 10.3
    endloop
  endfacet
  facet normal 0 1 -0
    outer loop
      vertex 10.95 15.95 10.3
      vertex -10.95 15.95 18.8
      vertex 10.95 15.95 18.8
    endloop
  endfacet
  facet normal 0 1 0
    outer loop
      vertex -10.95 15.95 18.8
      vertex 10.95 15.95 10.3
      vertex -10.95 15.95 10.3
    endloop
  endfacet
  facet normal 0 1 -0
    outer loop
      vertex -11.75 15.95 10.3
      vertex -19.75 15.95 18.8
      vertex -11.75 15.95 18.8
    endloop
  endfacet
  facet normal 0 1 0
    outer loop
      vertex -19.75 15.95 18.8
      vertex -11.75 15.95 10.3
      vertex -19.75 15.95 10.3
    endloop
  endfacet
  facet normal 0 1 -0
    outer loop
      vertex -20.55 15.95 10.3
      vertex -30.5 15.95 18.8
      vertex -20.55 15.95 18.8
    endloop
  endfacet
  facet normal 0 1 0
    outer loop
      vertex -20.55 15.95 10.3
      vertex -30.5 15.95 9.3
      vertex -30.5 15.95 18.8
    endloop
  endfacet
  facet normal 0 1 0
    outer loop
      vertex -19.75 15.95 10.3
      vertex -30.5 15.95 9.3
      vertex -20.55 15.95 10.3
    endloop
  endfacet
  facet normal 0.321371 -0.946953 0
    outer loop
      vertex 31.1341 -15.8665 9.3
      vertex 31.4376 -15.7635 18.8
      vertex 31.1341 -15.8665 18.8
    endloop
  endfacet
  facet normal 0.321371 -0.946953 0
    outer loop
      vertex 31.4376 -15.7635 18.8
      vertex 31.1341 -15.8665 9.3
      vertex 31.4376 -15.7635 9.3
    endloop
  endfacet
  facet normal -0.393428 -0.588477 0.706335
    outer loop
      vertex -31.6871 -15.047 19.3
      vertex -31.725 -15.6218 18.8
      vertex -31.475 -15.1888 19.3
    endloop
  endfacet
  facet normal 0.442213 -0.89691 0
    outer loop
      vertex 31.4376 -15.7635 9.3
      vertex 31.725 -15.6218 18.8
      vertex 31.4376 -15.7635 18.8
    endloop
  endfacet
  facet normal 0.442213 -0.89691 0
    outer loop
      vertex 31.4376 -15.7635 9.3
      vertex 31.725 -15.6218 9.3
      vertex 31.725 -15.6218 18.8
    endloop
  endfacet
  facet normal 0.442213 -0.89691 0
    outer loop
      vertex 31.4376 -15.7635 8.3
      vertex 31.725 -15.6218 9.3
      vertex 31.4376 -15.7635 9.3
    endloop
  endfacet
  facet normal 0.442213 -0.89691 0
    outer loop
      vertex 31.4376 -15.7635 8.3
      vertex 31.725 -15.6218 8.3
      vertex 31.725 -15.6218 9.3
    endloop
  endfacet
  facet normal 0.442213 -0.89691 0
    outer loop
      vertex 31.4376 -15.7635 1.2207e-05
      vertex 31.725 -15.6218 8.3
      vertex 31.4376 -15.7635 8.3
    endloop
  endfacet
  facet normal 0.442213 -0.89691 0
    outer loop
      vertex 31.725 -15.6218 8.3
      vertex 31.4376 -15.7635 1.2207e-05
      vertex 31.725 -15.6218 1.2207e-05
    endloop
  endfacet
  facet normal -0.670355 -0.227501 0.706306
    outer loop
      vertex -32.3836 -14.0047 19.3
      vertex -32.8665 -14.1341 18.8
      vertex -32.7635 -14.4376 18.8
    endloop
  endfacet
  facet normal -0.707107 0 0.707107
    outer loop
      vertex -32.95 -13.5 18.8
      vertex -32.45 13.5 19.3
      vertex -32.95 13.5 18.8
    endloop
  endfacet
  facet normal -0.707107 0 0.707107
    outer loop
      vertex -32.45 13.5 19.3
      vertex -32.95 -13.5 18.8
      vertex -32.45 -13.5 19.3
    endloop
  endfacet
  facet normal -0.313012 0.634903 0.706344
    outer loop
      vertex -31.4376 15.7635 18.8
      vertex -31.475 15.1888 19.3
      vertex -31.2462 15.3016 19.3
    endloop
  endfacet
  facet normal -0.997851 -0.0655249 0
    outer loop
      vertex -32.929 -13.8198 9.3
      vertex -32.95 -13.5 18.8
      vertex -32.95 -13.5 9.3
    endloop
  endfacet
  facet normal -0.997851 -0.0655249 0
    outer loop
      vertex -32.95 -13.5 18.8
      vertex -32.929 -13.8198 9.3
      vertex -32.929 -13.8198 18.8
    endloop
  endfacet
  facet normal 0.588517 -0.393302 0.706372
    outer loop
      vertex 32.6218 -14.725 18.8
      vertex 32.047 -14.6871 19.3
      vertex 32.4437 -14.9915 18.8
    endloop
  endfacet
  facet normal -0.555636 -0.831426 0
    outer loop
      vertex -31.9915 -15.4437 9.3
      vertex -31.725 -15.6218 18.8
      vertex -31.9915 -15.4437 18.8
    endloop
  endfacet
  facet normal -0.555636 -0.831426 -0
    outer loop
      vertex -31.725 -15.6218 18.8
      vertex -31.9915 -15.4437 9.3
      vertex -31.725 -15.6218 9.3
    endloop
  endfacet
  facet normal 0.588517 0.393302 0.706372
    outer loop
      vertex 32.4437 14.9915 18.8
      vertex 32.047 14.6871 19.3
      vertex 32.6218 14.725 18.8
    endloop
  endfacet
  facet normal -0.393302 -0.588517 0.706372
    outer loop
      vertex -31.6871 -15.047 19.3
      vertex -31.9915 -15.4437 18.8
      vertex -31.725 -15.6218 18.8
    endloop
  endfacet
  facet normal 0.946953 -0.321371 0
    outer loop
      vertex 32.7635 -14.4376 18.8
      vertex 32.8665 -14.1341 9.3
      vertex 32.8665 -14.1341 18.8
    endloop
  endfacet
  facet normal 0.946953 -0.321371 0
    outer loop
      vertex 32.8665 -14.1341 9.3
      vertex 32.7635 -14.4376 18.8
      vertex 32.7635 -14.4376 9.3
    endloop
  endfacet
  facet normal -0.195036 -0.980796 0
    outer loop
      vertex -31.1341 -15.8665 9.3
      vertex -30.8198 -15.929 18.8
      vertex -31.1341 -15.8665 18.8
    endloop
  endfacet
  facet normal -0.195036 -0.980796 -0
    outer loop
      vertex -30.8198 -15.929 18.8
      vertex -31.1341 -15.8665 9.3
      vertex -30.8198 -15.929 9.3
    endloop
  endfacet
  facet normal -0.694316 -0.138068 0.706302
    outer loop
      vertex -32.3836 -14.0047 19.3
      vertex -32.929 -13.8198 18.8
      vertex -32.8665 -14.1341 18.8
    endloop
  endfacet
  facet normal 0.0655249 0.997851 -0
    outer loop
      vertex 30.8198 15.929 9.3
      vertex 30.5 15.95 18.8
      vertex 30.8198 15.929 18.8
    endloop
  endfacet
  facet normal 0.0655249 0.997851 0
    outer loop
      vertex 30.5 15.95 18.8
      vertex 30.8198 15.929 9.3
      vertex 30.5 15.95 9.3
    endloop
  endfacet
  facet normal -0.89691 -0.442213 0
    outer loop
      vertex -32.6218 -14.725 1.2207e-05
      vertex -32.7635 -14.4376 1.0687
      vertex -32.7635 -14.4376 1.2207e-05
    endloop
  endfacet
  facet normal -0.897297 -0.441428 -0.000262438
    outer loop
      vertex -32.7635 -14.4376 1.0687
      vertex -32.6218 -14.725 1.2207e-05
      vertex -32.7456 -14.474 1.093
    endloop
  endfacet
  facet normal -0.896848 -0.442339 -2.47177e-06
    outer loop
      vertex -32.7456 -14.474 1.093
      vertex -32.6218 -14.725 1.2207e-05
      vertex -32.7238 -14.5182 1.13182
    endloop
  endfacet
  facet normal -0.896367 -0.443313 0.000218935
    outer loop
      vertex -32.7238 -14.5182 1.13182
      vertex -32.6218 -14.725 1.2207e-05
      vertex -32.7046 -14.557 1.17605
    endloop
  endfacet
  facet normal -0.897123 -0.441782 -5.30508e-05
    outer loop
      vertex -32.7046 -14.557 1.17605
      vertex -32.6218 -14.725 1.2207e-05
      vertex -32.6885 -14.5897 1.22496
    endloop
  endfacet
  facet normal -0.896562 -0.442919 0.00010311
    outer loop
      vertex -32.6885 -14.5897 1.22496
      vertex -32.6218 -14.725 1.2207e-05
      vertex -32.6756 -14.6158 1.27786
    endloop
  endfacet
  facet normal -0.89647 -0.443104 0.000122713
    outer loop
      vertex -32.6756 -14.6158 1.27786
      vertex -32.6218 -14.725 1.2207e-05
      vertex -32.6663 -14.6346 1.33349
    endloop
  endfacet
  facet normal -0.896806 -0.442424 -0
    outer loop
      vertex -32.6218 -14.725 8.3
      vertex -32.6588 -14.65 1.44998
      vertex -32.6218 -14.725 1.2207e-05
    endloop
  endfacet
  facet normal -0.900675 -0.434493 -0.000508991
    outer loop
      vertex -32.6606 -14.6462 1.39132
      vertex -32.6218 -14.725 1.2207e-05
      vertex -32.6588 -14.65 1.44998
    endloop
  endfacet
  facet normal -0.897422 -0.441173 -3.98928e-05
    outer loop
      vertex -32.6663 -14.6346 1.33349
      vertex -32.6218 -14.725 1.2207e-05
      vertex -32.6606 -14.6462 1.39132
    endloop
  endfacet
  facet normal -0.896947 -0.442139 0
    outer loop
      vertex -32.6588 -14.65 8.3
      vertex -32.7635 -14.4376 9.3
      vertex -32.7635 -14.4376 8.3
    endloop
  endfacet
  facet normal -0.89691 -0.442213 1.96609e-05
    outer loop
      vertex -32.7635 -14.4376 9.3
      vertex -32.6588 -14.65 8.3
      vertex -32.6218 -14.725 9.3
    endloop
  endfacet
  facet normal -0.896806 -0.442424 0
    outer loop
      vertex -32.6588 -14.65 1.44998
      vertex -32.6218 -14.725 8.3
      vertex -32.6588 -14.65 8.3
    endloop
  endfacet
  facet normal -0.896806 -0.442424 -0
    outer loop
      vertex -32.6218 -14.725 9.3
      vertex -32.6588 -14.65 8.3
      vertex -32.6218 -14.725 8.3
    endloop
  endfacet
  facet normal -0.89691 -0.442213 0
    outer loop
      vertex -32.7635 -14.4376 9.3
      vertex -32.6218 -14.725 9.3
      vertex -32.7635 -14.4376 18.8
    endloop
  endfacet
  facet normal -0.89691 -0.442213 0
    outer loop
      vertex -32.7635 -14.4376 18.8
      vertex -32.6218 -14.725 9.3
      vertex -32.6218 -14.725 18.8
    endloop
  endfacet
  facet normal 0 -1 0
    outer loop
      vertex -30.5 -15.95 18.8
      vertex -20.55 -15.95 10.3
      vertex -20.55 -15.95 18.8
    endloop
  endfacet
  facet normal 0 -1 0
    outer loop
      vertex -30.5 -15.95 9.3
      vertex -19.75 -15.95 10.3
      vertex -20.55 -15.95 10.3
    endloop
  endfacet
  facet normal 0 -1 -0
    outer loop
      vertex -19.75 -15.95 10.3
      vertex -30.5 -15.95 9.3
      vertex -11.75 -15.95 10.3
    endloop
  endfacet
  facet normal 0 -1 -0
    outer loop
      vertex -11.75 -15.95 10.3
      vertex -30.5 -15.95 9.3
      vertex -10.95 -15.95 10.3
    endloop
  endfacet
  facet normal 0 -1 -0
    outer loop
      vertex -10.95 -15.95 10.3
      vertex -30.5 -15.95 9.3
      vertex 10.95 -15.95 10.3
    endloop
  endfacet
  facet normal 0 -1 0
    outer loop
      vertex 30.5 -15.95 9.3
      vertex 10.95 -15.95 10.3
      vertex -30.5 -15.95 9.3
    endloop
  endfacet
  facet normal 0 -1 0
    outer loop
      vertex 10.95 -15.95 10.3
      vertex 30.5 -15.95 9.3
      vertex 11.75 -15.95 10.3
    endloop
  endfacet
  facet normal 0 -1 0
    outer loop
      vertex 11.75 -15.95 10.3
      vertex 30.5 -15.95 9.3
      vertex 19.75 -15.95 10.3
    endloop
  endfacet
  facet normal 0 -1 0
    outer loop
      vertex -30.5 -15.95 9.3
      vertex -20.55 -15.95 10.3
      vertex -30.5 -15.95 18.8
    endloop
  endfacet
  facet normal 0 -1 0
    outer loop
      vertex -19.75 -15.95 10.3
      vertex -11.75 -15.95 18.8
      vertex -19.75 -15.95 18.8
    endloop
  endfacet
  facet normal 0 -1 -0
    outer loop
      vertex -11.75 -15.95 18.8
      vertex -19.75 -15.95 10.3
      vertex -11.75 -15.95 10.3
    endloop
  endfacet
  facet normal 0 -1 0
    outer loop
      vertex -10.95 -15.95 10.3
      vertex 10.95 -15.95 18.8
      vertex -10.95 -15.95 18.8
    endloop
  endfacet
  facet normal 0 -1 -0
    outer loop
      vertex 10.95 -15.95 18.8
      vertex -10.95 -15.95 10.3
      vertex 10.95 -15.95 10.3
    endloop
  endfacet
  facet normal 0 -1 0
    outer loop
      vertex 11.75 -15.95 10.3
      vertex 19.75 -15.95 18.8
      vertex 11.75 -15.95 18.8
    endloop
  endfacet
  facet normal 0 -1 -0
    outer loop
      vertex 19.75 -15.95 18.8
      vertex 11.75 -15.95 10.3
      vertex 19.75 -15.95 10.3
    endloop
  endfacet
  facet normal 0 -1 0
    outer loop
      vertex 20.55 -15.95 10.3
      vertex 30.5 -15.95 18.8
      vertex 20.55 -15.95 18.8
    endloop
  endfacet
  facet normal 0 -1 0
    outer loop
      vertex 20.55 -15.95 10.3
      vertex 30.5 -15.95 9.3
      vertex 30.5 -15.95 18.8
    endloop
  endfacet
  facet normal 0 -1 0
    outer loop
      vertex 19.75 -15.95 10.3
      vertex 30.5 -15.95 9.3
      vertex 20.55 -15.95 10.3
    endloop
  endfacet
  facet normal 0.980796 0.195036 0
    outer loop
      vertex 32.929 13.8198 18.8
      vertex 32.8665 14.1341 9.3
      vertex 32.8665 14.1341 18.8
    endloop
  endfacet
  facet normal 0.980796 0.195036 0
    outer loop
      vertex 32.8665 14.1341 9.3
      vertex 32.929 13.8198 18.8
      vertex 32.929 13.8198 9.3
    endloop
  endfacet
  facet normal 0.227593 -0.67029 0.706337
    outer loop
      vertex 31.2462 -15.3016 19.3
      vertex 31.0047 -15.3836 19.3
      vertex 31.4376 -15.7635 18.8
    endloop
  endfacet
  facet normal -0.588517 -0.393302 0.706372
    outer loop
      vertex -32.047 -14.6871 19.3
      vertex -32.6218 -14.725 18.8
      vertex -32.4437 -14.9915 18.8
    endloop
  endfacet
  facet normal 0.706357 0.0463504 0.706336
    outer loop
      vertex 32.929 13.8198 18.8
      vertex 32.4333 13.7545 19.3
      vertex 32.45 13.5 19.3
    endloop
  endfacet
  facet normal 0.588477 0.393428 0.706335
    outer loop
      vertex 32.6218 14.725 18.8
      vertex 32.047 14.6871 19.3
      vertex 32.1888 14.475 19.3
    endloop
  endfacet
  facet normal 1 0 0
    outer loop
      vertex 32.95 -12.9 18.8
      vertex 32.95 -13.5 18.8
      vertex 32.95 -12.9 15.9
    endloop
  endfacet
  facet normal 1 0 0
    outer loop
      vertex 32.95 12.9 15.9
      vertex 32.95 13.5 18.8
      vertex 32.95 12.9 18.8
    endloop
  endfacet
  facet normal 1 0 0
    outer loop
      vertex 32.95 13.5 18.8
      vertex 32.95 12.9 15.9
      vertex 32.95 13.5 9.3
    endloop
  endfacet
  facet normal 1 -0 0
    outer loop
      vertex 32.95 -12.9 15.9
      vertex 32.95 13.5 9.3
      vertex 32.95 12.9 15.9
    endloop
  endfacet
  facet normal 1 0 0
    outer loop
      vertex 32.95 -12.9 15.9
      vertex 32.95 -13.5 9.3
      vertex 32.95 13.5 9.3
    endloop
  endfacet
  facet normal 1 0 0
    outer loop
      vertex 32.95 -13.5 9.3
      vertex 32.95 -12.9 15.9
      vertex 32.95 -13.5 18.8
    endloop
  endfacet
  facet normal -0.532322 -0.466545 0.706377
    outer loop
      vertex -32.047 -14.6871 19.3
      vertex -32.4437 -14.9915 18.8
      vertex -31.8789 -14.8789 19.3
    endloop
  endfacet
  facet normal -0.980796 -0.195036 0
    outer loop
      vertex -32.8665 -14.1341 9.3
      vertex -32.929 -13.8198 18.8
      vertex -32.929 -13.8198 9.3
    endloop
  endfacet
  facet normal -0.980796 -0.195036 0
    outer loop
      vertex -32.929 -13.8198 18.8
      vertex -32.8665 -14.1341 9.3
      vertex -32.8665 -14.1341 18.8
    endloop
  endfacet
  facet normal 0.997851 -0.0655249 0
    outer loop
      vertex 32.929 -13.8198 18.8
      vertex 32.95 -13.5 9.3
      vertex 32.95 -13.5 18.8
    endloop
  endfacet
  facet normal 0.997851 -0.0655249 0
    outer loop
      vertex 32.95 -13.5 9.3
      vertex 32.929 -13.8198 18.8
      vertex 32.929 -13.8198 9.3
    endloop
  endfacet
  facet normal -0.946953 -0.321371 0
    outer loop
      vertex -32.7635 -14.4376 9.3
      vertex -32.8665 -14.1341 18.8
      vertex -32.8665 -14.1341 9.3
    endloop
  endfacet
  facet normal -0.946953 -0.321371 0
    outer loop
      vertex -32.8665 -14.1341 18.8
      vertex -32.7635 -14.4376 9.3
      vertex -32.7635 -14.4376 18.8
    endloop
  endfacet
  facet normal -0.227501 0.670355 0.706306
    outer loop
      vertex -31.1341 15.8665 18.8
      vertex -31.4376 15.7635 18.8
      vertex -31.0047 15.3836 19.3
    endloop
  endfacet
  facet normal 0 -0.707107 0.707107
    outer loop
      vertex 20.55 -15.95 18.8
      vertex 30.5 -15.45 19.3
      vertex 20.55 -15.45 19.3
    endloop
  endfacet
  facet normal 0 -0.707107 0.707107
    outer loop
      vertex 30.5 -15.45 19.3
      vertex 20.55 -15.95 18.8
      vertex 30.5 -15.95 18.8
    endloop
  endfacet
  facet normal 0 -0.707107 0.707107
    outer loop
      vertex -30.5 -15.95 18.8
      vertex -20.55 -15.45 19.3
      vertex -30.5 -15.45 19.3
    endloop
  endfacet
  facet normal 0 -0.707107 0.707107
    outer loop
      vertex -20.55 -15.45 19.3
      vertex -30.5 -15.95 18.8
      vertex -20.55 -15.95 18.8
    endloop
  endfacet
  facet normal 0 -0.707107 0.707107
    outer loop
      vertex -19.75 -15.95 18.8
      vertex -11.75 -15.45 19.3
      vertex -19.75 -15.45 19.3
    endloop
  endfacet
  facet normal 0 -0.707107 0.707107
    outer loop
      vertex -11.75 -15.45 19.3
      vertex -19.75 -15.95 18.8
      vertex -11.75 -15.95 18.8
    endloop
  endfacet
  facet normal 0 -0.707107 0.707107
    outer loop
      vertex -10.95 -15.95 18.8
      vertex 10.95 -15.45 19.3
      vertex -10.95 -15.45 19.3
    endloop
  endfacet
  facet normal 0 -0.707107 0.707107
    outer loop
      vertex 10.95 -15.45 19.3
      vertex -10.95 -15.95 18.8
      vertex 10.95 -15.95 18.8
    endloop
  endfacet
  facet normal 0 -0.707107 0.707107
    outer loop
      vertex 11.75 -15.95 18.8
      vertex 19.75 -15.45 19.3
      vertex 11.75 -15.45 19.3
    endloop
  endfacet
  facet normal 0 -0.707107 0.707107
    outer loop
      vertex 19.75 -15.45 19.3
      vertex 11.75 -15.95 18.8
      vertex 19.75 -15.95 18.8
    endloop
  endfacet
  facet normal -0.0463829 -0.706346 0.706346
    outer loop
      vertex -30.5 -15.45 19.3
      vertex -30.8198 -15.929 18.8
      vertex -30.5 -15.95 18.8
    endloop
  endfacet
  facet normal -0.532199 0.466807 0.706297
    outer loop
      vertex -32.2324 15.2324 18.8
      vertex -32.4437 14.9915 18.8
      vertex -31.8789 14.8789 19.3
    endloop
  endfacet
  facet normal 0.89691 0.442213 0
    outer loop
      vertex 32.7635 14.4376 9.3
      vertex 32.6218 14.725 9.3
      vertex 32.6218 14.725 18.8
    endloop
  endfacet
  facet normal 0.89691 0.442213 0
    outer loop
      vertex 32.6218 14.725 9.3
      vertex 32.7635 14.4376 9.3
      vertex 32.6218 14.725 8.3
    endloop
  endfacet
  facet normal 0.89691 0.442213 -0
    outer loop
      vertex 32.7635 14.4376 9.3
      vertex 32.6218 14.725 18.8
      vertex 32.7635 14.4376 18.8
    endloop
  endfacet
  facet normal 0.89691 0.442213 -0
    outer loop
      vertex 32.7635 14.4376 8.3
      vertex 32.6218 14.725 8.3
      vertex 32.7635 14.4376 9.3
    endloop
  endfacet
  facet normal 0.89691 0.442213 0
    outer loop
      vertex 32.6218 14.725 8.3
      vertex 32.7635 14.4376 8.3
      vertex 32.6218 14.725 1.2207e-05
    endloop
  endfacet
  facet normal 0.89691 0.442213 0
    outer loop
      vertex 32.6218 14.725 1.2207e-05
      vertex 32.7635 14.4376 8.3
      vertex 32.7635 14.4376 1.2207e-05
    endloop
  endfacet
  facet normal 0.0655249 -0.997851 0
    outer loop
      vertex 30.5 -15.95 9.3
      vertex 30.8198 -15.929 18.8
      vertex 30.5 -15.95 18.8
    endloop
  endfacet
  facet normal 0.0655249 -0.997851 0
    outer loop
      vertex 30.8198 -15.929 18.8
      vertex 30.5 -15.95 9.3
      vertex 30.8198 -15.929 9.3
    endloop
  endfacet
  facet normal -0.321371 -0.946953 0
    outer loop
      vertex -31.4376 -15.7635 9.3
      vertex -31.1341 -15.8665 18.8
      vertex -31.4376 -15.7635 18.8
    endloop
  endfacet
  facet normal -0.321371 -0.946953 -0
    outer loop
      vertex -31.1341 -15.8665 18.8
      vertex -31.4376 -15.7635 9.3
      vertex -31.1341 -15.8665 9.3
    endloop
  endfacet
  facet normal -0.227593 -0.67029 0.706337
    outer loop
      vertex -31.2462 -15.3016 19.3
      vertex -31.4376 -15.7635 18.8
      vertex -31.0047 -15.3836 19.3
    endloop
  endfacet
  facet normal 0.0463829 -0.706346 0.706346
    outer loop
      vertex 30.8198 -15.929 18.8
      vertex 30.5 -15.45 19.3
      vertex 30.5 -15.95 18.8
    endloop
  endfacet
  facet normal 0.227501 -0.670355 0.706306
    outer loop
      vertex 31.4376 -15.7635 18.8
      vertex 31.0047 -15.3836 19.3
      vertex 31.1341 -15.8665 18.8
    endloop
  endfacet
  facet normal -0.195036 0.980796 0
    outer loop
      vertex -30.8198 15.929 9.3
      vertex -31.1341 15.8665 18.8
      vertex -30.8198 15.929 18.8
    endloop
  endfacet
  facet normal -0.195036 0.980796 0
    outer loop
      vertex -31.1341 15.8665 18.8
      vertex -30.8198 15.929 9.3
      vertex -31.1341 15.8665 9.3
    endloop
  endfacet
  facet normal -0.997851 0.0655249 0
    outer loop
      vertex -32.95 13.5 9.3
      vertex -32.929 13.8198 18.8
      vertex -32.929 13.8198 9.3
    endloop
  endfacet
  facet normal -0.997851 0.0655249 0
    outer loop
      vertex -32.929 13.8198 18.8
      vertex -32.95 13.5 9.3
      vertex -32.95 13.5 18.8
    endloop
  endfacet
  facet normal -0.442213 -0.89691 0
    outer loop
      vertex -31.725 -15.6218 9.3
      vertex -31.4376 -15.7635 18.8
      vertex -31.725 -15.6218 18.8
    endloop
  endfacet
  facet normal -0.442213 -0.89691 0
    outer loop
      vertex -31.725 -15.6218 9.3
      vertex -31.4376 -15.7635 9.3
      vertex -31.4376 -15.7635 18.8
    endloop
  endfacet
  facet normal -0.442213 -0.89691 0
    outer loop
      vertex -31.725 -15.6218 8.3
      vertex -31.4376 -15.7635 9.3
      vertex -31.725 -15.6218 9.3
    endloop
  endfacet
  facet normal -0.442213 -0.89691 0
    outer loop
      vertex -31.725 -15.6218 8.3
      vertex -31.4376 -15.7635 8.3
      vertex -31.4376 -15.7635 9.3
    endloop
  endfacet
  facet normal -0.442213 -0.89691 0
    outer loop
      vertex -31.725 -15.6218 1.2207e-05
      vertex -31.4376 -15.7635 8.3
      vertex -31.725 -15.6218 8.3
    endloop
  endfacet
  facet normal -0.442213 -0.89691 -0
    outer loop
      vertex -31.4376 -15.7635 8.3
      vertex -31.725 -15.6218 1.2207e-05
      vertex -31.4376 -15.7635 1.2207e-05
    endloop
  endfacet
  facet normal -1 0 0
    outer loop
      vertex -32.95 -13.5 9.3
      vertex -32.95 13.5 18.8
      vertex -32.95 13.5 9.3
    endloop
  endfacet
  facet normal -1 -0 0
    outer loop
      vertex -32.95 13.5 18.8
      vertex -32.95 -13.5 9.3
      vertex -32.95 -13.5 18.8
    endloop
  endfacet
  facet normal 0.195036 -0.980796 0
    outer loop
      vertex 30.8198 -15.929 9.3
      vertex 31.1341 -15.8665 18.8
      vertex 30.8198 -15.929 18.8
    endloop
  endfacet
  facet normal 0.195036 -0.980796 0
    outer loop
      vertex 31.1341 -15.8665 18.8
      vertex 30.8198 -15.929 9.3
      vertex 31.1341 -15.8665 9.3
    endloop
  endfacet
  facet normal 0.997851 0.0655249 0
    outer loop
      vertex 32.95 13.5 18.8
      vertex 32.929 13.8198 9.3
      vertex 32.929 13.8198 18.8
    endloop
  endfacet
  facet normal 0.997851 0.0655249 0
    outer loop
      vertex 32.929 13.8198 9.3
      vertex 32.95 13.5 18.8
      vertex 32.95 13.5 9.3
    endloop
  endfacet
  facet normal 0.313012 -0.634903 0.706344
    outer loop
      vertex 31.475 -15.1888 19.3
      vertex 31.2462 -15.3016 19.3
      vertex 31.4376 -15.7635 18.8
    endloop
  endfacet
  facet normal 0.555636 -0.831426 0
    outer loop
      vertex 31.725 -15.6218 9.3
      vertex 31.9915 -15.4437 18.8
      vertex 31.725 -15.6218 18.8
    endloop
  endfacet
  facet normal 0.555636 -0.831426 0
    outer loop
      vertex 31.9915 -15.4437 18.8
      vertex 31.725 -15.6218 9.3
      vertex 31.9915 -15.4437 9.3
    endloop
  endfacet
  facet normal -0.466545 -0.532322 0.706377
    outer loop
      vertex -31.8789 -14.8789 19.3
      vertex -31.9915 -15.4437 18.8
      vertex -31.6871 -15.047 19.3
    endloop
  endfacet
  facet normal -0.442213 0.89691 0
    outer loop
      vertex -31.4376 15.7635 9.3
      vertex -31.725 15.6218 18.8
      vertex -31.4376 15.7635 18.8
    endloop
  endfacet
  facet normal -0.442213 0.89691 0
    outer loop
      vertex -31.4376 15.7635 9.3
      vertex -31.725 15.6218 9.3
      vertex -31.725 15.6218 18.8
    endloop
  endfacet
  facet normal -0.442213 0.89691 0
    outer loop
      vertex -31.4376 15.7635 8.3
      vertex -31.725 15.6218 9.3
      vertex -31.4376 15.7635 9.3
    endloop
  endfacet
  facet normal -0.442213 0.89691 0
    outer loop
      vertex -31.4376 15.7635 8.3
      vertex -31.725 15.6218 8.3
      vertex -31.725 15.6218 9.3
    endloop
  endfacet
  facet normal -0.442213 0.89691 0
    outer loop
      vertex -31.4376 15.7635 1.2207e-05
      vertex -31.725 15.6218 8.3
      vertex -31.4376 15.7635 8.3
    endloop
  endfacet
  facet normal -0.442213 0.89691 0
    outer loop
      vertex -31.725 15.6218 8.3
      vertex -31.4376 15.7635 1.2207e-05
      vertex -31.725 15.6218 1.2207e-05
    endloop
  endfacet
  facet normal -0.393428 0.588477 0.706335
    outer loop
      vertex -31.475 15.1888 19.3
      vertex -31.725 15.6218 18.8
      vertex -31.6871 15.047 19.3
    endloop
  endfacet
  facet normal -0.227501 -0.670355 0.706306
    outer loop
      vertex -31.0047 -15.3836 19.3
      vertex -31.4376 -15.7635 18.8
      vertex -31.1341 -15.8665 18.8
    endloop
  endfacet
  facet normal -0.634899 0.313031 0.706339
    outer loop
      vertex -32.6218 14.725 18.8
      vertex -32.7635 14.4376 18.8
      vertex -32.1888 14.475 19.3
    endloop
  endfacet
  facet normal 0.706357 -0.0463504 0.706336
    outer loop
      vertex 32.45 -13.5 19.3
      vertex 32.4333 -13.7545 19.3
      vertex 32.929 -13.8198 18.8
    endloop
  endfacet
  facet normal 0.227593 0.67029 0.706337
    outer loop
      vertex 31.4376 15.7635 18.8
      vertex 31.0047 15.3836 19.3
      vertex 31.2462 15.3016 19.3
    endloop
  endfacet
  facet normal -0.634903 -0.313012 0.706344
    outer loop
      vertex -32.3016 -14.2462 19.3
      vertex -32.7635 -14.4376 18.8
      vertex -32.1888 -14.475 19.3
    endloop
  endfacet
  facet normal -0.313012 -0.634903 0.706344
    outer loop
      vertex -31.2462 -15.3016 19.3
      vertex -31.475 -15.1888 19.3
      vertex -31.4376 -15.7635 18.8
    endloop
  endfacet
  facet normal 0.138068 -0.694316 0.706302
    outer loop
      vertex 31.0047 -15.3836 19.3
      vertex 30.8198 -15.929 18.8
      vertex 31.1341 -15.8665 18.8
    endloop
  endfacet
  facet normal -0.706346 -0.0463829 0.706346
    outer loop
      vertex -32.45 -13.5 19.3
      vertex -32.95 -13.5 18.8
      vertex -32.929 -13.8198 18.8
    endloop
  endfacet
  facet normal 0.634899 0.313031 0.706339
    outer loop
      vertex 32.6218 14.725 18.8
      vertex 32.1888 14.475 19.3
      vertex 32.7635 14.4376 18.8
    endloop
  endfacet
  facet normal -0.0655249 -0.997851 0
    outer loop
      vertex -30.8198 -15.929 9.3
      vertex -30.5 -15.95 18.8
      vertex -30.8198 -15.929 18.8
    endloop
  endfacet
  facet normal -0.0655249 -0.997851 -0
    outer loop
      vertex -30.5 -15.95 18.8
      vertex -30.8198 -15.929 9.3
      vertex -30.5 -15.95 9.3
    endloop
  endfacet
  facet normal 0.0463504 -0.706357 0.706336
    outer loop
      vertex 30.7545 -15.4333 19.3
      vertex 30.5 -15.45 19.3
      vertex 30.8198 -15.929 18.8
    endloop
  endfacet
  facet normal 0.137917 -0.694303 0.706344
    outer loop
      vertex 31.0047 -15.3836 19.3
      vertex 30.7545 -15.4333 19.3
      vertex 30.8198 -15.929 18.8
    endloop
  endfacet
  facet normal -0.694303 -0.137917 0.706344
    outer loop
      vertex -32.4333 -13.7545 19.3
      vertex -32.929 -13.8198 18.8
      vertex -32.3836 -14.0047 19.3
    endloop
  endfacet
  facet normal -0.227593 0.67029 0.706337
    outer loop
      vertex -31.0047 15.3836 19.3
      vertex -31.4376 15.7635 18.8
      vertex -31.2462 15.3016 19.3
    endloop
  endfacet
  facet normal 0.65941 0.751784 -0
    outer loop
      vertex 32.2324 15.2324 9.3
      vertex 31.9915 15.4437 18.8
      vertex 32.2324 15.2324 18.8
    endloop
  endfacet
  facet normal 0.65941 0.751784 0
    outer loop
      vertex 31.9915 15.4437 18.8
      vertex 32.2324 15.2324 9.3
      vertex 31.9915 15.4437 9.3
    endloop
  endfacet
  facet normal 0.227501 0.670355 0.706306
    outer loop
      vertex 31.1341 15.8665 18.8
      vertex 31.0047 15.3836 19.3
      vertex 31.4376 15.7635 18.8
    endloop
  endfacet
  facet normal -0.466807 0.532199 0.706297
    outer loop
      vertex -31.9915 15.4437 18.8
      vertex -32.2324 15.2324 18.8
      vertex -31.8789 14.8789 19.3
    endloop
  endfacet
  facet normal 0.555636 0.831426 -0
    outer loop
      vertex 31.9915 15.4437 9.3
      vertex 31.725 15.6218 18.8
      vertex 31.9915 15.4437 18.8
    endloop
  endfacet
  facet normal 0.555636 0.831426 0
    outer loop
      vertex 31.725 15.6218 18.8
      vertex 31.9915 15.4437 9.3
      vertex 31.725 15.6218 9.3
    endloop
  endfacet
  facet normal 0.706346 0.0463829 0.706346
    outer loop
      vertex 32.929 13.8198 18.8
      vertex 32.45 13.5 19.3
      vertex 32.95 13.5 18.8
    endloop
  endfacet
  facet normal 0.706346 -0.0463829 0.706346
    outer loop
      vertex 32.95 -13.5 18.8
      vertex 32.45 -13.5 19.3
      vertex 32.929 -13.8198 18.8
    endloop
  endfacet
  facet normal 0.466545 0.532322 0.706377
    outer loop
      vertex 31.9915 15.4437 18.8
      vertex 31.6871 15.047 19.3
      vertex 31.8789 14.8789 19.3
    endloop
  endfacet
  facet normal 0.138068 0.694316 0.706302
    outer loop
      vertex 31.1341 15.8665 18.8
      vertex 30.8198 15.929 18.8
      vertex 31.0047 15.3836 19.3
    endloop
  endfacet
  facet normal 0 0.707107 0.707107
    outer loop
      vertex -20.55 15.95 18.8
      vertex -30.5 15.45 19.3
      vertex -20.55 15.45 19.3
    endloop
  endfacet
  facet normal 0 0.707107 0.707107
    outer loop
      vertex -30.5 15.45 19.3
      vertex -20.55 15.95 18.8
      vertex -30.5 15.95 18.8
    endloop
  endfacet
  facet normal 0 0.707107 0.707107
    outer loop
      vertex 30.5 15.95 18.8
      vertex 20.55 15.45 19.3
      vertex 30.5 15.45 19.3
    endloop
  endfacet
  facet normal 0 0.707107 0.707107
    outer loop
      vertex 20.55 15.45 19.3
      vertex 30.5 15.95 18.8
      vertex 20.55 15.95 18.8
    endloop
  endfacet
  facet normal 0 0.707107 0.707107
    outer loop
      vertex -11.75 15.95 18.8
      vertex -19.75 15.45 19.3
      vertex -11.75 15.45 19.3
    endloop
  endfacet
  facet normal 0 0.707107 0.707107
    outer loop
      vertex -19.75 15.45 19.3
      vertex -11.75 15.95 18.8
      vertex -19.75 15.95 18.8
    endloop
  endfacet
  facet normal 0 0.707107 0.707107
    outer loop
      vertex 10.95 15.95 18.8
      vertex -10.95 15.45 19.3
      vertex 10.95 15.45 19.3
    endloop
  endfacet
  facet normal 0 0.707107 0.707107
    outer loop
      vertex -10.95 15.45 19.3
      vertex 10.95 15.95 18.8
      vertex -10.95 15.95 18.8
    endloop
  endfacet
  facet normal 0 0.707107 0.707107
    outer loop
      vertex 19.75 15.95 18.8
      vertex 11.75 15.45 19.3
      vertex 19.75 15.45 19.3
    endloop
  endfacet
  facet normal 0 0.707107 0.707107
    outer loop
      vertex 11.75 15.45 19.3
      vertex 19.75 15.95 18.8
      vertex 11.75 15.95 18.8
    endloop
  endfacet
  facet normal 0.634903 0.313012 0.706344
    outer loop
      vertex 32.7635 14.4376 18.8
      vertex 32.1888 14.475 19.3
      vertex 32.3016 14.2462 19.3
    endloop
  endfacet
  facet normal -0.466545 0.532322 0.706377
    outer loop
      vertex -31.6871 15.047 19.3
      vertex -31.9915 15.4437 18.8
      vertex -31.8789 14.8789 19.3
    endloop
  endfacet
  facet normal -0.588477 -0.393428 0.706335
    outer loop
      vertex -32.1888 -14.475 19.3
      vertex -32.6218 -14.725 18.8
      vertex -32.047 -14.6871 19.3
    endloop
  endfacet
  facet normal 0.89691 -0.442213 0
    outer loop
      vertex 32.6218 -14.725 9.3
      vertex 32.7635 -14.4376 9.3
      vertex 32.7635 -14.4376 18.8
    endloop
  endfacet
  facet normal 0.89691 -0.442213 0
    outer loop
      vertex 32.7635 -14.4376 9.3
      vertex 32.6218 -14.725 9.3
      vertex 32.7635 -14.4376 8.3
    endloop
  endfacet
  facet normal 0.89691 -0.442213 0
    outer loop
      vertex 32.6218 -14.725 9.3
      vertex 32.7635 -14.4376 18.8
      vertex 32.6218 -14.725 18.8
    endloop
  endfacet
  facet normal 0.89691 -0.442213 0
    outer loop
      vertex 32.6218 -14.725 8.3
      vertex 32.7635 -14.4376 8.3
      vertex 32.6218 -14.725 9.3
    endloop
  endfacet
  facet normal 0.89691 -0.442213 0
    outer loop
      vertex 32.7635 -14.4376 8.3
      vertex 32.6218 -14.725 8.3
      vertex 32.7635 -14.4376 1.2207e-05
    endloop
  endfacet
  facet normal 0.89691 -0.442213 0
    outer loop
      vertex 32.7635 -14.4376 1.2207e-05
      vertex 32.6218 -14.725 8.3
      vertex 32.6218 -14.725 1.2207e-05
    endloop
  endfacet
  facet normal 0.751784 0.65941 0
    outer loop
      vertex 32.4437 14.9915 18.8
      vertex 32.2324 15.2324 9.3
      vertex 32.2324 15.2324 18.8
    endloop
  endfacet
  facet normal 0.751784 0.65941 0
    outer loop
      vertex 32.2324 15.2324 9.3
      vertex 32.4437 14.9915 18.8
      vertex 32.4437 14.9915 9.3
    endloop
  endfacet
  facet normal 0.831426 -0.555636 0
    outer loop
      vertex 32.4437 -14.9915 18.8
      vertex 32.6218 -14.725 9.3
      vertex 32.6218 -14.725 18.8
    endloop
  endfacet
  facet normal 0.831426 -0.555636 0
    outer loop
      vertex 32.6218 -14.725 9.3
      vertex 32.4437 -14.9915 18.8
      vertex 32.4437 -14.9915 9.3
    endloop
  endfacet
  facet normal -0.896806 0.442424 0
    outer loop
      vertex -32.6588 14.65 1.44998
      vertex -32.6218 14.725 8.3
      vertex -32.6218 14.725 1.2207e-05
    endloop
  endfacet
  facet normal -0.896806 0.442424 0
    outer loop
      vertex -32.6588 14.65 8.3
      vertex -32.6218 14.725 8.3
      vertex -32.6588 14.65 1.44998
    endloop
  endfacet
  facet normal -0.896806 0.442424 0
    outer loop
      vertex -32.6218 14.725 8.3
      vertex -32.6588 14.65 8.3
      vertex -32.6218 14.725 9.3
    endloop
  endfacet
  facet normal -0.900675 0.434493 -0.000508991
    outer loop
      vertex -32.6218 14.725 1.2207e-05
      vertex -32.6606 14.6462 1.39132
      vertex -32.6588 14.65 1.44998
    endloop
  endfacet
  facet normal -0.897422 0.441173 -3.98928e-05
    outer loop
      vertex -32.6218 14.725 1.2207e-05
      vertex -32.6663 14.6346 1.33349
      vertex -32.6606 14.6462 1.39132
    endloop
  endfacet
  facet normal -0.89647 0.443104 0.000122713
    outer loop
      vertex -32.6218 14.725 1.2207e-05
      vertex -32.6756 14.6158 1.27786
      vertex -32.6663 14.6346 1.33349
    endloop
  endfacet
  facet normal -0.896562 0.442919 0.00010311
    outer loop
      vertex -32.6218 14.725 1.2207e-05
      vertex -32.6885 14.5897 1.22496
      vertex -32.6756 14.6158 1.27786
    endloop
  endfacet
  facet normal -0.897123 0.441782 -5.30508e-05
    outer loop
      vertex -32.6218 14.725 1.2207e-05
      vertex -32.7046 14.557 1.17605
      vertex -32.6885 14.5897 1.22496
    endloop
  endfacet
  facet normal -0.896367 0.443313 0.000218935
    outer loop
      vertex -32.6218 14.725 1.2207e-05
      vertex -32.7238 14.5182 1.13182
      vertex -32.7046 14.557 1.17605
    endloop
  endfacet
  facet normal -0.896848 0.442339 -2.47177e-06
    outer loop
      vertex -32.6218 14.725 1.2207e-05
      vertex -32.7456 14.474 1.093
      vertex -32.7238 14.5182 1.13182
    endloop
  endfacet
  facet normal -0.89691 0.442213 0
    outer loop
      vertex -32.7635 14.4376 1.0687
      vertex -32.6218 14.725 1.2207e-05
      vertex -32.7635 14.4376 1.2207e-05
    endloop
  endfacet
  facet normal -0.897297 0.441428 -0.000262438
    outer loop
      vertex -32.6218 14.725 1.2207e-05
      vertex -32.7635 14.4376 1.0687
      vertex -32.7456 14.474 1.093
    endloop
  endfacet
  facet normal -0.89691 0.442213 1.96609e-05
    outer loop
      vertex -32.7635 14.4376 9.3
      vertex -32.6218 14.725 9.3
      vertex -32.6588 14.65 8.3
    endloop
  endfacet
  facet normal -0.896947 0.442139 0
    outer loop
      vertex -32.7635 14.4376 9.3
      vertex -32.6588 14.65 8.3
      vertex -32.7635 14.4376 8.3
    endloop
  endfacet
  facet normal -0.89691 0.442213 0
    outer loop
      vertex -32.6218 14.725 9.3
      vertex -32.7635 14.4376 9.3
      vertex -32.6218 14.725 18.8
    endloop
  endfacet
  facet normal -0.89691 0.442213 0
    outer loop
      vertex -32.6218 14.725 18.8
      vertex -32.7635 14.4376 9.3
      vertex -32.7635 14.4376 18.8
    endloop
  endfacet
  facet normal -0.706346 0.0463829 0.706346
    outer loop
      vertex -32.929 13.8198 18.8
      vertex -32.95 13.5 18.8
      vertex -32.45 13.5 19.3
    endloop
  endfacet
  facet normal -0.313031 -0.634899 0.706339
    outer loop
      vertex -31.475 -15.1888 19.3
      vertex -31.725 -15.6218 18.8
      vertex -31.4376 -15.7635 18.8
    endloop
  endfacet
  facet normal -0.138068 -0.694316 0.706302
    outer loop
      vertex -31.0047 -15.3836 19.3
      vertex -31.1341 -15.8665 18.8
      vertex -30.8198 -15.929 18.8
    endloop
  endfacet
  facet normal 0.670355 -0.227501 0.706306
    outer loop
      vertex 32.8665 -14.1341 18.8
      vertex 32.3836 -14.0047 19.3
      vertex 32.7635 -14.4376 18.8
    endloop
  endfacet
  facet normal 0.0463829 0.706346 0.706346
    outer loop
      vertex 30.8198 15.929 18.8
      vertex 30.5 15.95 18.8
      vertex 30.5 15.45 19.3
    endloop
  endfacet
  facet normal 0.313031 -0.634899 0.706339
    outer loop
      vertex 31.475 -15.1888 19.3
      vertex 31.4376 -15.7635 18.8
      vertex 31.725 -15.6218 18.8
    endloop
  endfacet
  facet normal -0.946953 0.321371 0
    outer loop
      vertex -32.8665 14.1341 9.3
      vertex -32.7635 14.4376 18.8
      vertex -32.7635 14.4376 9.3
    endloop
  endfacet
  facet normal -0.946953 0.321371 0
    outer loop
      vertex -32.7635 14.4376 18.8
      vertex -32.8665 14.1341 9.3
      vertex -32.8665 14.1341 18.8
    endloop
  endfacet
  facet normal 0.707107 6.28037e-14 0.707107
    outer loop
      vertex 32.45 -12.5 19.3
      vertex 32.95 -12.9 18.8
      vertex 32.55 -12.5 19.2
    endloop
  endfacet
  facet normal 0.707107 -0 0.707107
    outer loop
      vertex 32.45 -13.5 19.3
      vertex 32.95 -12.9 18.8
      vertex 32.45 -12.5 19.3
    endloop
  endfacet
  facet normal 0.707107 0 0.707107
    outer loop
      vertex 32.95 -12.9 18.8
      vertex 32.45 -13.5 19.3
      vertex 32.95 -13.5 18.8
    endloop
  endfacet
  facet normal 0.707107 0 0.707107
    outer loop
      vertex 32.45 13.5 19.3
      vertex 32.95 12.9 18.8
      vertex 32.95 13.5 18.8
    endloop
  endfacet
  facet normal 0.707107 -0 0.707107
    outer loop
      vertex 32.45 12.5 19.3
      vertex 32.95 12.9 18.8
      vertex 32.45 13.5 19.3
    endloop
  endfacet
  facet normal 0.707107 -6.28037e-14 0.707107
    outer loop
      vertex 32.95 12.9 18.8
      vertex 32.45 12.5 19.3
      vertex 32.55 12.5 19.2
    endloop
  endfacet
  facet normal 0.694303 -0.137917 0.706344
    outer loop
      vertex 32.4333 -13.7545 19.3
      vertex 32.3836 -14.0047 19.3
      vertex 32.929 -13.8198 18.8
    endloop
  endfacet
  facet normal -0.706357 -0.0463504 0.706336
    outer loop
      vertex -32.45 -13.5 19.3
      vertex -32.929 -13.8198 18.8
      vertex -32.4333 -13.7545 19.3
    endloop
  endfacet
  facet normal -0.532199 -0.466807 0.706297
    outer loop
      vertex -31.8789 -14.8789 19.3
      vertex -32.4437 -14.9915 18.8
      vertex -32.2324 -15.2324 18.8
    endloop
  endfacet
  facet normal 0.946953 0.321371 0
    outer loop
      vertex 32.8665 14.1341 18.8
      vertex 32.7635 14.4376 9.3
      vertex 32.7635 14.4376 18.8
    endloop
  endfacet
  facet normal 0.946953 0.321371 0
    outer loop
      vertex 32.7635 14.4376 9.3
      vertex 32.8665 14.1341 18.8
      vertex 32.8665 14.1341 9.3
    endloop
  endfacet
  facet normal -0.588517 0.393302 0.706372
    outer loop
      vertex -32.4437 14.9915 18.8
      vertex -32.6218 14.725 18.8
      vertex -32.047 14.6871 19.3
    endloop
  endfacet
  facet normal 0.393302 0.588517 0.706372
    outer loop
      vertex 31.725 15.6218 18.8
      vertex 31.6871 15.047 19.3
      vertex 31.9915 15.4437 18.8
    endloop
  endfacet
  facet normal 0.137917 0.694303 0.706344
    outer loop
      vertex 30.8198 15.929 18.8
      vertex 30.7545 15.4333 19.3
      vertex 31.0047 15.3836 19.3
    endloop
  endfacet
  facet normal 0.588477 -0.393428 0.706335
    outer loop
      vertex 32.1888 -14.475 19.3
      vertex 32.047 -14.6871 19.3
      vertex 32.6218 -14.725 18.8
    endloop
  endfacet
  facet normal 0.634899 -0.313031 0.706339
    outer loop
      vertex 32.7635 -14.4376 18.8
      vertex 32.1888 -14.475 19.3
      vertex 32.6218 -14.725 18.8
    endloop
  endfacet
  facet normal 0.67029 0.227593 0.706337
    outer loop
      vertex 32.7635 14.4376 18.8
      vertex 32.3016 14.2462 19.3
      vertex 32.3836 14.0047 19.3
    endloop
  endfacet
  facet normal -0.67029 0.227593 0.706337
    outer loop
      vertex -32.3016 14.2462 19.3
      vertex -32.7635 14.4376 18.8
      vertex -32.3836 14.0047 19.3
    endloop
  endfacet
  facet normal 0.393302 -0.588517 0.706372
    outer loop
      vertex 31.9915 -15.4437 18.8
      vertex 31.6871 -15.047 19.3
      vertex 31.725 -15.6218 18.8
    endloop
  endfacet
  facet normal 0.670355 0.227501 0.706306
    outer loop
      vertex 32.7635 14.4376 18.8
      vertex 32.3836 14.0047 19.3
      vertex 32.8665 14.1341 18.8
    endloop
  endfacet
  facet normal -0.831426 -0.555636 0
    outer loop
      vertex -32.4437 -14.9915 9.3
      vertex -32.6218 -14.725 18.8
      vertex -32.6218 -14.725 9.3
    endloop
  endfacet
  facet normal -0.831426 -0.555636 0
    outer loop
      vertex -32.6218 -14.725 18.8
      vertex -32.4437 -14.9915 9.3
      vertex -32.4437 -14.9915 18.8
    endloop
  endfacet
  facet normal 0.195036 0.980796 -0
    outer loop
      vertex 31.1341 15.8665 9.3
      vertex 30.8198 15.929 18.8
      vertex 31.1341 15.8665 18.8
    endloop
  endfacet
  facet normal 0.195036 0.980796 0
    outer loop
      vertex 30.8198 15.929 18.8
      vertex 31.1341 15.8665 9.3
      vertex 30.8198 15.929 9.3
    endloop
  endfacet
  facet normal -0.670355 0.227501 0.706306
    outer loop
      vertex -32.7635 14.4376 18.8
      vertex -32.8665 14.1341 18.8
      vertex -32.3836 14.0047 19.3
    endloop
  endfacet
  facet normal -0.0463829 0.706346 0.706346
    outer loop
      vertex -30.5 15.95 18.8
      vertex -30.8198 15.929 18.8
      vertex -30.5 15.45 19.3
    endloop
  endfacet
  facet normal -0.67029 -0.227593 0.706337
    outer loop
      vertex -32.3836 -14.0047 19.3
      vertex -32.7635 -14.4376 18.8
      vertex -32.3016 -14.2462 19.3
    endloop
  endfacet
  facet normal -0.65941 -0.751784 0
    outer loop
      vertex -32.2324 -15.2324 9.3
      vertex -31.9915 -15.4437 18.8
      vertex -32.2324 -15.2324 18.8
    endloop
  endfacet
  facet normal -0.65941 -0.751784 -0
    outer loop
      vertex -31.9915 -15.4437 18.8
      vertex -32.2324 -15.2324 9.3
      vertex -31.9915 -15.4437 9.3
    endloop
  endfacet
  facet normal 0.466807 -0.532199 0.706297
    outer loop
      vertex 32.2324 -15.2324 18.8
      vertex 31.8789 -14.8789 19.3
      vertex 31.9915 -15.4437 18.8
    endloop
  endfacet
  facet normal -0.634899 -0.313031 0.706339
    outer loop
      vertex -32.1888 -14.475 19.3
      vertex -32.7635 -14.4376 18.8
      vertex -32.6218 -14.725 18.8
    endloop
  endfacet
  facet normal 0.65941 -0.751784 0
    outer loop
      vertex 31.9915 -15.4437 9.3
      vertex 32.2324 -15.2324 18.8
      vertex 31.9915 -15.4437 18.8
    endloop
  endfacet
  facet normal 0.65941 -0.751784 0
    outer loop
      vertex 32.2324 -15.2324 18.8
      vertex 31.9915 -15.4437 9.3
      vertex 32.2324 -15.2324 9.3
    endloop
  endfacet
  facet normal -0.751784 0.65941 0
    outer loop
      vertex -32.4437 14.9915 9.3
      vertex -32.2324 15.2324 18.8
      vertex -32.2324 15.2324 9.3
    endloop
  endfacet
  facet normal -0.751784 0.65941 0
    outer loop
      vertex -32.2324 15.2324 18.8
      vertex -32.4437 14.9915 9.3
      vertex -32.4437 14.9915 18.8
    endloop
  endfacet
  facet normal -0.466807 -0.532199 0.706297
    outer loop
      vertex -31.8789 -14.8789 19.3
      vertex -32.2324 -15.2324 18.8
      vertex -31.9915 -15.4437 18.8
    endloop
  endfacet
  facet normal -0.137917 -0.694303 0.706344
    outer loop
      vertex -30.7545 -15.4333 19.3
      vertex -31.0047 -15.3836 19.3
      vertex -30.8198 -15.929 18.8
    endloop
  endfacet
  facet normal -0.0655249 0.997851 0
    outer loop
      vertex -30.5 15.95 9.3
      vertex -30.8198 15.929 18.8
      vertex -30.5 15.95 18.8
    endloop
  endfacet
  facet normal -0.0655249 0.997851 0
    outer loop
      vertex -30.8198 15.929 18.8
      vertex -30.5 15.95 9.3
      vertex -30.8198 15.929 9.3
    endloop
  endfacet
  facet normal -0.532322 0.466545 0.706377
    outer loop
      vertex -31.8789 14.8789 19.3
      vertex -32.4437 14.9915 18.8
      vertex -32.047 14.6871 19.3
    endloop
  endfacet
  facet normal -0.555636 0.831426 0
    outer loop
      vertex -31.725 15.6218 9.3
      vertex -31.9915 15.4437 18.8
      vertex -31.725 15.6218 18.8
    endloop
  endfacet
  facet normal -0.555636 0.831426 0
    outer loop
      vertex -31.9915 15.4437 18.8
      vertex -31.725 15.6218 9.3
      vertex -31.9915 15.4437 9.3
    endloop
  endfacet
  facet normal 0.980796 -0.195036 0
    outer loop
      vertex 32.8665 -14.1341 18.8
      vertex 32.929 -13.8198 9.3
      vertex 32.929 -13.8198 18.8
    endloop
  endfacet
  facet normal 0.980796 -0.195036 0
    outer loop
      vertex 32.929 -13.8198 9.3
      vertex 32.8665 -14.1341 18.8
      vertex 32.8665 -14.1341 9.3
    endloop
  endfacet
  facet normal -0.138068 0.694316 0.706302
    outer loop
      vertex -30.8198 15.929 18.8
      vertex -31.1341 15.8665 18.8
      vertex -31.0047 15.3836 19.3
    endloop
  endfacet
  facet normal 0.393428 -0.588477 0.706335
    outer loop
      vertex 31.6871 -15.047 19.3
      vertex 31.475 -15.1888 19.3
      vertex 31.725 -15.6218 18.8
    endloop
  endfacet
  facet normal 0.393428 0.588477 0.706335
    outer loop
      vertex 31.725 15.6218 18.8
      vertex 31.475 15.1888 19.3
      vertex 31.6871 15.047 19.3
    endloop
  endfacet
  facet normal 0.0463504 0.706357 0.706336
    outer loop
      vertex 30.8198 15.929 18.8
      vertex 30.5 15.45 19.3
      vertex 30.7545 15.4333 19.3
    endloop
  endfacet
  facet normal 0.442213 0.89691 -0
    outer loop
      vertex 31.725 15.6218 9.3
      vertex 31.4376 15.7635 18.8
      vertex 31.725 15.6218 18.8
    endloop
  endfacet
  facet normal 0.442213 0.89691 0
    outer loop
      vertex 31.725 15.6218 9.3
      vertex 31.4376 15.7635 9.3
      vertex 31.4376 15.7635 18.8
    endloop
  endfacet
  facet normal 0.442213 0.89691 -0
    outer loop
      vertex 31.725 15.6218 8.3
      vertex 31.4376 15.7635 9.3
      vertex 31.725 15.6218 9.3
    endloop
  endfacet
  facet normal 0.442213 0.89691 0
    outer loop
      vertex 31.725 15.6218 8.3
      vertex 31.4376 15.7635 8.3
      vertex 31.4376 15.7635 9.3
    endloop
  endfacet
  facet normal 0.442213 0.89691 -0
    outer loop
      vertex 31.725 15.6218 1.2207e-05
      vertex 31.4376 15.7635 8.3
      vertex 31.725 15.6218 8.3
    endloop
  endfacet
  facet normal 0.442213 0.89691 0
    outer loop
      vertex 31.4376 15.7635 8.3
      vertex 31.725 15.6218 1.2207e-05
      vertex 31.4376 15.7635 1.2207e-05
    endloop
  endfacet
  facet normal 0.694316 0.138068 0.706302
    outer loop
      vertex 32.8665 14.1341 18.8
      vertex 32.3836 14.0047 19.3
      vertex 32.929 13.8198 18.8
    endloop
  endfacet
  facet normal 0.694303 0.137917 0.706344
    outer loop
      vertex 32.929 13.8198 18.8
      vertex 32.3836 14.0047 19.3
      vertex 32.4333 13.7545 19.3
    endloop
  endfacet
  facet normal 0.67029 -0.227593 0.706337
    outer loop
      vertex 32.3836 -14.0047 19.3
      vertex 32.3016 -14.2462 19.3
      vertex 32.7635 -14.4376 18.8
    endloop
  endfacet
  facet normal 0.694316 -0.138068 0.706302
    outer loop
      vertex 32.929 -13.8198 18.8
      vertex 32.3836 -14.0047 19.3
      vertex 32.8665 -14.1341 18.8
    endloop
  endfacet
  facet normal 0.532199 0.466807 0.706297
    outer loop
      vertex 32.2324 15.2324 18.8
      vertex 31.8789 14.8789 19.3
      vertex 32.4437 14.9915 18.8
    endloop
  endfacet
  facet normal 0.532322 0.466545 0.706377
    outer loop
      vertex 32.4437 14.9915 18.8
      vertex 31.8789 14.8789 19.3
      vertex 32.047 14.6871 19.3
    endloop
  endfacet
  facet normal 0.321371 0.946953 -0
    outer loop
      vertex 31.4376 15.7635 9.3
      vertex 31.1341 15.8665 18.8
      vertex 31.4376 15.7635 18.8
    endloop
  endfacet
  facet normal 0.321371 0.946953 0
    outer loop
      vertex 31.1341 15.8665 18.8
      vertex 31.4376 15.7635 9.3
      vertex 31.1341 15.8665 9.3
    endloop
  endfacet
  facet normal 0.313031 0.634899 0.706339
    outer loop
      vertex 31.725 15.6218 18.8
      vertex 31.4376 15.7635 18.8
      vertex 31.475 15.1888 19.3
    endloop
  endfacet
  facet normal -0.0463504 0.706357 0.706336
    outer loop
      vertex -30.5 15.45 19.3
      vertex -30.8198 15.929 18.8
      vertex -30.7545 15.4333 19.3
    endloop
  endfacet
  facet normal -0.137917 0.694303 0.706344
    outer loop
      vertex -30.8198 15.929 18.8
      vertex -31.0047 15.3836 19.3
      vertex -30.7545 15.4333 19.3
    endloop
  endfacet
  facet normal -0.393302 0.588517 0.706372
    outer loop
      vertex -31.725 15.6218 18.8
      vertex -31.9915 15.4437 18.8
      vertex -31.6871 15.047 19.3
    endloop
  endfacet
  facet normal -0.313031 0.634899 0.706339
    outer loop
      vertex -31.4376 15.7635 18.8
      vertex -31.725 15.6218 18.8
      vertex -31.475 15.1888 19.3
    endloop
  endfacet
  facet normal -0.694303 0.137917 0.706344
    outer loop
      vertex -32.3836 14.0047 19.3
      vertex -32.929 13.8198 18.8
      vertex -32.4333 13.7545 19.3
    endloop
  endfacet
  facet normal 0.751784 -0.65941 0
    outer loop
      vertex 32.2324 -15.2324 18.8
      vertex 32.4437 -14.9915 9.3
      vertex 32.4437 -14.9915 18.8
    endloop
  endfacet
  facet normal 0.751784 -0.65941 0
    outer loop
      vertex 32.4437 -14.9915 9.3
      vertex 32.2324 -15.2324 18.8
      vertex 32.2324 -15.2324 9.3
    endloop
  endfacet
  facet normal 0.466545 -0.532322 0.706377
    outer loop
      vertex 31.8789 -14.8789 19.3
      vertex 31.6871 -15.047 19.3
      vertex 31.9915 -15.4437 18.8
    endloop
  endfacet
  facet normal 0.532199 -0.466807 0.706297
    outer loop
      vertex 32.4437 -14.9915 18.8
      vertex 31.8789 -14.8789 19.3
      vertex 32.2324 -15.2324 18.8
    endloop
  endfacet
  facet normal -0.634903 0.313012 0.706344
    outer loop
      vertex -32.1888 14.475 19.3
      vertex -32.7635 14.4376 18.8
      vertex -32.3016 14.2462 19.3
    endloop
  endfacet
  facet normal 0.831426 0.555636 0
    outer loop
      vertex 32.6218 14.725 18.8
      vertex 32.4437 14.9915 9.3
      vertex 32.4437 14.9915 18.8
    endloop
  endfacet
  facet normal 0.831426 0.555636 0
    outer loop
      vertex 32.4437 14.9915 9.3
      vertex 32.6218 14.725 18.8
      vertex 32.6218 14.725 9.3
    endloop
  endfacet
  facet normal -0.706357 0.0463504 0.706336
    outer loop
      vertex -32.4333 13.7545 19.3
      vertex -32.929 13.8198 18.8
      vertex -32.45 13.5 19.3
    endloop
  endfacet
  facet normal 0.313012 0.634903 0.706344
    outer loop
      vertex 31.4376 15.7635 18.8
      vertex 31.2462 15.3016 19.3
      vertex 31.475 15.1888 19.3
    endloop
  endfacet
  facet normal 0.634903 -0.313012 0.706344
    outer loop
      vertex 32.3016 -14.2462 19.3
      vertex 32.1888 -14.475 19.3
      vertex 32.7635 -14.4376 18.8
    endloop
  endfacet
  facet normal 0.466807 0.532199 0.706297
    outer loop
      vertex 31.9915 15.4437 18.8
      vertex 31.8789 14.8789 19.3
      vertex 32.2324 15.2324 18.8
    endloop
  endfacet
  facet normal -0.694316 0.138068 0.706302
    outer loop
      vertex -32.8665 14.1341 18.8
      vertex -32.929 13.8198 18.8
      vertex -32.3836 14.0047 19.3
    endloop
  endfacet
  facet normal -0.980796 0.195036 0
    outer loop
      vertex -32.929 13.8198 9.3
      vertex -32.8665 14.1341 18.8
      vertex -32.8665 14.1341 9.3
    endloop
  endfacet
  facet normal -0.980796 0.195036 0
    outer loop
      vertex -32.8665 14.1341 18.8
      vertex -32.929 13.8198 9.3
      vertex -32.929 13.8198 18.8
    endloop
  endfacet
  facet normal -0.321371 0.946953 0
    outer loop
      vertex -31.1341 15.8665 9.3
      vertex -31.4376 15.7635 18.8
      vertex -31.1341 15.8665 18.8
    endloop
  endfacet
  facet normal -0.321371 0.946953 0
    outer loop
      vertex -31.4376 15.7635 18.8
      vertex -31.1341 15.8665 9.3
      vertex -31.4376 15.7635 9.3
    endloop
  endfacet
  facet normal -0 0 1
    outer loop
      vertex -30.5 15.45 19.3
      vertex -20.55 15.05 19.3
      vertex -20.55 15.45 19.3
    endloop
  endfacet
  facet normal 0 0 1
    outer loop
      vertex -30.5 15.45 19.3
      vertex -30.5 15.05 19.3
      vertex -20.55 15.05 19.3
    endloop
  endfacet
  facet normal 0 0 1
    outer loop
      vertex -30.5 15.45 19.3
      vertex -30.7023 15.0367 19.3
      vertex -30.5 15.05 19.3
    endloop
  endfacet
  facet normal -0 0 1
    outer loop
      vertex -30.7545 15.4333 19.3
      vertex -30.7023 15.0367 19.3
      vertex -30.5 15.45 19.3
    endloop
  endfacet
  facet normal 0 0 1
    outer loop
      vertex -30.7545 15.4333 19.3
      vertex -30.9012 14.9972 19.3
      vertex -30.7023 15.0367 19.3
    endloop
  endfacet
  facet normal -0 0 1
    outer loop
      vertex -31.0047 15.3836 19.3
      vertex -30.9012 14.9972 19.3
      vertex -30.7545 15.4333 19.3
    endloop
  endfacet
  facet normal 0 0 1
    outer loop
      vertex -31.0047 15.3836 19.3
      vertex -31.0932 14.932 19.3
      vertex -30.9012 14.9972 19.3
    endloop
  endfacet
  facet normal -0 0 1
    outer loop
      vertex -31.2462 15.3016 19.3
      vertex -31.0932 14.932 19.3
      vertex -31.0047 15.3836 19.3
    endloop
  endfacet
  facet normal 0 0 1
    outer loop
      vertex -31.2462 15.3016 19.3
      vertex -31.275 14.8423 19.3
      vertex -31.0932 14.932 19.3
    endloop
  endfacet
  facet normal -0 0 1
    outer loop
      vertex -31.475 15.1888 19.3
      vertex -31.275 14.8423 19.3
      vertex -31.2462 15.3016 19.3
    endloop
  endfacet
  facet normal 0 0 1
    outer loop
      vertex -31.275 14.8423 19.3
      vertex -31.475 15.1888 19.3
      vertex -31.4436 14.7297 19.3
    endloop
  endfacet
  facet normal -0 0 1
    outer loop
      vertex -31.6871 15.047 19.3
      vertex -31.4436 14.7297 19.3
      vertex -31.475 15.1888 19.3
    endloop
  endfacet
  facet normal 0 0 1
    outer loop
      vertex -31.4436 14.7297 19.3
      vertex -31.6871 15.047 19.3
      vertex -31.596 14.596 19.3
    endloop
  endfacet
  facet normal -0 0 1
    outer loop
      vertex -31.8789 14.8789 19.3
      vertex -31.596 14.596 19.3
      vertex -31.6871 15.047 19.3
    endloop
  endfacet
  facet normal 0 0 1
    outer loop
      vertex -31.596 14.596 19.3
      vertex -31.8789 14.8789 19.3
      vertex -31.7297 14.4436 19.3
    endloop
  endfacet
  facet normal -0 0 1
    outer loop
      vertex -32.047 14.6871 19.3
      vertex -31.7297 14.4436 19.3
      vertex -31.8789 14.8789 19.3
    endloop
  endfacet
  facet normal 0 0 1
    outer loop
      vertex -31.7297 14.4436 19.3
      vertex -32.047 14.6871 19.3
      vertex -31.8423 14.275 19.3
    endloop
  endfacet
  facet normal -0 0 1
    outer loop
      vertex -32.1888 14.475 19.3
      vertex -31.8423 14.275 19.3
      vertex -32.047 14.6871 19.3
    endloop
  endfacet
  facet normal 0 0 1
    outer loop
      vertex -31.8423 14.275 19.3
      vertex -32.1888 14.475 19.3
      vertex -31.932 14.0932 19.3
    endloop
  endfacet
  facet normal -0 0 1
    outer loop
      vertex -32.3016 14.2462 19.3
      vertex -31.932 14.0932 19.3
      vertex -32.1888 14.475 19.3
    endloop
  endfacet
  facet normal 0 0 1
    outer loop
      vertex -31.932 14.0932 19.3
      vertex -32.3016 14.2462 19.3
      vertex -31.9972 13.9012 19.3
    endloop
  endfacet
  facet normal 0 0 1
    outer loop
      vertex -31.9972 13.9012 19.3
      vertex -32.3836 14.0047 19.3
      vertex -32.0367 13.7023 19.3
    endloop
  endfacet
  facet normal -0 0 1
    outer loop
      vertex -32.3836 14.0047 19.3
      vertex -31.9972 13.9012 19.3
      vertex -32.3016 14.2462 19.3
    endloop
  endfacet
  facet normal -0 0 1
    outer loop
      vertex -30.5 -15.05 19.3
      vertex -20.55 -15.45 19.3
      vertex -20.55 -15.05 19.3
    endloop
  endfacet
  facet normal 0 0 1
    outer loop
      vertex -30.5 -15.05 19.3
      vertex -30.5 -15.45 19.3
      vertex -20.55 -15.45 19.3
    endloop
  endfacet
  facet normal 0 0 1
    outer loop
      vertex -30.7023 -15.0367 19.3
      vertex -30.5 -15.45 19.3
      vertex -30.5 -15.05 19.3
    endloop
  endfacet
  facet normal 0 0 1
    outer loop
      vertex -30.7023 -15.0367 19.3
      vertex -30.7545 -15.4333 19.3
      vertex -30.5 -15.45 19.3
    endloop
  endfacet
  facet normal 0 0 1
    outer loop
      vertex -30.9012 -14.9972 19.3
      vertex -30.7545 -15.4333 19.3
      vertex -30.7023 -15.0367 19.3
    endloop
  endfacet
  facet normal 0 0 1
    outer loop
      vertex -30.9012 -14.9972 19.3
      vertex -31.0047 -15.3836 19.3
      vertex -30.7545 -15.4333 19.3
    endloop
  endfacet
  facet normal 0 0 1
    outer loop
      vertex -31.0932 -14.932 19.3
      vertex -31.0047 -15.3836 19.3
      vertex -30.9012 -14.9972 19.3
    endloop
  endfacet
  facet normal 0 0 1
    outer loop
      vertex -31.0932 -14.932 19.3
      vertex -31.2462 -15.3016 19.3
      vertex -31.0047 -15.3836 19.3
    endloop
  endfacet
  facet normal 0 0 1
    outer loop
      vertex -31.275 -14.8423 19.3
      vertex -31.2462 -15.3016 19.3
      vertex -31.0932 -14.932 19.3
    endloop
  endfacet
  facet normal 0 0 1
    outer loop
      vertex -31.475 -15.1888 19.3
      vertex -31.275 -14.8423 19.3
      vertex -31.4436 -14.7297 19.3
    endloop
  endfacet
  facet normal 0 0 1
    outer loop
      vertex -31.275 -14.8423 19.3
      vertex -31.475 -15.1888 19.3
      vertex -31.2462 -15.3016 19.3
    endloop
  endfacet
  facet normal 0 0 1
    outer loop
      vertex -31.6871 -15.047 19.3
      vertex -31.4436 -14.7297 19.3
      vertex -31.596 -14.596 19.3
    endloop
  endfacet
  facet normal 0 0 1
    outer loop
      vertex -31.4436 -14.7297 19.3
      vertex -31.6871 -15.047 19.3
      vertex -31.475 -15.1888 19.3
    endloop
  endfacet
  facet normal 0 0 1
    outer loop
      vertex -31.8789 -14.8789 19.3
      vertex -31.596 -14.596 19.3
      vertex -31.7297 -14.4436 19.3
    endloop
  endfacet
  facet normal 0 0 1
    outer loop
      vertex -32.047 -14.6871 19.3
      vertex -31.7297 -14.4436 19.3
      vertex -31.8423 -14.275 19.3
    endloop
  endfacet
  facet normal 0 0 1
    outer loop
      vertex -31.596 -14.596 19.3
      vertex -31.8789 -14.8789 19.3
      vertex -31.6871 -15.047 19.3
    endloop
  endfacet
  facet normal 0 0 1
    outer loop
      vertex -32.1888 -14.475 19.3
      vertex -31.8423 -14.275 19.3
      vertex -31.932 -14.0932 19.3
    endloop
  endfacet
  facet normal 0 0 1
    outer loop
      vertex -32.3016 -14.2462 19.3
      vertex -31.932 -14.0932 19.3
      vertex -31.9972 -13.9012 19.3
    endloop
  endfacet
  facet normal 0 0 1
    outer loop
      vertex -32.3836 -14.0047 19.3
      vertex -31.9972 -13.9012 19.3
      vertex -32.0367 -13.7023 19.3
    endloop
  endfacet
  facet normal 0 0 1
    outer loop
      vertex -31.7297 -14.4436 19.3
      vertex -32.047 -14.6871 19.3
      vertex -31.8789 -14.8789 19.3
    endloop
  endfacet
  facet normal 0 0 1
    outer loop
      vertex -32.4333 -13.7545 19.3
      vertex -32.0367 -13.7023 19.3
      vertex -32.05 -13.5 19.3
    endloop
  endfacet
  facet normal 0 0 1
    outer loop
      vertex -32.05 13.5 19.3
      vertex -32.45 13.5 19.3
      vertex -32.05 -13.5 19.3
    endloop
  endfacet
  facet normal 0 0 1
    outer loop
      vertex -32.45 -13.5 19.3
      vertex -32.05 -13.5 19.3
      vertex -32.45 13.5 19.3
    endloop
  endfacet
  facet normal -0 0 1
    outer loop
      vertex -32.4333 13.7545 19.3
      vertex -32.0367 13.7023 19.3
      vertex -32.3836 14.0047 19.3
    endloop
  endfacet
  facet normal 0 -0 1
    outer loop
      vertex -32.4333 -13.7545 19.3
      vertex -32.05 -13.5 19.3
      vertex -32.45 -13.5 19.3
    endloop
  endfacet
  facet normal 0 0 1
    outer loop
      vertex -32.0367 13.7023 19.3
      vertex -32.4333 13.7545 19.3
      vertex -32.05 13.5 19.3
    endloop
  endfacet
  facet normal 0 0 1
    outer loop
      vertex -31.8423 -14.275 19.3
      vertex -32.1888 -14.475 19.3
      vertex -32.047 -14.6871 19.3
    endloop
  endfacet
  facet normal 0 0 1
    outer loop
      vertex -32.05 13.5 19.3
      vertex -32.4333 13.7545 19.3
      vertex -32.45 13.5 19.3
    endloop
  endfacet
  facet normal 0 0 1
    outer loop
      vertex -31.932 -14.0932 19.3
      vertex -32.3016 -14.2462 19.3
      vertex -32.1888 -14.475 19.3
    endloop
  endfacet
  facet normal 0 0 1
    outer loop
      vertex -31.9972 -13.9012 19.3
      vertex -32.3836 -14.0047 19.3
      vertex -32.3016 -14.2462 19.3
    endloop
  endfacet
  facet normal 0 0 1
    outer loop
      vertex -32.0367 -13.7023 19.3
      vertex -32.4333 -13.7545 19.3
      vertex -32.3836 -14.0047 19.3
    endloop
  endfacet
  facet normal 0 0 1
    outer loop
      vertex 32.05 -13.5 19.3
      vertex 32.45 -13.5 19.3
      vertex 32.45 -12.5 19.3
    endloop
  endfacet
  facet normal 0 0 1
    outer loop
      vertex 32.45 -13.5 19.3
      vertex 32.05 -13.5 19.3
      vertex 32.4333 -13.7545 19.3
    endloop
  endfacet
  facet normal -0 0 1
    outer loop
      vertex 32.0367 -13.7023 19.3
      vertex 32.4333 -13.7545 19.3
      vertex 32.05 -13.5 19.3
    endloop
  endfacet
  facet normal 0 0 1
    outer loop
      vertex 32.4333 -13.7545 19.3
      vertex 32.0367 -13.7023 19.3
      vertex 32.3836 -14.0047 19.3
    endloop
  endfacet
  facet normal 0 0 1
    outer loop
      vertex 32.05 -13.5 19.3
      vertex 32.45 -12.5 19.3
      vertex 32.05 -12.5 19.3
    endloop
  endfacet
  facet normal -0 0 1
    outer loop
      vertex 31.9972 -13.9012 19.3
      vertex 32.3836 -14.0047 19.3
      vertex 32.0367 -13.7023 19.3
    endloop
  endfacet
  facet normal 0 0 1
    outer loop
      vertex 32.3836 -14.0047 19.3
      vertex 31.9972 -13.9012 19.3
      vertex 32.3016 -14.2462 19.3
    endloop
  endfacet
  facet normal -0 0 1
    outer loop
      vertex 31.932 -14.0932 19.3
      vertex 32.3016 -14.2462 19.3
      vertex 31.9972 -13.9012 19.3
    endloop
  endfacet
  facet normal 0 0 1
    outer loop
      vertex 32.3016 -14.2462 19.3
      vertex 31.932 -14.0932 19.3
      vertex 32.1888 -14.475 19.3
    endloop
  endfacet
  facet normal -0 0 1
    outer loop
      vertex 31.8423 -14.275 19.3
      vertex 32.1888 -14.475 19.3
      vertex 31.932 -14.0932 19.3
    endloop
  endfacet
  facet normal 0 0 1
    outer loop
      vertex 32.1888 -14.475 19.3
      vertex 31.8423 -14.275 19.3
      vertex 32.047 -14.6871 19.3
    endloop
  endfacet
  facet normal -0 0 1
    outer loop
      vertex 31.7297 -14.4436 19.3
      vertex 32.047 -14.6871 19.3
      vertex 31.8423 -14.275 19.3
    endloop
  endfacet
  facet normal 0 0 1
    outer loop
      vertex 32.047 -14.6871 19.3
      vertex 31.7297 -14.4436 19.3
      vertex 31.8789 -14.8789 19.3
    endloop
  endfacet
  facet normal -0 0 1
    outer loop
      vertex 31.596 -14.596 19.3
      vertex 31.8789 -14.8789 19.3
      vertex 31.7297 -14.4436 19.3
    endloop
  endfacet
  facet normal 0 0 1
    outer loop
      vertex 31.8789 -14.8789 19.3
      vertex 31.596 -14.596 19.3
      vertex 31.6871 -15.047 19.3
    endloop
  endfacet
  facet normal -0 0 1
    outer loop
      vertex 31.4436 -14.7297 19.3
      vertex 31.6871 -15.047 19.3
      vertex 31.596 -14.596 19.3
    endloop
  endfacet
  facet normal 0 0 1
    outer loop
      vertex 31.6871 -15.047 19.3
      vertex 31.4436 -14.7297 19.3
      vertex 31.475 -15.1888 19.3
    endloop
  endfacet
  facet normal -0 0 1
    outer loop
      vertex 31.275 -14.8423 19.3
      vertex 31.475 -15.1888 19.3
      vertex 31.4436 -14.7297 19.3
    endloop
  endfacet
  facet normal 0 0 1
    outer loop
      vertex 31.275 -14.8423 19.3
      vertex 31.2462 -15.3016 19.3
      vertex 31.475 -15.1888 19.3
    endloop
  endfacet
  facet normal -0 0 1
    outer loop
      vertex 31.0932 -14.932 19.3
      vertex 31.2462 -15.3016 19.3
      vertex 31.275 -14.8423 19.3
    endloop
  endfacet
  facet normal 0 0 1
    outer loop
      vertex 31.0932 -14.932 19.3
      vertex 31.0047 -15.3836 19.3
      vertex 31.2462 -15.3016 19.3
    endloop
  endfacet
  facet normal -0 0 1
    outer loop
      vertex 30.9012 -14.9972 19.3
      vertex 31.0047 -15.3836 19.3
      vertex 31.0932 -14.932 19.3
    endloop
  endfacet
  facet normal 0 0 1
    outer loop
      vertex 30.9012 -14.9972 19.3
      vertex 30.7545 -15.4333 19.3
      vertex 31.0047 -15.3836 19.3
    endloop
  endfacet
  facet normal -0 0 1
    outer loop
      vertex 30.7023 -15.0367 19.3
      vertex 30.7545 -15.4333 19.3
      vertex 30.9012 -14.9972 19.3
    endloop
  endfacet
  facet normal -0 0 1
    outer loop
      vertex 30.5 -15.05 19.3
      vertex 30.7545 -15.4333 19.3
      vertex 30.7023 -15.0367 19.3
    endloop
  endfacet
  facet normal 0 0 1
    outer loop
      vertex 30.5 -15.05 19.3
      vertex 30.5 -15.45 19.3
      vertex 30.7545 -15.4333 19.3
    endloop
  endfacet
  facet normal -0 0 1
    outer loop
      vertex 20.55 -15.05 19.3
      vertex 30.5 -15.45 19.3
      vertex 30.5 -15.05 19.3
    endloop
  endfacet
  facet normal 0 0 1
    outer loop
      vertex 30.5 -15.45 19.3
      vertex 20.55 -15.05 19.3
      vertex 20.55 -15.45 19.3
    endloop
  endfacet
  facet normal 0 0 1
    outer loop
      vertex 31.8423 14.275 19.3
      vertex 32.1888 14.475 19.3
      vertex 32.047 14.6871 19.3
    endloop
  endfacet
  facet normal 0 0 1
    outer loop
      vertex 32.1888 14.475 19.3
      vertex 32.0367 13.7023 19.3
      vertex 32.05 13.5 19.3
    endloop
  endfacet
  facet normal 0 0 1
    outer loop
      vertex 32.1888 14.475 19.3
      vertex 31.9972 13.9012 19.3
      vertex 32.0367 13.7023 19.3
    endloop
  endfacet
  facet normal 0 0 1
    outer loop
      vertex 32.1888 14.475 19.3
      vertex 31.932 14.0932 19.3
      vertex 31.9972 13.9012 19.3
    endloop
  endfacet
  facet normal 0 0 1
    outer loop
      vertex 31.7297 14.4436 19.3
      vertex 32.047 14.6871 19.3
      vertex 31.8789 14.8789 19.3
    endloop
  endfacet
  facet normal 0 0 1
    outer loop
      vertex 32.1888 14.475 19.3
      vertex 31.8423 14.275 19.3
      vertex 31.932 14.0932 19.3
    endloop
  endfacet
  facet normal 0 0 1
    outer loop
      vertex 32.047 14.6871 19.3
      vertex 31.7297 14.4436 19.3
      vertex 31.8423 14.275 19.3
    endloop
  endfacet
  facet normal 0 0 1
    outer loop
      vertex 31.596 14.596 19.3
      vertex 31.8789 14.8789 19.3
      vertex 31.6871 15.047 19.3
    endloop
  endfacet
  facet normal 0 0 1
    outer loop
      vertex 31.8789 14.8789 19.3
      vertex 31.596 14.596 19.3
      vertex 31.7297 14.4436 19.3
    endloop
  endfacet
  facet normal 0 0 1
    outer loop
      vertex 31.4436 14.7297 19.3
      vertex 31.6871 15.047 19.3
      vertex 31.475 15.1888 19.3
    endloop
  endfacet
  facet normal 0 0 1
    outer loop
      vertex 31.6871 15.047 19.3
      vertex 31.4436 14.7297 19.3
      vertex 31.596 14.596 19.3
    endloop
  endfacet
  facet normal 0 0 1
    outer loop
      vertex 31.475 15.1888 19.3
      vertex 31.275 14.8423 19.3
      vertex 31.4436 14.7297 19.3
    endloop
  endfacet
  facet normal 0 0 1
    outer loop
      vertex 31.2462 15.3016 19.3
      vertex 31.275 14.8423 19.3
      vertex 31.475 15.1888 19.3
    endloop
  endfacet
  facet normal 0 0 1
    outer loop
      vertex 31.2462 15.3016 19.3
      vertex 31.0932 14.932 19.3
      vertex 31.275 14.8423 19.3
    endloop
  endfacet
  facet normal 0 0 1
    outer loop
      vertex 31.0047 15.3836 19.3
      vertex 31.0932 14.932 19.3
      vertex 31.2462 15.3016 19.3
    endloop
  endfacet
  facet normal 0 0 1
    outer loop
      vertex 31.0047 15.3836 19.3
      vertex 30.9012 14.9972 19.3
      vertex 31.0932 14.932 19.3
    endloop
  endfacet
  facet normal 0 0 1
    outer loop
      vertex 30.7545 15.4333 19.3
      vertex 30.9012 14.9972 19.3
      vertex 31.0047 15.3836 19.3
    endloop
  endfacet
  facet normal 0 0 1
    outer loop
      vertex 30.7545 15.4333 19.3
      vertex 30.7023 15.0367 19.3
      vertex 30.9012 14.9972 19.3
    endloop
  endfacet
  facet normal 0 0 1
    outer loop
      vertex 30.5 15.45 19.3
      vertex 30.7023 15.0367 19.3
      vertex 30.7545 15.4333 19.3
    endloop
  endfacet
  facet normal 0 0 1
    outer loop
      vertex 30.5 15.45 19.3
      vertex 30.5 15.05 19.3
      vertex 30.7023 15.0367 19.3
    endloop
  endfacet
  facet normal -0 0 1
    outer loop
      vertex 20.55 15.45 19.3
      vertex 30.5 15.05 19.3
      vertex 30.5 15.45 19.3
    endloop
  endfacet
  facet normal 0 0 1
    outer loop
      vertex 30.5 15.05 19.3
      vertex 20.55 15.45 19.3
      vertex 20.55 15.05 19.3
    endloop
  endfacet
  facet normal 0 0 1
    outer loop
      vertex 32.05 13.5 19.3
      vertex 32.45 13.5 19.3
      vertex 32.4333 13.7545 19.3
    endloop
  endfacet
  facet normal 0 0 1
    outer loop
      vertex 32.05 13.5 19.3
      vertex 32.4333 13.7545 19.3
      vertex 32.3836 14.0047 19.3
    endloop
  endfacet
  facet normal 0 0 1
    outer loop
      vertex 32.05 13.5 19.3
      vertex 32.3836 14.0047 19.3
      vertex 32.3016 14.2462 19.3
    endloop
  endfacet
  facet normal 0 0 1
    outer loop
      vertex 32.05 13.5 19.3
      vertex 32.3016 14.2462 19.3
      vertex 32.1888 14.475 19.3
    endloop
  endfacet
  facet normal 0 0 1
    outer loop
      vertex 32.45 13.5 19.3
      vertex 32.05 13.5 19.3
      vertex 32.45 12.5 19.3
    endloop
  endfacet
  facet normal 0 0 1
    outer loop
      vertex 32.45 12.5 19.3
      vertex 32.05 13.5 19.3
      vertex 32.05 12.5 19.3
    endloop
  endfacet
  facet normal -0 0 1
    outer loop
      vertex -19.75 -15.05 19.3
      vertex -11.75 -15.45 19.3
      vertex -11.75 -15.05 19.3
    endloop
  endfacet
  facet normal 0 0 1
    outer loop
      vertex -11.75 -15.45 19.3
      vertex -19.75 -15.05 19.3
      vertex -19.75 -15.45 19.3
    endloop
  endfacet
  facet normal -0 0 1
    outer loop
      vertex -10.95 -15.05 19.3
      vertex 10.95 -15.45 19.3
      vertex 10.95 -15.05 19.3
    endloop
  endfacet
  facet normal 0 0 1
    outer loop
      vertex 10.95 -15.45 19.3
      vertex -10.95 -15.05 19.3
      vertex -10.95 -15.45 19.3
    endloop
  endfacet
  facet normal -0 0 1
    outer loop
      vertex 11.75 -15.05 19.3
      vertex 19.75 -15.45 19.3
      vertex 19.75 -15.05 19.3
    endloop
  endfacet
  facet normal 0 0 1
    outer loop
      vertex 19.75 -15.45 19.3
      vertex 11.75 -15.05 19.3
      vertex 11.75 -15.45 19.3
    endloop
  endfacet
  facet normal -0 0 1
    outer loop
      vertex -19.75 15.45 19.3
      vertex -11.75 15.05 19.3
      vertex -11.75 15.45 19.3
    endloop
  endfacet
  facet normal 0 0 1
    outer loop
      vertex -11.75 15.05 19.3
      vertex -19.75 15.45 19.3
      vertex -19.75 15.05 19.3
    endloop
  endfacet
  facet normal -0 0 1
    outer loop
      vertex -10.95 15.45 19.3
      vertex 10.95 15.05 19.3
      vertex 10.95 15.45 19.3
    endloop
  endfacet
  facet normal 0 0 1
    outer loop
      vertex 10.95 15.05 19.3
      vertex -10.95 15.45 19.3
      vertex -10.95 15.05 19.3
    endloop
  endfacet
  facet normal -0 0 1
    outer loop
      vertex 11.75 15.45 19.3
      vertex 19.75 15.05 19.3
      vertex 19.75 15.45 19.3
    endloop
  endfacet
  facet normal 0 0 1
    outer loop
      vertex 19.75 15.05 19.3
      vertex 11.75 15.45 19.3
      vertex 11.75 15.05 19.3
    endloop
  endfacet
  facet normal -0 0 1
    outer loop
      vertex 31.75 12.5 16.3
      vertex 32.55 -12.5 16.3
      vertex 32.55 12.5 16.3
    endloop
  endfacet
  facet normal 0 0 1
    outer loop
      vertex 32.55 -12.5 16.3
      vertex 31.75 12.5 16.3
      vertex 31.75 -12.5 16.3
    endloop
  endfacet
  facet normal 0 1 0
    outer loop
      vertex 32.55 -12.5 19.2
      vertex 32.05 -12.5 19.3
      vertex 32.45 -12.5 19.3
    endloop
  endfacet
  facet normal 0 1 0
    outer loop
      vertex 32.55 -12.5 19.2
      vertex 31.75 -12.5 18.99
      vertex 32.05 -12.5 19.3
    endloop
  endfacet
  facet normal 0 1 -0
    outer loop
      vertex 32.55 -12.5 16.3
      vertex 31.75 -12.5 18.99
      vertex 32.55 -12.5 19.2
    endloop
  endfacet
  facet normal 0 1 0
    outer loop
      vertex 31.75 -12.5 18.99
      vertex 32.55 -12.5 16.3
      vertex 31.75 -12.5 16.3
    endloop
  endfacet
  facet normal 0 -1 0
    outer loop
      vertex 32.05 12.5 19.3
      vertex 32.55 12.5 19.2
      vertex 32.45 12.5 19.3
    endloop
  endfacet
  facet normal 0 -1 0
    outer loop
      vertex 31.75 12.5 18.99
      vertex 32.55 12.5 19.2
      vertex 32.05 12.5 19.3
    endloop
  endfacet
  facet normal 0 -1 0
    outer loop
      vertex 32.55 12.5 16.3
      vertex 31.75 12.5 18.99
      vertex 31.75 12.5 16.3
    endloop
  endfacet
  facet normal 0 -1 0
    outer loop
      vertex 31.75 12.5 18.99
      vertex 32.55 12.5 16.3
      vertex 32.55 12.5 19.2
    endloop
  endfacet
  facet normal 0.707107 0 0.707107
    outer loop
      vertex 32.55 12.5 16.3
      vertex 32.95 -12.9 15.9
      vertex 32.95 12.9 15.9
    endloop
  endfacet
  facet normal 0.707107 0 0.707107
    outer loop
      vertex 32.95 -12.9 15.9
      vertex 32.55 12.5 16.3
      vertex 32.55 -12.5 16.3
    endloop
  endfacet
  facet normal 0.707107 0.707107 0
    outer loop
      vertex 32.95 -12.9 18.8
      vertex 32.55 -12.5 16.3
      vertex 32.55 -12.5 19.2
    endloop
  endfacet
  facet normal 0.707107 0.707107 0
    outer loop
      vertex 32.55 -12.5 16.3
      vertex 32.95 -12.9 18.8
      vertex 32.95 -12.9 15.9
    endloop
  endfacet
  facet normal 0.707107 -0.707107 0
    outer loop
      vertex 32.55 12.5 16.3
      vertex 32.95 12.9 18.8
      vertex 32.55 12.5 19.2
    endloop
  endfacet
  facet normal 0.707107 -0.707107 0
    outer loop
      vertex 32.95 12.9 18.8
      vertex 32.55 12.5 16.3
      vertex 32.95 12.9 15.9
    endloop
  endfacet
  facet normal 0 -0.752577 -0.658505
    outer loop
      vertex -19.75 14.75 17.28
      vertex -11.75 14.05 18.08
      vertex -19.75 14.05 18.08
    endloop
  endfacet
  facet normal 0 -0.752577 -0.658505
    outer loop
      vertex -11.75 14.05 18.08
      vertex -19.75 14.75 17.28
      vertex -11.75 14.75 17.28
    endloop
  endfacet
  facet normal 0 -1 0
    outer loop
      vertex -19.75 14.05 18.08
      vertex -11.75 14.05 18.1
      vertex -19.75 14.05 18.1
    endloop
  endfacet
  facet normal 0 -1 -0
    outer loop
      vertex -11.75 14.05 18.1
      vertex -19.75 14.05 18.08
      vertex -11.75 14.05 18.08
    endloop
  endfacet
  facet normal 0 -0.752577 0.658505
    outer loop
      vertex -19.75 14.05 18.1
      vertex -11.75 14.75 18.9
      vertex -19.75 14.75 18.9
    endloop
  endfacet
  facet normal 0 -0.752577 0.658505
    outer loop
      vertex -11.75 14.75 18.9
      vertex -19.75 14.05 18.1
      vertex -11.75 14.05 18.1
    endloop
  endfacet
  facet normal 0 0.752577 0.658505
    outer loop
      vertex -11.75 -14.05 18.1
      vertex -19.75 -14.75 18.9
      vertex -11.75 -14.75 18.9
    endloop
  endfacet
  facet normal 0 0.752577 0.658505
    outer loop
      vertex -19.75 -14.75 18.9
      vertex -11.75 -14.05 18.1
      vertex -19.75 -14.05 18.1
    endloop
  endfacet
  facet normal 0 0.752577 -0.658505
    outer loop
      vertex -11.75 -14.75 17.28
      vertex -19.75 -14.05 18.08
      vertex -11.75 -14.05 18.08
    endloop
  endfacet
  facet normal 0 0.752577 -0.658505
    outer loop
      vertex -19.75 -14.05 18.08
      vertex -11.75 -14.75 17.28
      vertex -19.75 -14.75 17.28
    endloop
  endfacet
  facet normal 0 1 -0
    outer loop
      vertex -11.75 -14.05 18.08
      vertex -19.75 -14.05 18.1
      vertex -11.75 -14.05 18.1
    endloop
  endfacet
  facet normal 0 1 0
    outer loop
      vertex -19.75 -14.05 18.1
      vertex -11.75 -14.05 18.08
      vertex -19.75 -14.05 18.08
    endloop
  endfacet
  facet normal 0 -1 0
    outer loop
      vertex 11.75 14.05 18.08
      vertex 19.75 14.05 18.1
      vertex 11.75 14.05 18.1
    endloop
  endfacet
  facet normal 0 -1 -0
    outer loop
      vertex 19.75 14.05 18.1
      vertex 11.75 14.05 18.08
      vertex 19.75 14.05 18.08
    endloop
  endfacet
  facet normal 0 -0.752577 -0.658505
    outer loop
      vertex 11.75 14.75 17.28
      vertex 19.75 14.05 18.08
      vertex 11.75 14.05 18.08
    endloop
  endfacet
  facet normal 0 -0.752577 -0.658505
    outer loop
      vertex 19.75 14.05 18.08
      vertex 11.75 14.75 17.28
      vertex 19.75 14.75 17.28
    endloop
  endfacet
  facet normal 0 -0.752577 0.658505
    outer loop
      vertex 11.75 14.05 18.1
      vertex 19.75 14.75 18.9
      vertex 11.75 14.75 18.9
    endloop
  endfacet
  facet normal 0 -0.752577 0.658505
    outer loop
      vertex 19.75 14.75 18.9
      vertex 11.75 14.05 18.1
      vertex 19.75 14.05 18.1
    endloop
  endfacet
  facet normal 0 0.752577 0.658505
    outer loop
      vertex 19.75 -14.05 18.1
      vertex 11.75 -14.75 18.9
      vertex 19.75 -14.75 18.9
    endloop
  endfacet
  facet normal 0 0.752577 0.658505
    outer loop
      vertex 11.75 -14.75 18.9
      vertex 19.75 -14.05 18.1
      vertex 11.75 -14.05 18.1
    endloop
  endfacet
  facet normal 0 0.752577 -0.658505
    outer loop
      vertex 19.75 -14.75 17.28
      vertex 11.75 -14.05 18.08
      vertex 19.75 -14.05 18.08
    endloop
  endfacet
  facet normal 0 0.752577 -0.658505
    outer loop
      vertex 11.75 -14.05 18.08
      vertex 19.75 -14.75 17.28
      vertex 11.75 -14.75 17.28
    endloop
  endfacet
  facet normal 0 1 -0
    outer loop
      vertex 19.75 -14.05 18.08
      vertex 11.75 -14.05 18.1
      vertex 19.75 -14.05 18.1
    endloop
  endfacet
  facet normal 0 1 0
    outer loop
      vertex 11.75 -14.05 18.1
      vertex 19.75 -14.05 18.08
      vertex 11.75 -14.05 18.08
    endloop
  endfacet
  facet normal -0.997851 -0.0655249 -0
    outer loop
      vertex -32.95 -13.5 9.3
      vertex -32.95 -13.5 8.3
      vertex -32.929 -13.8198 9.3
    endloop
  endfacet
  facet normal -0.195036 0.980796 0
    outer loop
      vertex -31.1341 15.8665 8.29998
      vertex -31.1341 15.8665 8.3
      vertex -30.8198 15.929 8.3
    endloop
  endfacet
  facet normal -0.195036 0.980796 0
    outer loop
      vertex -31.1341 15.8665 8.3
      vertex -31.1341 15.8665 9.3
      vertex -30.8198 15.929 9.3
    endloop
  endfacet
  facet normal 0.195036 -0.980796 0
    outer loop
      vertex 31.1341 -15.8665 8.3
      vertex 30.8198 -15.929 9.3
      vertex 30.8198 -15.929 8.3
    endloop
  endfacet
  facet normal -1 0 0
    outer loop
      vertex -32.95 -13.5 8.3
      vertex -32.95 13.5 9.3
      vertex -32.95 13.5 8.3
    endloop
  endfacet
  facet normal -1 -0 0
    outer loop
      vertex -32.95 13.5 9.3
      vertex -32.95 -13.5 8.3
      vertex -32.95 -13.5 9.3
    endloop
  endfacet
  facet normal -0.692086 0.462206 -0.55442
    outer loop
      vertex -32.4428 14.6217 7.69124
      vertex -32.4918 14.65 7.776
      vertex -32.4239 14.65 7.69124
    endloop
  endfacet
  facet normal -0.739273 0.648437 0.181673
    outer loop
      vertex -32.2326 15.2322 8.2999
      vertex -32.4437 14.9915 8.3
      vertex -32.2324 15.2324 8.3
    endloop
  endfacet
  facet normal 0.0655249 0.997851 0
    outer loop
      vertex 30.8198 15.929 9.3
      vertex 30.5 15.95 8.3
      vertex 30.5 15.95 9.3
    endloop
  endfacet
  facet normal -0.831426 0.555636 0
    outer loop
      vertex -32.6218 14.725 8.3
      vertex -32.6218 14.725 9.3
      vertex -32.4437 14.9915 8.3
    endloop
  endfacet
  facet normal 0.997851 0.0655249 -0
    outer loop
      vertex 32.95 13.5 8.3
      vertex 32.929 13.8198 9.3
      vertex 32.95 13.5 9.3
    endloop
  endfacet
  facet normal -0.555636 0.831426 0
    outer loop
      vertex -31.9915 15.4437 8.3
      vertex -31.9915 15.4437 9.3
      vertex -31.725 15.6218 9.3
    endloop
  endfacet
  facet normal -0.751784 -0.65941 -0
    outer loop
      vertex -32.2324 -15.2324 9.3
      vertex -32.4437 -14.9915 9.3
      vertex -32.2324 -15.2324 8.3
    endloop
  endfacet
  facet normal -0.751784 0.65941 0
    outer loop
      vertex -32.2324 15.2324 8.3
      vertex -32.4437 14.9915 9.3
      vertex -32.2324 15.2324 9.3
    endloop
  endfacet
  facet normal -0.191682 0.0380907 -0.980718
    outer loop
      vertex -32.067 13.7063 7.30856
      vertex -32.1942 13.723 7.33407
      vertex -32.0267 13.9091 7.30856
    endloop
  endfacet
  facet normal 0.946953 0.321371 -0
    outer loop
      vertex 32.8665 14.1341 8.29999
      vertex 32.7635 14.4376 8.3
      vertex 32.8665 14.1341 8.3
    endloop
  endfacet
  facet normal -0.944932 0.320685 -0.0652971
    outer loop
      vertex -32.7556 14.4343 8.16947
      vertex -32.8665 14.1341 8.3
      vertex -32.7635 14.4376 8.3
    endloop
  endfacet
  facet normal -0.980796 -0.195036 -0
    outer loop
      vertex -32.8665 -14.1341 9.3
      vertex -32.929 -13.8198 9.3
      vertex -32.8665 -14.1341 8.3
    endloop
  endfacet
  facet normal -0.321311 0.0210894 -0.946739
    outer loop
      vertex -32.2088 13.5 7.33407
      vertex -32.3327 13.5 7.37612
      vertex -32.317 13.7392 7.37612
    endloop
  endfacet
  facet normal -0.831426 0.555636 0
    outer loop
      vertex -32.4437 14.9915 8.3
      vertex -32.6218 14.725 9.3
      vertex -32.4437 14.9915 9.3
    endloop
  endfacet
  facet normal 0 -1 0
    outer loop
      vertex -30.5 -15.95 8.3
      vertex 30.5 -15.95 9.3
      vertex -30.5 -15.95 9.3
    endloop
  endfacet
  facet normal 0 -1 -0
    outer loop
      vertex 30.5 -15.95 9.3
      vertex -30.5 -15.95 8.3
      vertex 30.5 -15.95 8.3
    endloop
  endfacet
  facet normal 0.0655249 -0.997851 0
    outer loop
      vertex 30.8198 -15.929 9.3
      vertex 30.5 -15.95 8.3
      vertex 30.8198 -15.929 8.3
    endloop
  endfacet
  facet normal 1 -0 0
    outer loop
      vertex 32.95 -13.5 8.3
      vertex 32.95 13.5 8.29996
      vertex 32.95 13.5 8.3
    endloop
  endfacet
  facet normal 1 0 0
    outer loop
      vertex 32.95 13.5 8.29996
      vertex 32.95 -13.5 8.3
      vertex 32.95 -13.5 8.29996
    endloop
  endfacet
  facet normal 1 -0 0
    outer loop
      vertex 32.95 -13.5 9.3
      vertex 32.95 13.5 8.3
      vertex 32.95 13.5 9.3
    endloop
  endfacet
  facet normal 1 0 0
    outer loop
      vertex 32.95 13.5 8.3
      vertex 32.95 -13.5 9.3
      vertex 32.95 -13.5 8.3
    endloop
  endfacet
  facet normal -0.128906 0.14681 -0.980729
    outer loop
      vertex -31.5807 14.65 7.30856
      vertex -31.6176 14.6176 7.30856
      vertex -31.6071 14.65 7.31203
    endloop
  endfacet
  facet normal -0.995701 0.0653838 -0.065602
    outer loop
      vertex -32.9414 13.5 8.16947
      vertex -32.95 13.5 8.3
      vertex -32.929 13.8198 8.3
    endloop
  endfacet
  facet normal -0.65941 0.751784 0
    outer loop
      vertex -31.9915 15.4437 8.3
      vertex -32.2324 15.2324 8.3
      vertex -31.9915 15.4437 9.3
    endloop
  endfacet
  facet normal -0.321371 0.946953 0
    outer loop
      vertex -31.1341 15.8665 8.3
      vertex -31.4376 15.7635 9.3
      vertex -31.1341 15.8665 9.3
    endloop
  endfacet
  facet normal -0.0588211 0.0290129 -0.997847
    outer loop
      vertex -31.8396 14.0549 7.3
      vertex -31.9602 14.1048 7.30856
      vertex -31.7557 14.225 7.3
    endloop
  endfacet
  facet normal 0 0 0
    outer loop
      vertex -31.1341 15.8665 8.3
      vertex -31.1341 15.8665 8.29998
      vertex -31.1341 15.8665 8.29999
    endloop
  endfacet
  facet normal 0.65941 0.751784 -0
    outer loop
      vertex 32.2324 15.2324 8.3
      vertex 31.9915 15.4437 9.3
      vertex 32.2324 15.2324 9.3
    endloop
  endfacet
  facet normal 0 1 -0
    outer loop
      vertex 30.5 15.95 8.29996
      vertex -30.5 15.95 8.3
      vertex 30.5 15.95 8.3
    endloop
  endfacet
  facet normal 0 1 0
    outer loop
      vertex -30.5 15.95 8.3
      vertex 30.5 15.95 8.29996
      vertex -30.5 15.95 8.29996
    endloop
  endfacet
  facet normal -0.545805 0.1085 -0.830858
    outer loop
      vertex -32.4333 13.7545 7.43398
      vertex -32.5411 13.7687 7.50665
      vertex -32.4886 14.0328 7.50665
    endloop
  endfacet
  facet normal 0.751784 0.65941 -0
    outer loop
      vertex 32.2324 15.2324 8.3
      vertex 32.2324 15.2324 9.3
      vertex 32.4437 14.9915 9.3
    endloop
  endfacet
  facet normal -0.65941 -0.751784 -0
    outer loop
      vertex -32.2324 -15.2324 9.3
      vertex -32.2324 -15.2324 8.3
      vertex -31.9915 -15.4437 9.3
    endloop
  endfacet
  facet normal -0.980796 -0.195036 0
    outer loop
      vertex -32.8665 -14.1341 8.3
      vertex -32.929 -13.8198 9.3
      vertex -32.929 -13.8198 8.3
    endloop
  endfacet
  facet normal -0.816164 0.162495 -0.554501
    outer loop
      vertex -32.7242 13.7928 7.69124
      vertex -32.7962 13.8023 7.8
      vertex -32.6669 14.0806 7.69124
    endloop
  endfacet
  facet normal 0.195036 0.980796 -0
    outer loop
      vertex 30.8198 15.929 8.3
      vertex 30.8198 15.929 9.3
      vertex 31.1341 15.8665 8.3
    endloop
  endfacet
  facet normal 0 1 -0
    outer loop
      vertex 30.5 15.95 8.3
      vertex -30.5 15.95 9.3
      vertex 30.5 15.95 9.3
    endloop
  endfacet
  facet normal 0 1 0
    outer loop
      vertex -30.5 15.95 9.3
      vertex 30.5 15.95 8.3
      vertex -30.5 15.95 8.3
    endloop
  endfacet
  facet normal -0.831426 -0.555636 -0
    outer loop
      vertex -32.4437 -14.9915 9.3
      vertex -32.6218 -14.725 9.3
      vertex -32.4437 -14.9915 8.3
    endloop
  endfacet
  facet normal -0.0655249 0.997851 0
    outer loop
      vertex -30.5 15.95 8.3
      vertex -30.8198 15.929 9.3
      vertex -30.5 15.95 9.3
    endloop
  endfacet
  facet normal -0.831426 -0.555636 -0
    outer loop
      vertex -32.4437 -14.9915 8.3
      vertex -32.6218 -14.725 8.3
      vertex -32.4437 -14.9915 8.29999
    endloop
  endfacet
  facet normal -0.267766 -0.178895 -0.94673
    outer loop
      vertex -31.954 -14.6157 7.37612
      vertex -31.9799 -14.3544 7.33407
      vertex -31.8557 -14.5403 7.33407
    endloop
  endfacet
  facet normal -0.321371 0.946953 0
    outer loop
      vertex -31.4376 15.7635 8.3
      vertex -31.4376 15.7635 9.3
      vertex -31.1341 15.8665 8.3
    endloop
  endfacet
  facet normal -0.0655249 0.997851 0
    outer loop
      vertex -30.5 15.95 8.29996
      vertex -30.8198 15.929 8.3
      vertex -30.5 15.95 8.3
    endloop
  endfacet
  facet normal 0.707107 0.707107 -0
    outer loop
      vertex 32.2324 15.2324 8.2999
      vertex 32.2322 15.2326 8.2999
      vertex 32.2324 15.2324 8.3
    endloop
  endfacet
  facet normal -0.978737 -0.194626 -0.0647653
    outer loop
      vertex -32.8665 -14.1341 8.3
      vertex -32.929 -13.8198 8.3
      vertex -32.8583 -14.1319 8.16947
    endloop
  endfacet
  facet normal 0.997851 0.0655249 -0
    outer loop
      vertex 32.929 13.8198 8.3
      vertex 32.929 13.8198 9.3
      vertex 32.95 13.5 8.3
    endloop
  endfacet
  facet normal -0.997851 -0.0655249 -0
    outer loop
      vertex -32.929 -13.8198 9.3
      vertex -32.95 -13.5 8.3
      vertex -32.929 -13.8198 8.3
    endloop
  endfacet
  facet normal -0.978777 0.06388 -0.194717
    outer loop
      vertex -32.8953 13.8153 8.04118
      vertex -32.9414 13.5 8.16947
      vertex -32.9206 13.8187 8.16947
    endloop
  endfacet
  facet normal -0.674952 0.33286 -0.658517
    outer loop
      vertex -32.3681 14.5786 7.59289
      vertex -32.5726 14.3585 7.69124
      vertex -32.4428 14.6217 7.69124
    endloop
  endfacet
  facet normal -0.831721 0 -0.555194
    outer loop
      vertex -32.7434 -13.5 7.69124
      vertex -32.816 13.5 7.8
      vertex -32.7434 13.5 7.69124
    endloop
  endfacet
  facet normal -0.831721 -0 -0.555194
    outer loop
      vertex -32.816 13.5 7.8
      vertex -32.7434 -13.5 7.69124
      vertex -32.816 -13.5 7.8
    endloop
  endfacet
  facet normal -0.0655249 -0.997851 0
    outer loop
      vertex -30.5 -15.95 8.3
      vertex -30.8198 -15.929 9.3
      vertex -30.8198 -15.929 8.3
    endloop
  endfacet
  facet normal -0.894961 -0.441336 -0.0653229
    outer loop
      vertex -32.6563 -14.65 8.26632
      vertex -32.7635 -14.4376 8.3
      vertex -32.7556 -14.4343 8.16947
    endloop
  endfacet
  facet normal -0.894965 -0.441162 -0.0664315
    outer loop
      vertex -32.7635 -14.4376 8.3
      vertex -32.6563 -14.65 8.26632
      vertex -32.6588 -14.65 8.3
    endloop
  endfacet
  facet normal -0.997851 0.0655249 0
    outer loop
      vertex -32.929 13.8198 9.3
      vertex -32.95 13.5 8.3
      vertex -32.95 13.5 9.3
    endloop
  endfacet
  facet normal 0 0 0
    outer loop
      vertex -31.1341 -15.8665 8.3
      vertex -31.1341 -15.8665 8.29999
      vertex -31.1341 -15.8665 8.29998
    endloop
  endfacet
  facet normal -0.73811 -0.146955 -0.658482
    outer loop
      vertex -32.6669 -14.0806 7.69124
      vertex -32.7242 -13.7928 7.69124
      vertex -32.5836 -14.0583 7.59289
    endloop
  endfacet
  facet normal 0.321371 0.946953 -0
    outer loop
      vertex 31.4376 15.7635 8.3
      vertex 31.1341 15.8665 8.3
      vertex 31.4376 15.7635 9.3
    endloop
  endfacet
  facet normal -0.831426 0.555636 0
    outer loop
      vertex -32.4437 14.9915 8.29999
      vertex -32.6218 14.725 8.3
      vertex -32.4437 14.9915 8.3
    endloop
  endfacet
  facet normal -0.321371 -0.946953 0
    outer loop
      vertex -31.1341 -15.8665 8.3
      vertex -31.4376 -15.7635 9.3
      vertex -31.4376 -15.7635 8.3
    endloop
  endfacet
  facet normal -0.946953 -0.321371 -0
    outer loop
      vertex -32.8665 -14.1341 9.3
      vertex -32.8665 -14.1341 8.3
      vertex -32.7635 -14.4376 9.3
    endloop
  endfacet
  facet normal 0.65941 0.751784 -0
    outer loop
      vertex 31.9915 15.4437 8.3
      vertex 31.9915 15.4437 9.3
      vertex 32.2324 15.2324 8.3
    endloop
  endfacet
  facet normal -0.0655249 -0.997851 -0
    outer loop
      vertex -30.5 -15.95 9.3
      vertex -30.8198 -15.929 9.3
      vertex -30.5 -15.95 8.3
    endloop
  endfacet
  facet normal -0.555636 -0.831426 -0
    outer loop
      vertex -31.725 -15.6218 9.3
      vertex -31.9915 -15.4437 8.3
      vertex -31.725 -15.6218 8.3
    endloop
  endfacet
  facet normal -0.321371 0.946953 0
    outer loop
      vertex -31.1341 15.8665 8.29999
      vertex -31.4376 15.7635 8.3
      vertex -31.1341 15.8665 8.3
    endloop
  endfacet
  facet normal 0.739273 0.648437 0.181673
    outer loop
      vertex 32.2326 15.2322 8.2999
      vertex 32.2324 15.2324 8.3
      vertex 32.4437 14.9915 8.3
    endloop
  endfacet
  facet normal -0.65941 0.751784 0
    outer loop
      vertex -31.9915 15.4437 9.3
      vertex -32.2324 15.2324 8.3
      vertex -32.2324 15.2324 9.3
    endloop
  endfacet
  facet normal -0.944895 0.320902 -0.0647677
    outer loop
      vertex -32.8583 14.1319 8.16947
      vertex -32.8665 14.1341 8.3
      vertex -32.7556 14.4343 8.16947
    endloop
  endfacet
  facet normal -0.0654526 0.00428313 -0.997846
    outer loop
      vertex -31.95 13.5 7.3
      vertex -32.0805 13.5 7.30856
      vertex -32.067 13.7063 7.30856
    endloop
  endfacet
  facet normal -0.321382 0 -0.94695
    outer loop
      vertex -32.3327 -13.5 7.37612
      vertex -32.2088 13.5 7.33407
      vertex -32.2088 -13.5 7.33407
    endloop
  endfacet
  facet normal -0.321382 0 -0.94695
    outer loop
      vertex -32.2088 13.5 7.33407
      vertex -32.3327 -13.5 7.37612
      vertex -32.3327 13.5 7.37612
    endloop
  endfacet
  facet normal -0.321371 -0.946953 -0
    outer loop
      vertex -31.1341 -15.8665 9.3
      vertex -31.4376 -15.7635 9.3
      vertex -31.1341 -15.8665 8.3
    endloop
  endfacet
  facet normal -0.946953 -0.321371 -0
    outer loop
      vertex -32.7635 -14.4376 9.3
      vertex -32.8665 -14.1341 8.3
      vertex -32.7635 -14.4376 8.3
    endloop
  endfacet
  facet normal -0.944932 -0.320685 -0.0652971
    outer loop
      vertex -32.7635 -14.4376 8.3
      vertex -32.8665 -14.1341 8.3
      vertex -32.7556 -14.4343 8.16947
    endloop
  endfacet
  facet normal -0.831426 -0.555636 0
    outer loop
      vertex -32.4437 -14.9915 8.3
      vertex -32.6218 -14.725 9.3
      vertex -32.6218 -14.725 8.3
    endloop
  endfacet
  facet normal -0.65941 -0.751784 -0
    outer loop
      vertex -31.9915 -15.4437 9.3
      vertex -32.2324 -15.2324 8.3
      vertex -31.9915 -15.4437 8.3
    endloop
  endfacet
  facet normal 0.555636 -0.831426 0
    outer loop
      vertex 31.9915 -15.4437 8.3
      vertex 31.725 -15.6218 9.3
      vertex 31.725 -15.6218 8.3
    endloop
  endfacet
  facet normal 0.321371 -0.946953 0
    outer loop
      vertex 31.4376 -15.7635 9.3
      vertex 31.1341 -15.8665 8.3
      vertex 31.4376 -15.7635 8.3
    endloop
  endfacet
  facet normal -0.146906 -0.12885 -0.980722
    outer loop
      vertex -31.6176 -14.6176 7.30856
      vertex -31.8557 -14.5403 7.33407
      vertex -31.7539 -14.4622 7.30856
    endloop
  endfacet
  facet normal 0.980796 0.195036 -0
    outer loop
      vertex 32.929 13.8198 8.3
      vertex 32.8665 14.1341 8.3
      vertex 32.929 13.8198 9.3
    endloop
  endfacet
  facet normal 0.980796 0.195036 -0
    outer loop
      vertex 32.8665 14.1341 8.3
      vertex 32.8665 14.1341 9.3
      vertex 32.929 13.8198 9.3
    endloop
  endfacet
  facet normal 0.0655249 0.997851 -0
    outer loop
      vertex 30.8198 15.929 8.3
      vertex 30.5 15.95 8.3
      vertex 30.8198 15.929 9.3
    endloop
  endfacet
  facet normal -0.527082 0.178931 -0.830764
    outer loop
      vertex -32.3836 14.0047 7.43398
      vertex -32.4886 14.0328 7.50665
      vertex -32.402 14.2879 7.50665
    endloop
  endfacet
  facet normal -0.0643279 0.0127964 -0.997847
    outer loop
      vertex -31.9376 13.6893 7.3
      vertex -32.067 13.7063 7.30856
      vertex -31.9006 13.8753 7.3
    endloop
  endfacet
  facet normal -0.9287 -0.315402 -0.195031
    outer loop
      vertex -32.7556 -14.4343 8.16947
      vertex -32.8583 -14.1319 8.16947
      vertex -32.8336 -14.1253 8.04118
    endloop
  endfacet
  facet normal -0.894965 0.441162 -0.0664315
    outer loop
      vertex -32.6563 14.65 8.26632
      vertex -32.7635 14.4376 8.3
      vertex -32.6588 14.65 8.3
    endloop
  endfacet
  facet normal -0.894961 0.441336 -0.0653229
    outer loop
      vertex -32.7635 14.4376 8.3
      vertex -32.6563 14.65 8.26632
      vertex -32.7556 14.4343 8.16947
    endloop
  endfacet
  facet normal -0.995791 0.0649904 -0.0646298
    outer loop
      vertex -32.9206 13.8187 8.16947
      vertex -32.9414 13.5 8.16947
      vertex -32.929 13.8198 8.3
    endloop
  endfacet
  facet normal -0.555636 -0.831426 0
    outer loop
      vertex -31.725 -15.6218 9.3
      vertex -31.9915 -15.4437 9.3
      vertex -31.9915 -15.4437 8.3
    endloop
  endfacet
  facet normal 0 0 0
    outer loop
      vertex 31.1341 15.8665 8.3
      vertex 31.1341 15.8665 8.29999
      vertex 31.1341 15.8665 8.29998
    endloop
  endfacet
  facet normal -0.195036 0.980796 0
    outer loop
      vertex -30.8198 15.929 8.3
      vertex -31.1341 15.8665 8.3
      vertex -30.8198 15.929 9.3
    endloop
  endfacet
  facet normal -0.0655249 0.997851 0
    outer loop
      vertex -30.8198 15.929 8.3
      vertex -30.8198 15.929 9.3
      vertex -30.5 15.95 8.3
    endloop
  endfacet
  facet normal 0.831426 0.555636 -0
    outer loop
      vertex 32.4437 14.9915 8.3
      vertex 32.4437 14.9915 9.3
      vertex 32.6218 14.725 9.3
    endloop
  endfacet
  facet normal 0.831426 0.555636 0
    outer loop
      vertex 32.6218 14.725 8.3
      vertex 32.4437 14.9915 8.29999
      vertex 32.4437 14.9915 8.3
    endloop
  endfacet
  facet normal 0.831426 0.555636 -0
    outer loop
      vertex 32.6218 14.725 8.3
      vertex 32.4437 14.9915 8.3
      vertex 32.6218 14.725 9.3
    endloop
  endfacet
  facet normal -0.499154 0.246086 -0.830835
    outer loop
      vertex -32.3016 14.2462 7.43398
      vertex -32.402 14.2879 7.50665
      vertex -32.1888 14.475 7.43398
    endloop
  endfacet
  facet normal -0.185069 0.0628876 -0.980711
    outer loop
      vertex -32.0267 13.9091 7.30856
      vertex -32.1506 13.9423 7.33407
      vertex -31.9602 14.1048 7.30856
    endloop
  endfacet
  facet normal -0.658338 -0.0430164 -0.751492
    outer loop
      vertex -32.6387 -13.7816 7.59289
      vertex -32.6571 -13.5 7.59289
      vertex -32.5411 -13.7687 7.50665
    endloop
  endfacet
  facet normal -0.947034 0 -0.321132
    outer loop
      vertex -32.8739 -13.5 7.91732
      vertex -32.9159 13.5 8.04118
      vertex -32.8739 13.5 7.91732
    endloop
  endfacet
  facet normal -0.947034 -0 -0.321132
    outer loop
      vertex -32.9159 13.5 8.04118
      vertex -32.8739 -13.5 7.91732
      vertex -32.9159 -13.5 8.04118
    endloop
  endfacet
  facet normal -0.499229 -0.246204 -0.830755
    outer loop
      vertex -32.2829 -14.5294 7.50665
      vertex -32.402 -14.2879 7.50665
      vertex -32.1888 -14.475 7.43398
    endloop
  endfacet
  facet normal -0.739273 -0.648437 0.181673
    outer loop
      vertex -32.2324 -15.2324 8.3
      vertex -32.4437 -14.9915 8.3
      vertex -32.2326 -15.2322 8.2999
    endloop
  endfacet
  facet normal -0.195036 -0.980796 -0
    outer loop
      vertex -30.8198 -15.929 9.3
      vertex -31.1341 -15.8665 8.3
      vertex -30.8198 -15.929 8.3
    endloop
  endfacet
  facet normal 0.997851 -0.0655249 0
    outer loop
      vertex 32.95 -13.5 9.3
      vertex 32.929 -13.8198 9.3
      vertex 32.95 -13.5 8.3
    endloop
  endfacet
  facet normal -0.980796 0.195036 0
    outer loop
      vertex -32.8665 14.1341 8.3
      vertex -32.929 13.8198 9.3
      vertex -32.8665 14.1341 9.3
    endloop
  endfacet
  facet normal -0.751784 -0.65941 0
    outer loop
      vertex -32.2324 -15.2324 8.3
      vertex -32.4437 -14.9915 9.3
      vertex -32.4437 -14.9915 8.3
    endloop
  endfacet
  facet normal -0.894894 -0.441431 -0.065604
    outer loop
      vertex -32.6563 -14.65 8.26632
      vertex -32.7556 -14.4343 8.16947
      vertex -32.6492 -14.65 8.16947
    endloop
  endfacet
  facet normal 0.997851 -0.0655249 0
    outer loop
      vertex 32.95 -13.5 8.3
      vertex 32.929 -13.8198 8.3
      vertex 32.95 -13.5 8.29996
    endloop
  endfacet
  facet normal 0.0655249 -0.997851 0
    outer loop
      vertex 30.8198 -15.929 9.3
      vertex 30.5 -15.95 9.3
      vertex 30.5 -15.95 8.3
    endloop
  endfacet
  facet normal 0.648437 -0.739273 0.181673
    outer loop
      vertex 32.2324 -15.2324 8.3
      vertex 31.9915 -15.4437 8.3
      vertex 32.2322 -15.2326 8.2999
    endloop
  endfacet
  facet normal -0.946953 0.321371 0
    outer loop
      vertex -32.7635 14.4376 9.3
      vertex -32.8665 14.1341 8.3
      vertex -32.8665 14.1341 9.3
    endloop
  endfacet
  facet normal 0.555636 0.831426 -0
    outer loop
      vertex 31.725 15.6218 8.3
      vertex 31.725 15.6218 9.3
      vertex 31.9915 15.4437 8.3
    endloop
  endfacet
  facet normal 0.555636 0.831426 -0
    outer loop
      vertex 31.9915 15.4437 8.3
      vertex 31.725 15.6218 9.3
      vertex 31.9915 15.4437 9.3
    endloop
  endfacet
  facet normal 0.707107 0.707107 0
    outer loop
      vertex 32.2326 15.2322 8.2999
      vertex 32.2324 15.2324 8.2999
      vertex 32.2324 15.2324 8.3
    endloop
  endfacet
  facet normal -0.946953 0.321371 0
    outer loop
      vertex -32.7635 14.4376 8.3
      vertex -32.8665 14.1341 8.3
      vertex -32.7635 14.4376 9.3
    endloop
  endfacet
  facet normal 0 0 1
    outer loop
      vertex 30.5 14.75 9.3
      vertex 31.75 13.5 9.3
      vertex 31.7393 13.6632 9.3
    endloop
  endfacet
  facet normal 0 0 1
    outer loop
      vertex 31.75 13.5 9.3
      vertex 30.5 14.75 9.3
      vertex 31.75 -13.5 9.3
    endloop
  endfacet
  facet normal 0 0 1
    outer loop
      vertex 30.5 14.75 9.3
      vertex 31.7393 13.6632 9.3
      vertex 31.7074 13.8235 9.3
    endloop
  endfacet
  facet normal 0 0 1
    outer loop
      vertex 30.5 -14.75 9.3
      vertex 31.75 -13.5 9.3
      vertex 30.5 14.75 9.3
    endloop
  endfacet
  facet normal 0 0 1
    outer loop
      vertex 30.5 14.75 9.3
      vertex 31.7074 13.8235 9.3
      vertex 31.6548 13.9783 9.3
    endloop
  endfacet
  facet normal 0 0 1
    outer loop
      vertex 31.75 -13.5 9.3
      vertex 30.5 -14.75 9.3
      vertex 31.7393 -13.6632 9.3
    endloop
  endfacet
  facet normal 0 0 1
    outer loop
      vertex 30.5 14.75 9.3
      vertex 31.6548 13.9783 9.3
      vertex 31.5825 14.125 9.3
    endloop
  endfacet
  facet normal 0 0 1
    outer loop
      vertex 31.7393 -13.6632 9.3
      vertex 30.5 -14.75 9.3
      vertex 31.7074 -13.8235 9.3
    endloop
  endfacet
  facet normal 0 0 1
    outer loop
      vertex 30.5 14.75 9.3
      vertex 31.5825 14.125 9.3
      vertex 31.4917 14.261 9.3
    endloop
  endfacet
  facet normal 0 0 1
    outer loop
      vertex 31.7074 -13.8235 9.3
      vertex 30.5 -14.75 9.3
      vertex 31.6548 -13.9783 9.3
    endloop
  endfacet
  facet normal 0 0 1
    outer loop
      vertex 30.5 14.75 9.3
      vertex 31.4917 14.261 9.3
      vertex 31.3839 14.3839 9.3
    endloop
  endfacet
  facet normal 0 0 1
    outer loop
      vertex 31.6548 -13.9783 9.3
      vertex 30.5 -14.75 9.3
      vertex 31.5825 -14.125 9.3
    endloop
  endfacet
  facet normal 0 0 1
    outer loop
      vertex 30.5 14.75 9.3
      vertex 31.3839 14.3839 9.3
      vertex 31.261 14.4917 9.3
    endloop
  endfacet
  facet normal 0 0 1
    outer loop
      vertex 31.5825 -14.125 9.3
      vertex 30.5 -14.75 9.3
      vertex 31.4917 -14.261 9.3
    endloop
  endfacet
  facet normal 0 0 1
    outer loop
      vertex 30.5 14.75 9.3
      vertex 31.261 14.4917 9.3
      vertex 31.125 14.5825 9.3
    endloop
  endfacet
  facet normal 0 0 1
    outer loop
      vertex 31.4917 -14.261 9.3
      vertex 30.5 -14.75 9.3
      vertex 31.3839 -14.3839 9.3
    endloop
  endfacet
  facet normal 0 0 1
    outer loop
      vertex 30.5 14.75 9.3
      vertex 31.125 14.5825 9.3
      vertex 30.9783 14.6548 9.3
    endloop
  endfacet
  facet normal 0 0 1
    outer loop
      vertex 31.3839 -14.3839 9.3
      vertex 30.5 -14.75 9.3
      vertex 31.261 -14.4917 9.3
    endloop
  endfacet
  facet normal 0 0 1
    outer loop
      vertex 30.5 14.75 9.3
      vertex 30.9783 14.6548 9.3
      vertex 30.8235 14.7074 9.3
    endloop
  endfacet
  facet normal 0 0 1
    outer loop
      vertex 31.261 -14.4917 9.3
      vertex 30.5 -14.75 9.3
      vertex 31.125 -14.5825 9.3
    endloop
  endfacet
  facet normal 0 0 1
    outer loop
      vertex 30.5 14.75 9.3
      vertex 30.8235 14.7074 9.3
      vertex 30.6632 14.7393 9.3
    endloop
  endfacet
  facet normal 0 0 1
    outer loop
      vertex 31.125 -14.5825 9.3
      vertex 30.5 -14.75 9.3
      vertex 30.9783 -14.6548 9.3
    endloop
  endfacet
  facet normal 0 0 1
    outer loop
      vertex 30.9783 -14.6548 9.3
      vertex 30.5 -14.75 9.3
      vertex 30.8235 -14.7074 9.3
    endloop
  endfacet
  facet normal 0 0 1
    outer loop
      vertex 30.8235 -14.7074 9.3
      vertex 30.5 -14.75 9.3
      vertex 30.6632 -14.7393 9.3
    endloop
  endfacet
  facet normal -0 0 1
    outer loop
      vertex -30.5 14.75 9.3
      vertex 30.5 -14.75 9.3
      vertex 30.5 14.75 9.3
    endloop
  endfacet
  facet normal 0 0 1
    outer loop
      vertex -30.5 14.75 9.3
      vertex -30.5 -14.75 9.3
      vertex 30.5 -14.75 9.3
    endloop
  endfacet
  facet normal 0 0 1
    outer loop
      vertex -31.75 13.5 9.3
      vertex -30.5 14.75 9.3
      vertex -30.6632 14.7393 9.3
    endloop
  endfacet
  facet normal 0 0 1
    outer loop
      vertex -30.5 14.75 9.3
      vertex -31.75 13.5 9.3
      vertex -30.5 -14.75 9.3
    endloop
  endfacet
  facet normal 0 0 1
    outer loop
      vertex -31.75 13.5 9.3
      vertex -30.6632 14.7393 9.3
      vertex -30.8235 14.7074 9.3
    endloop
  endfacet
  facet normal -0 0 1
    outer loop
      vertex -31.75 -13.5 9.3
      vertex -30.5 -14.75 9.3
      vertex -31.75 13.5 9.3
    endloop
  endfacet
  facet normal 0 0 1
    outer loop
      vertex -31.75 13.5 9.3
      vertex -30.8235 14.7074 9.3
      vertex -30.9783 14.6548 9.3
    endloop
  endfacet
  facet normal 0 0 1
    outer loop
      vertex -30.5 -14.75 9.3
      vertex -31.75 -13.5 9.3
      vertex -30.6632 -14.7393 9.3
    endloop
  endfacet
  facet normal 0 0 1
    outer loop
      vertex -31.75 13.5 9.3
      vertex -30.9783 14.6548 9.3
      vertex -31.125 14.5825 9.3
    endloop
  endfacet
  facet normal 0 0 1
    outer loop
      vertex -30.6632 -14.7393 9.3
      vertex -31.75 -13.5 9.3
      vertex -30.8235 -14.7074 9.3
    endloop
  endfacet
  facet normal 0 0 1
    outer loop
      vertex -31.75 13.5 9.3
      vertex -31.125 14.5825 9.3
      vertex -31.261 14.4917 9.3
    endloop
  endfacet
  facet normal 0 0 1
    outer loop
      vertex -30.8235 -14.7074 9.3
      vertex -31.75 -13.5 9.3
      vertex -30.9783 -14.6548 9.3
    endloop
  endfacet
  facet normal 0 0 1
    outer loop
      vertex -31.75 13.5 9.3
      vertex -31.261 14.4917 9.3
      vertex -31.3839 14.3839 9.3
    endloop
  endfacet
  facet normal 0 0 1
    outer loop
      vertex -30.9783 -14.6548 9.3
      vertex -31.75 -13.5 9.3
      vertex -31.125 -14.5825 9.3
    endloop
  endfacet
  facet normal 0 0 1
    outer loop
      vertex -31.75 13.5 9.3
      vertex -31.3839 14.3839 9.3
      vertex -31.4917 14.261 9.3
    endloop
  endfacet
  facet normal 0 0 1
    outer loop
      vertex -31.125 -14.5825 9.3
      vertex -31.75 -13.5 9.3
      vertex -31.261 -14.4917 9.3
    endloop
  endfacet
  facet normal 0 0 1
    outer loop
      vertex -31.75 13.5 9.3
      vertex -31.4917 14.261 9.3
      vertex -31.5825 14.125 9.3
    endloop
  endfacet
  facet normal 0 0 1
    outer loop
      vertex -31.261 -14.4917 9.3
      vertex -31.75 -13.5 9.3
      vertex -31.3839 -14.3839 9.3
    endloop
  endfacet
  facet normal 0 0 1
    outer loop
      vertex -31.75 13.5 9.3
      vertex -31.5825 14.125 9.3
      vertex -31.6548 13.9783 9.3
    endloop
  endfacet
  facet normal 0 0 1
    outer loop
      vertex -31.3839 -14.3839 9.3
      vertex -31.75 -13.5 9.3
      vertex -31.4917 -14.261 9.3
    endloop
  endfacet
  facet normal 0 0 1
    outer loop
      vertex -31.75 13.5 9.3
      vertex -31.6548 13.9783 9.3
      vertex -31.7074 13.8235 9.3
    endloop
  endfacet
  facet normal 0 0 1
    outer loop
      vertex -31.4917 -14.261 9.3
      vertex -31.75 -13.5 9.3
      vertex -31.5825 -14.125 9.3
    endloop
  endfacet
  facet normal 0 0 1
    outer loop
      vertex -31.75 13.5 9.3
      vertex -31.7074 13.8235 9.3
      vertex -31.7393 13.6632 9.3
    endloop
  endfacet
  facet normal 0 0 1
    outer loop
      vertex -31.5825 -14.125 9.3
      vertex -31.75 -13.5 9.3
      vertex -31.6548 -13.9783 9.3
    endloop
  endfacet
  facet normal 0 0 1
    outer loop
      vertex -31.6548 -13.9783 9.3
      vertex -31.75 -13.5 9.3
      vertex -31.7074 -13.8235 9.3
    endloop
  endfacet
  facet normal 0 0 1
    outer loop
      vertex -31.7074 -13.8235 9.3
      vertex -31.75 -13.5 9.3
      vertex -31.7393 -13.6632 9.3
    endloop
  endfacet
  facet normal 0.195036 0.980796 -0
    outer loop
      vertex 31.1341 15.8665 8.29998
      vertex 30.8198 15.929 8.3
      vertex 31.1341 15.8665 8.3
    endloop
  endfacet
  facet normal 0.0655249 0.997851 -0
    outer loop
      vertex 30.5 15.95 8.29996
      vertex 30.5 15.95 8.3
      vertex 30.8198 15.929 8.3
    endloop
  endfacet
  facet normal -0.195036 -0.980796 0
    outer loop
      vertex -30.8198 -15.929 9.3
      vertex -31.1341 -15.8665 9.3
      vertex -31.1341 -15.8665 8.3
    endloop
  endfacet
  facet normal -0.850664 0.419346 -0.317048
    outer loop
      vertex -32.6932 14.4084 7.91732
      vertex -32.5806 14.65 7.93476
      vertex -32.5741 14.65 7.91732
    endloop
  endfacet
  facet normal -0.849485 0.419052 -0.320578
    outer loop
      vertex -32.5806 14.65 7.93476
      vertex -32.6932 14.4084 7.91732
      vertex -32.732 14.4245 8.04118
    endloop
  endfacet
  facet normal -0.961999 0.191355 -0.194787
    outer loop
      vertex -32.8953 13.8153 8.04118
      vertex -32.9206 13.8187 8.16947
      vertex -32.8583 14.1319 8.16947
    endloop
  endfacet
  facet normal -0.738142 0.146988 -0.658438
    outer loop
      vertex -32.6387 13.7816 7.59289
      vertex -32.7242 13.7928 7.69124
      vertex -32.5836 14.0583 7.59289
    endloop
  endfacet
  facet normal -0.997837 0 -0.0657427
    outer loop
      vertex -32.9414 -13.5 8.16947
      vertex -32.95 13.5 8.3
      vertex -32.9414 13.5 8.16947
    endloop
  endfacet
  facet normal -0.997837 -0 -0.0657427
    outer loop
      vertex -32.95 13.5 8.3
      vertex -32.9414 -13.5 8.16947
      vertex -32.95 -13.5 8.3
    endloop
  endfacet
  facet normal -0.978777 -0.06388 -0.194717
    outer loop
      vertex -32.9206 -13.8187 8.16947
      vertex -32.9414 -13.5 8.16947
      vertex -32.8953 -13.8153 8.04118
    endloop
  endfacet
  facet normal -0.555636 0.831426 0
    outer loop
      vertex -31.725 15.6218 8.3
      vertex -31.9915 15.4437 8.3
      vertex -31.725 15.6218 9.3
    endloop
  endfacet
  facet normal 0.555636 0.831426 -0
    outer loop
      vertex 31.9915 15.4437 8.29999
      vertex 31.725 15.6218 8.3
      vertex 31.9915 15.4437 8.3
    endloop
  endfacet
  facet normal -0.321402 0.0210425 -0.946709
    outer loop
      vertex -32.2088 13.5 7.33407
      vertex -32.317 13.7392 7.37612
      vertex -32.1942 13.723 7.33407
    endloop
  endfacet
  facet normal -0.195007 -0.0127673 -0.980719
    outer loop
      vertex -32.1942 -13.723 7.33407
      vertex -32.2088 -13.5 7.33407
      vertex -32.067 -13.7063 7.30856
    endloop
  endfacet
  facet normal -0.555052 0.0365628 -0.831012
    outer loop
      vertex -32.45 13.5 7.43398
      vertex -32.5588 13.5 7.50665
      vertex -32.5411 13.7687 7.50665
    endloop
  endfacet
  facet normal -0.658868 0.0434014 -0.751006
    outer loop
      vertex -32.5588 13.5 7.50665
      vertex -32.6571 13.5 7.59289
      vertex -32.5411 13.7687 7.50665
    endloop
  endfacet
  facet normal -0.5919 0.291906 -0.751295
    outer loop
      vertex -32.2829 14.5294 7.50665
      vertex -32.402 14.2879 7.50665
      vertex -32.3681 14.5786 7.59289
    endloop
  endfacet
  facet normal -0.267808 0.178897 -0.946718
    outer loop
      vertex -31.9799 14.3544 7.33407
      vertex -32.0872 14.4163 7.37612
      vertex -31.954 14.6157 7.37612
    endloop
  endfacet
  facet normal -0.442177 0.0290151 -0.896458
    outer loop
      vertex -32.317 13.7392 7.37612
      vertex -32.45 13.5 7.43398
      vertex -32.4333 13.7545 7.43398
    endloop
  endfacet
  facet normal -0.879781 -0.433976 -0.194037
    outer loop
      vertex -32.6492 -14.65 8.16947
      vertex -32.7556 -14.4343 8.16947
      vertex -32.6269 -14.65 8.06836
    endloop
  endfacet
  facet normal -0.321311 -0.0210894 -0.946739
    outer loop
      vertex -32.317 -13.7392 7.37612
      vertex -32.3327 -13.5 7.37612
      vertex -32.2088 -13.5 7.33407
    endloop
  endfacet
  facet normal -0.980812 0 -0.194955
    outer loop
      vertex -32.9159 -13.5 8.04118
      vertex -32.9414 13.5 8.16947
      vertex -32.9159 13.5 8.04118
    endloop
  endfacet
  facet normal -0.980812 -0 -0.194955
    outer loop
      vertex -32.9414 13.5 8.16947
      vertex -32.9159 -13.5 8.04118
      vertex -32.9414 -13.5 8.16947
    endloop
  endfacet
  facet normal -0.830406 0.0544528 -0.554492
    outer loop
      vertex -32.7434 13.5 7.69124
      vertex -32.7962 13.8023 7.8
      vertex -32.7242 13.7928 7.69124
    endloop
  endfacet
  facet normal -0.0620987 0.0210914 -0.997847
    outer loop
      vertex -31.9006 13.8753 7.3
      vertex -31.9602 14.1048 7.30856
      vertex -31.8396 14.0549 7.3
    endloop
  endfacet
  facet normal -0.738142 -0.146988 -0.658438
    outer loop
      vertex -32.5836 -14.0583 7.59289
      vertex -32.7242 -13.7928 7.69124
      vertex -32.6387 -13.7816 7.59289
    endloop
  endfacet
  facet normal -0.944895 -0.320902 -0.0647677
    outer loop
      vertex -32.7556 -14.4343 8.16947
      vertex -32.8665 -14.1341 8.3
      vertex -32.8583 -14.1319 8.16947
    endloop
  endfacet
  facet normal -0.648437 -0.739273 0.181673
    outer loop
      vertex -31.9915 -15.4437 8.3
      vertex -32.2324 -15.2324 8.3
      vertex -32.2322 -15.2326 8.2999
    endloop
  endfacet
  facet normal -0.555636 -0.831426 0
    outer loop
      vertex -31.725 -15.6218 8.3
      vertex -31.9915 -15.4437 8.3
      vertex -31.9915 -15.4437 8.29999
    endloop
  endfacet
  facet normal 0.195036 -0.980796 0
    outer loop
      vertex 31.1341 -15.8665 8.3
      vertex 30.8198 -15.929 8.3
      vertex 31.1341 -15.8665 8.29998
    endloop
  endfacet
  facet normal -0.707107 -0.707107 0
    outer loop
      vertex -32.2322 -15.2326 8.2999
      vertex -32.2324 -15.2324 8.3
      vertex -32.2324 -15.2324 8.2999
    endloop
  endfacet
  facet normal -0.707107 -0.707107 -0
    outer loop
      vertex -32.2324 -15.2324 8.3
      vertex -32.2326 -15.2322 8.2999
      vertex -32.2324 -15.2324 8.2999
    endloop
  endfacet
  facet normal 0.980796 -0.195036 0
    outer loop
      vertex 32.929 -13.8198 9.3
      vertex 32.8665 -14.1341 9.3
      vertex 32.8665 -14.1341 8.3
    endloop
  endfacet
  facet normal 0.0655249 -0.997851 0
    outer loop
      vertex 30.5 -15.95 8.3
      vertex 30.5 -15.95 8.29996
      vertex 30.8198 -15.929 8.3
    endloop
  endfacet
  facet normal 0.195036 -0.980796 0
    outer loop
      vertex 31.1341 -15.8665 9.3
      vertex 30.8198 -15.929 9.3
      vertex 31.1341 -15.8665 8.3
    endloop
  endfacet
  facet normal 0.321371 -0.946953 0
    outer loop
      vertex 31.1341 -15.8665 9.3
      vertex 31.1341 -15.8665 8.3
      vertex 31.4376 -15.7635 9.3
    endloop
  endfacet
  facet normal 0.555636 -0.831426 0
    outer loop
      vertex 31.9915 -15.4437 8.3
      vertex 31.725 -15.6218 8.3
      vertex 31.9915 -15.4437 8.29999
    endloop
  endfacet
  facet normal 0.997851 -0.0655249 0
    outer loop
      vertex 32.95 -13.5 8.3
      vertex 32.929 -13.8198 9.3
      vertex 32.929 -13.8198 8.3
    endloop
  endfacet
  facet normal 0 0 0
    outer loop
      vertex 32.8665 -14.1341 8.3
      vertex 32.8665 -14.1341 8.29999
      vertex 32.8665 -14.1341 8.29998
    endloop
  endfacet
  facet normal 0.751784 -0.65941 0
    outer loop
      vertex 32.4437 -14.9915 9.3
      vertex 32.2324 -15.2324 9.3
      vertex 32.2324 -15.2324 8.3
    endloop
  endfacet
  facet normal -0.049308 0.0432476 -0.997847
    outer loop
      vertex -31.6504 14.3827 7.3
      vertex -31.7539 14.4622 7.30856
      vertex -31.6176 14.6176 7.30856
    endloop
  endfacet
  facet normal 0.946953 0.321371 -0
    outer loop
      vertex 32.7635 14.4376 8.3
      vertex 32.7635 14.4376 9.3
      vertex 32.8665 14.1341 8.3
    endloop
  endfacet
  facet normal 0.946953 0.321371 -0
    outer loop
      vertex 32.8665 14.1341 8.3
      vertex 32.7635 14.4376 9.3
      vertex 32.8665 14.1341 9.3
    endloop
  endfacet
  facet normal 0.997851 0.0655249 -0
    outer loop
      vertex 32.95 13.5 8.29996
      vertex 32.929 13.8198 8.3
      vertex 32.95 13.5 8.3
    endloop
  endfacet
  facet normal 0.321371 0.946953 -0
    outer loop
      vertex 31.1341 15.8665 8.29999
      vertex 31.1341 15.8665 8.3
      vertex 31.4376 15.7635 8.3
    endloop
  endfacet
  facet normal 0.195036 0.980796 -0
    outer loop
      vertex 31.1341 15.8665 8.3
      vertex 30.8198 15.929 9.3
      vertex 31.1341 15.8665 9.3
    endloop
  endfacet
  facet normal 0.321371 0.946953 0
    outer loop
      vertex 31.4376 15.7635 9.3
      vertex 31.1341 15.8665 8.3
      vertex 31.1341 15.8665 9.3
    endloop
  endfacet
  facet normal -0.648437 0.739273 0.181673
    outer loop
      vertex -32.2322 15.2326 8.2999
      vertex -32.2324 15.2324 8.3
      vertex -31.9915 15.4437 8.3
    endloop
  endfacet
  facet normal -0.78799 0.267516 -0.554533
    outer loop
      vertex -32.5726 14.3585 7.69124
      vertex -32.7371 14.0994 7.8
      vertex -32.6397 14.3863 7.8
    endloop
  endfacet
  facet normal -0.849528 0.288407 -0.441728
    outer loop
      vertex -32.6397 14.3863 7.8
      vertex -32.7371 14.0994 7.8
      vertex -32.6932 14.4084 7.91732
    endloop
  endfacet
  facet normal -0.742353 0.365969 -0.561229
    outer loop
      vertex -32.5075 14.65 7.79709
      vertex -32.6397 14.3863 7.8
      vertex -32.5097 14.65 7.8
    endloop
  endfacet
  facet normal -0.746346 0.368044 -0.554537
    outer loop
      vertex -32.6397 14.3863 7.8
      vertex -32.5075 14.65 7.79709
      vertex -32.5726 14.3585 7.69124
    endloop
  endfacet
  facet normal -0.879245 0.433579 -0.197329
    outer loop
      vertex -32.732 14.4245 8.04118
      vertex -32.6269 14.65 8.06836
      vertex -32.6208 14.65 8.04118
    endloop
  endfacet
  facet normal -0.879788 0.433547 -0.194963
    outer loop
      vertex -32.6269 14.65 8.06836
      vertex -32.732 14.4245 8.04118
      vertex -32.7556 14.4343 8.16947
    endloop
  endfacet
  facet normal -0.849453 0.418887 -0.320879
    outer loop
      vertex -32.5806 14.65 7.93476
      vertex -32.732 14.4245 8.04118
      vertex -32.6208 14.65 8.04118
    endloop
  endfacet
  facet normal -0.625424 0.418424 -0.658609
    outer loop
      vertex -32.3681 14.5786 7.59289
      vertex -32.4239 14.65 7.69124
      vertex -32.3461 14.65 7.61736
    endloop
  endfacet
  facet normal -0.625838 0.417963 -0.658509
    outer loop
      vertex -32.4239 14.65 7.69124
      vertex -32.3681 14.5786 7.59289
      vertex -32.4428 14.6217 7.69124
    endloop
  endfacet
  facet normal -0.499229 0.246204 -0.830755
    outer loop
      vertex -32.1888 14.475 7.43398
      vertex -32.402 14.2879 7.50665
      vertex -32.2829 14.5294 7.50665
    endloop
  endfacet
  facet normal -0.961925 0.191454 -0.195051
    outer loop
      vertex -32.8336 14.1253 8.04118
      vertex -32.8953 13.8153 8.04118
      vertex -32.8583 14.1319 8.16947
    endloop
  endfacet
  facet normal -0.978805 0.0639498 -0.194555
    outer loop
      vertex -32.9159 13.5 8.04118
      vertex -32.9414 13.5 8.16947
      vertex -32.8953 13.8153 8.04118
    endloop
  endfacet
  facet normal -0.555636 0.831426 0
    outer loop
      vertex -31.9915 15.4437 8.29999
      vertex -31.9915 15.4437 8.3
      vertex -31.725 15.6218 8.3
    endloop
  endfacet
  facet normal 0.751784 0.65941 -0
    outer loop
      vertex 32.4437 14.9915 8.3
      vertex 32.2324 15.2324 8.3
      vertex 32.4437 14.9915 9.3
    endloop
  endfacet
  facet normal -0.162512 -0.108625 -0.980709
    outer loop
      vertex -31.7539 -14.4622 7.30856
      vertex -31.9799 -14.3544 7.33407
      vertex -31.8688 -14.2903 7.30856
    endloop
  endfacet
  facet normal -0.315884 0.0628812 -0.946712
    outer loop
      vertex -32.1942 13.723 7.33407
      vertex -32.317 13.7392 7.37612
      vertex -32.2702 13.9743 7.37612
    endloop
  endfacet
  facet normal -0.746414 0.368102 -0.554407
    outer loop
      vertex -32.5726 14.3585 7.69124
      vertex -32.4918 14.65 7.776
      vertex -32.4428 14.6217 7.69124
    endloop
  endfacet
  facet normal -0.745799 0.368161 -0.555194
    outer loop
      vertex -32.4918 14.65 7.776
      vertex -32.5726 14.3585 7.69124
      vertex -32.5075 14.65 7.79709
    endloop
  endfacet
  facet normal -0.162512 0.108625 -0.980709
    outer loop
      vertex -31.8688 14.2903 7.30856
      vertex -31.9799 14.3544 7.33407
      vertex -31.7539 14.4622 7.30856
    endloop
  endfacet
  facet normal -0.0654458 0.004287 -0.997847
    outer loop
      vertex -31.95 13.5 7.3
      vertex -32.067 13.7063 7.30856
      vertex -31.9376 13.6893 7.3
    endloop
  endfacet
  facet normal -0.288856 0.142413 -0.946721
    outer loop
      vertex -31.9799 14.3544 7.33407
      vertex -32.1932 14.2013 7.37612
      vertex -32.0872 14.4163 7.37612
    endloop
  endfacet
  facet normal -0.175325 0.0863945 -0.980713
    outer loop
      vertex -31.9602 14.1048 7.30856
      vertex -32.0787 14.1539 7.33407
      vertex -31.9799 14.3544 7.33407
    endloop
  endfacet
  facet normal -0.0545084 -0.0363965 -0.99785
    outer loop
      vertex -31.6504 -14.3827 7.3
      vertex -31.8688 -14.2903 7.30856
      vertex -31.7557 -14.225 7.3
    endloop
  endfacet
  facet normal -0.659489 0 -0.751714
    outer loop
      vertex -32.6571 -13.5 7.59289
      vertex -32.5588 13.5 7.50665
      vertex -32.5588 -13.5 7.50665
    endloop
  endfacet
  facet normal -0.659489 0 -0.751714
    outer loop
      vertex -32.5588 13.5 7.50665
      vertex -32.6571 -13.5 7.59289
      vertex -32.6571 13.5 7.59289
    endloop
  endfacet
  facet normal -0.647014 0.128842 -0.751514
    outer loop
      vertex -32.5411 13.7687 7.50665
      vertex -32.6387 13.7816 7.59289
      vertex -32.5836 14.0583 7.59289
    endloop
  endfacet
  facet normal -0.658868 -0.0434014 -0.751006
    outer loop
      vertex -32.5411 -13.7687 7.50665
      vertex -32.6571 -13.5 7.59289
      vertex -32.5588 -13.5 7.50665
    endloop
  endfacet
  facet normal -0.442189 0.0290233 -0.896452
    outer loop
      vertex -32.3327 13.5 7.37612
      vertex -32.45 13.5 7.43398
      vertex -32.317 13.7392 7.37612
    endloop
  endfacet
  facet normal -0.978805 -0.0639498 -0.194555
    outer loop
      vertex -32.8953 -13.8153 8.04118
      vertex -32.9414 -13.5 8.16947
      vertex -32.9159 -13.5 8.04118
    endloop
  endfacet
  facet normal -0.896739 0 -0.44256
    outer loop
      vertex -32.816 -13.5 7.8
      vertex -32.8739 13.5 7.91732
      vertex -32.816 13.5 7.8
    endloop
  endfacet
  facet normal -0.896739 -0 -0.44256
    outer loop
      vertex -32.8739 13.5 7.91732
      vertex -32.816 -13.5 7.8
      vertex -32.8739 -13.5 7.91732
    endloop
  endfacet
  facet normal -0.849528 -0.288407 -0.441728
    outer loop
      vertex -32.6932 -14.4084 7.91732
      vertex -32.7371 -14.0994 7.8
      vertex -32.6397 -14.3863 7.8
    endloop
  endfacet
  facet normal -0.945093 -0.0619083 -0.320884
    outer loop
      vertex -32.8536 -13.8099 7.91732
      vertex -32.8953 -13.8153 8.04118
      vertex -32.8739 -13.5 7.91732
    endloop
  endfacet
  facet normal -0.945227 -0.061756 -0.320519
    outer loop
      vertex -32.8953 -13.8153 8.04118
      vertex -32.9159 -13.5 8.04118
      vertex -32.8739 -13.5 7.91732
    endloop
  endfacet
  facet normal -0.0587961 0.0289702 -0.99785
    outer loop
      vertex -31.7557 14.225 7.3
      vertex -31.9602 14.1048 7.30856
      vertex -31.8688 14.2903 7.30856
    endloop
  endfacet
  facet normal -0.368472 -0.246553 -0.896348
    outer loop
      vertex -32.0718 -14.65 7.43398
      vertex -31.954 -14.6157 7.37612
      vertex -31.9987 -14.65 7.40393
    endloop
  endfacet
  facet normal -0.36853 -0.246389 -0.89637
    outer loop
      vertex -31.954 -14.6157 7.37612
      vertex -32.0718 -14.65 7.43398
      vertex -32.1888 -14.475 7.43398
    endloop
  endfacet
  facet normal -0.849565 -0.28839 -0.441668
    outer loop
      vertex -32.6932 -14.4084 7.91732
      vertex -32.793 -14.1144 7.91732
      vertex -32.7371 -14.0994 7.8
    endloop
  endfacet
  facet normal -0.548596 -0.366499 -0.75148
    outer loop
      vertex -32.3204 -14.65 7.59289
      vertex -32.3681 -14.5786 7.59289
      vertex -32.2721 -14.65 7.55763
    endloop
  endfacet
  facet normal -0.625424 -0.418424 -0.658609
    outer loop
      vertex -32.4239 -14.65 7.69124
      vertex -32.3681 -14.5786 7.59289
      vertex -32.3461 -14.65 7.61736
    endloop
  endfacet
  facet normal -0.625838 -0.417963 -0.658509
    outer loop
      vertex -32.3681 -14.5786 7.59289
      vertex -32.4239 -14.65 7.69124
      vertex -32.4428 -14.6217 7.69124
    endloop
  endfacet
  facet normal 0 -1 0
    outer loop
      vertex -30.5 -15.95 8.29996
      vertex 30.5 -15.95 8.3
      vertex -30.5 -15.95 8.3
    endloop
  endfacet
  facet normal 0 -1 -0
    outer loop
      vertex 30.5 -15.95 8.3
      vertex -30.5 -15.95 8.29996
      vertex 30.5 -15.95 8.29996
    endloop
  endfacet
  facet normal 0.946953 -0.321371 0
    outer loop
      vertex 32.8665 -14.1341 9.3
      vertex 32.7635 -14.4376 9.3
      vertex 32.8665 -14.1341 8.3
    endloop
  endfacet
  facet normal 0 0 0
    outer loop
      vertex 31.1341 -15.8665 8.3
      vertex 31.1341 -15.8665 8.29998
      vertex 31.1341 -15.8665 8.29999
    endloop
  endfacet
  facet normal 0.321371 -0.946953 0
    outer loop
      vertex 31.4376 -15.7635 8.3
      vertex 31.1341 -15.8665 8.3
      vertex 31.1341 -15.8665 8.29999
    endloop
  endfacet
  facet normal 0.980796 -0.195036 0
    outer loop
      vertex 32.929 -13.8198 9.3
      vertex 32.8665 -14.1341 8.3
      vertex 32.929 -13.8198 8.3
    endloop
  endfacet
  facet normal 0.980796 -0.195036 0
    outer loop
      vertex 32.8665 -14.1341 8.3
      vertex 32.8665 -14.1341 8.29998
      vertex 32.929 -13.8198 8.3
    endloop
  endfacet
  facet normal 0.555636 -0.831426 0
    outer loop
      vertex 31.9915 -15.4437 9.3
      vertex 31.725 -15.6218 9.3
      vertex 31.9915 -15.4437 8.3
    endloop
  endfacet
  facet normal 0.707107 -0.707107 0
    outer loop
      vertex 32.2324 -15.2324 8.3
      vertex 32.2324 -15.2324 8.2999
      vertex 32.2326 -15.2322 8.2999
    endloop
  endfacet
  facet normal 0.648437 0.739273 0.181673
    outer loop
      vertex 32.2322 15.2326 8.2999
      vertex 31.9915 15.4437 8.3
      vertex 32.2324 15.2324 8.3
    endloop
  endfacet
  facet normal 0.980796 0.195036 0
    outer loop
      vertex 32.929 13.8198 8.3
      vertex 32.8665 14.1341 8.29998
      vertex 32.8665 14.1341 8.3
    endloop
  endfacet
  facet normal -0.751784 0.65941 0
    outer loop
      vertex -32.4437 14.9915 8.3
      vertex -32.4437 14.9915 9.3
      vertex -32.2324 15.2324 8.3
    endloop
  endfacet
  facet normal -0.707107 0.707107 0
    outer loop
      vertex -32.2324 15.2324 8.2999
      vertex -32.2326 15.2322 8.2999
      vertex -32.2324 15.2324 8.3
    endloop
  endfacet
  facet normal -0.879781 0.433976 -0.194037
    outer loop
      vertex -32.6269 14.65 8.06836
      vertex -32.7556 14.4343 8.16947
      vertex -32.6492 14.65 8.16947
    endloop
  endfacet
  facet normal -0.894894 0.441431 -0.065604
    outer loop
      vertex -32.6492 14.65 8.16947
      vertex -32.7556 14.4343 8.16947
      vertex -32.6563 14.65 8.26632
    endloop
  endfacet
  facet normal -0.712562 0.241876 -0.658598
    outer loop
      vertex -32.4929 14.3255 7.59289
      vertex -32.5836 14.0583 7.59289
      vertex -32.5726 14.3585 7.69124
    endloop
  endfacet
  facet normal -0.87985 0.175103 -0.441819
    outer loop
      vertex -32.7962 13.8023 7.8
      vertex -32.8536 13.8099 7.91732
      vertex -32.793 14.1144 7.91732
    endloop
  endfacet
  facet normal -0.625007 0.212174 -0.751231
    outer loop
      vertex -32.4886 14.0328 7.50665
      vertex -32.5836 14.0583 7.59289
      vertex -32.402 14.2879 7.50665
    endloop
  endfacet
  facet normal -0.555295 0.0364378 -0.830855
    outer loop
      vertex -32.45 13.5 7.43398
      vertex -32.5411 13.7687 7.50665
      vertex -32.4333 13.7545 7.43398
    endloop
  endfacet
  facet normal -0.658338 0.0430164 -0.751492
    outer loop
      vertex -32.5411 13.7687 7.50665
      vertex -32.6571 13.5 7.59289
      vertex -32.6387 13.7816 7.59289
    endloop
  endfacet
  facet normal -0.624987 0.21215 -0.751254
    outer loop
      vertex -32.402 14.2879 7.50665
      vertex -32.5836 14.0583 7.59289
      vertex -32.4929 14.3255 7.59289
    endloop
  endfacet
  facet normal -0.92873 0.315371 -0.194939
    outer loop
      vertex -32.732 14.4245 8.04118
      vertex -32.8336 14.1253 8.04118
      vertex -32.7556 14.4343 8.16947
    endloop
  endfacet
  facet normal -0.9287 0.315402 -0.195031
    outer loop
      vertex -32.8336 14.1253 8.04118
      vertex -32.8583 14.1319 8.16947
      vertex -32.7556 14.4343 8.16947
    endloop
  endfacet
  facet normal -0 0 0
    outer loop
      vertex 32.8665 14.1341 8.29999
      vertex 32.8665 14.1341 8.3
      vertex 32.8665 14.1341 8.29998
    endloop
  endfacet
  facet normal -0.0587961 -0.0289702 -0.99785
    outer loop
      vertex -31.8688 -14.2903 7.30856
      vertex -31.9602 -14.1048 7.30856
      vertex -31.7557 -14.225 7.3
    endloop
  endfacet
  facet normal -0.0432029 -0.0492033 -0.997854
    outer loop
      vertex -31.5807 -14.65 7.30856
      vertex -31.6176 -14.6176 7.30856
      vertex -31.3853 -14.65 7.3001
    endloop
  endfacet
  facet normal -0.195007 0.0127673 -0.980719
    outer loop
      vertex -32.067 13.7063 7.30856
      vertex -32.2088 13.5 7.33407
      vertex -32.1942 13.723 7.33407
    endloop
  endfacet
  facet normal -0.194998 0.0127604 -0.980721
    outer loop
      vertex -32.0805 13.5 7.30856
      vertex -32.2088 13.5 7.33407
      vertex -32.067 13.7063 7.30856
    endloop
  endfacet
  facet normal -0.442375 0 -0.89683
    outer loop
      vertex -32.45 -13.5 7.43398
      vertex -32.3327 13.5 7.37612
      vertex -32.3327 -13.5 7.37612
    endloop
  endfacet
  facet normal -0.442375 0 -0.89683
    outer loop
      vertex -32.3327 13.5 7.37612
      vertex -32.45 -13.5 7.43398
      vertex -32.45 13.5 7.43398
    endloop
  endfacet
  facet normal -0.43461 0.0865153 -0.896454
    outer loop
      vertex -32.317 13.7392 7.37612
      vertex -32.4333 13.7545 7.43398
      vertex -32.2702 13.9743 7.37612
    endloop
  endfacet
  facet normal -0.419568 0.14232 -0.896497
    outer loop
      vertex -32.2702 13.9743 7.37612
      vertex -32.3016 14.2462 7.43398
      vertex -32.1932 14.2013 7.37612
    endloop
  endfacet
  facet normal -0.397374 0.195908 -0.896501
    outer loop
      vertex -32.1932 14.2013 7.37612
      vertex -32.3016 14.2462 7.43398
      vertex -32.1888 14.475 7.43398
    endloop
  endfacet
  facet normal -0.062082 0.0210958 -0.997848
    outer loop
      vertex -31.9006 13.8753 7.3
      vertex -32.0267 13.9091 7.30856
      vertex -31.9602 14.1048 7.30856
    endloop
  endfacet
  facet normal -0.0643111 0.0127798 -0.997848
    outer loop
      vertex -31.9006 13.8753 7.3
      vertex -32.067 13.7063 7.30856
      vertex -32.0267 13.9091 7.30856
    endloop
  endfacet
  facet normal -0.626301 0.418411 -0.657783
    outer loop
      vertex -32.3204 14.65 7.59289
      vertex -32.3681 14.5786 7.59289
      vertex -32.3461 14.65 7.61736
    endloop
  endfacet
  facet normal -0.128934 0.146819 -0.980724
    outer loop
      vertex -31.6176 14.6176 7.30856
      vertex -31.65 14.65 7.31767
      vertex -31.6071 14.65 7.31203
    endloop
  endfacet
  facet normal -0.175339 0.0863932 -0.98071
    outer loop
      vertex -31.9602 14.1048 7.30856
      vertex -31.9799 14.3544 7.33407
      vertex -31.8688 14.2903 7.30856
    endloop
  endfacet
  facet normal -0.267766 0.178895 -0.94673
    outer loop
      vertex -31.8557 14.5403 7.33407
      vertex -31.9799 14.3544 7.33407
      vertex -31.954 14.6157 7.37612
    endloop
  endfacet
  facet normal -0.191708 0.0381142 -0.980712
    outer loop
      vertex -32.0267 13.9091 7.30856
      vertex -32.1942 13.723 7.33407
      vertex -32.1506 13.9423 7.33407
    endloop
  endfacet
  facet normal -0.316027 0.0628307 -0.946668
    outer loop
      vertex -32.1942 13.723 7.33407
      vertex -32.2702 13.9743 7.37612
      vertex -32.1506 13.9423 7.33407
    endloop
  endfacet
  facet normal -0.555052 -0.0365628 -0.831012
    outer loop
      vertex -32.5411 -13.7687 7.50665
      vertex -32.5588 -13.5 7.50665
      vertex -32.45 -13.5 7.43398
    endloop
  endfacet
  facet normal -0.555423 0 -0.831568
    outer loop
      vertex -32.5588 -13.5 7.50665
      vertex -32.45 13.5 7.43398
      vertex -32.45 -13.5 7.43398
    endloop
  endfacet
  facet normal -0.555423 0 -0.831568
    outer loop
      vertex -32.45 13.5 7.43398
      vertex -32.5588 -13.5 7.50665
      vertex -32.5588 13.5 7.50665
    endloop
  endfacet
  facet normal -0.712694 -0.241839 -0.658469
    outer loop
      vertex -32.5726 -14.3585 7.69124
      vertex -32.6669 -14.0806 7.69124
      vertex -32.5836 -14.0583 7.59289
    endloop
  endfacet
  facet normal -0.895202 0.0586402 -0.441785
    outer loop
      vertex -32.7962 13.8023 7.8
      vertex -32.8739 13.5 7.91732
      vertex -32.8536 13.8099 7.91732
    endloop
  endfacet
  facet normal -0.895196 0.0586334 -0.441799
    outer loop
      vertex -32.816 13.5 7.8
      vertex -32.8739 13.5 7.91732
      vertex -32.7962 13.8023 7.8
    endloop
  endfacet
  facet normal -0.849453 -0.418887 -0.320879
    outer loop
      vertex -32.6208 -14.65 8.04118
      vertex -32.732 -14.4245 8.04118
      vertex -32.5806 -14.65 7.93476
    endloop
  endfacet
  facet normal -0.879245 -0.433579 -0.197329
    outer loop
      vertex -32.6269 -14.65 8.06836
      vertex -32.732 -14.4245 8.04118
      vertex -32.6208 -14.65 8.04118
    endloop
  endfacet
  facet normal -0.879788 -0.433547 -0.194963
    outer loop
      vertex -32.732 -14.4245 8.04118
      vertex -32.6269 -14.65 8.06836
      vertex -32.7556 -14.4343 8.16947
    endloop
  endfacet
  facet normal -0.928926 -0.184886 -0.320802
    outer loop
      vertex -32.8336 -14.1253 8.04118
      vertex -32.8953 -13.8153 8.04118
      vertex -32.8536 -13.8099 7.91732
    endloop
  endfacet
  facet normal -0.995791 -0.0649904 -0.0646298
    outer loop
      vertex -32.929 -13.8198 8.3
      vertex -32.9414 -13.5 8.16947
      vertex -32.9206 -13.8187 8.16947
    endloop
  endfacet
  facet normal -0.995701 -0.0653838 -0.065602
    outer loop
      vertex -32.929 -13.8198 8.3
      vertex -32.95 -13.5 8.3
      vertex -32.9414 -13.5 8.16947
    endloop
  endfacet
  facet normal -0.419568 -0.14232 -0.896497
    outer loop
      vertex -32.1932 -14.2013 7.37612
      vertex -32.3016 -14.2462 7.43398
      vertex -32.2702 -13.9743 7.37612
    endloop
  endfacet
  facet normal -0.895202 -0.0586402 -0.441785
    outer loop
      vertex -32.8536 -13.8099 7.91732
      vertex -32.8739 -13.5 7.91732
      vertex -32.7962 -13.8023 7.8
    endloop
  endfacet
  facet normal -0.746346 -0.368044 -0.554537
    outer loop
      vertex -32.5075 -14.65 7.79709
      vertex -32.6397 -14.3863 7.8
      vertex -32.5726 -14.3585 7.69124
    endloop
  endfacet
  facet normal -0.742353 -0.365969 -0.561229
    outer loop
      vertex -32.6397 -14.3863 7.8
      vertex -32.5075 -14.65 7.79709
      vertex -32.5097 -14.65 7.8
    endloop
  endfacet
  facet normal -0.802362 -0.395552 -0.446939
    outer loop
      vertex -32.5118 -14.65 7.80377
      vertex -32.6397 -14.3863 7.8
      vertex -32.5097 -14.65 7.8
    endloop
  endfacet
  facet normal -0.804735 -0.396628 -0.441688
    outer loop
      vertex -32.6397 -14.3863 7.8
      vertex -32.5118 -14.65 7.80377
      vertex -32.6932 -14.4084 7.91732
    endloop
  endfacet
  facet normal -0.626301 -0.418411 -0.657783
    outer loop
      vertex -32.3461 -14.65 7.61736
      vertex -32.3681 -14.5786 7.59289
      vertex -32.3204 -14.65 7.59289
    endloop
  endfacet
  facet normal -0.625007 -0.212174 -0.751231
    outer loop
      vertex -32.402 -14.2879 7.50665
      vertex -32.5836 -14.0583 7.59289
      vertex -32.4886 -14.0328 7.50665
    endloop
  endfacet
  facet normal -0.692086 -0.462206 -0.55442
    outer loop
      vertex -32.4239 -14.65 7.69124
      vertex -32.4918 -14.65 7.776
      vertex -32.4428 -14.6217 7.69124
    endloop
  endfacet
  facet normal -0.0655249 -0.997851 -0
    outer loop
      vertex -30.5 -15.95 8.3
      vertex -30.8198 -15.929 8.3
      vertex -30.5 -15.95 8.29996
    endloop
  endfacet
  facet normal -0.321371 -0.946953 -0
    outer loop
      vertex -31.1341 -15.8665 8.3
      vertex -31.4376 -15.7635 8.3
      vertex -31.1341 -15.8665 8.29999
    endloop
  endfacet
  facet normal 0.946953 -0.321371 0
    outer loop
      vertex 32.8665 -14.1341 8.3
      vertex 32.7635 -14.4376 8.3
      vertex 32.8665 -14.1341 8.29999
    endloop
  endfacet
  facet normal 0.946953 -0.321371 0
    outer loop
      vertex 32.8665 -14.1341 8.3
      vertex 32.7635 -14.4376 9.3
      vertex 32.7635 -14.4376 8.3
    endloop
  endfacet
  facet normal 0.65941 -0.751784 0
    outer loop
      vertex 32.2324 -15.2324 9.3
      vertex 31.9915 -15.4437 9.3
      vertex 32.2324 -15.2324 8.3
    endloop
  endfacet
  facet normal 0.831426 -0.555636 0
    outer loop
      vertex 32.4437 -14.9915 8.3
      vertex 32.4437 -14.9915 8.29999
      vertex 32.6218 -14.725 8.3
    endloop
  endfacet
  facet normal -0.062082 -0.0210958 -0.997848
    outer loop
      vertex -31.9602 -14.1048 7.30856
      vertex -32.0267 -13.9091 7.30856
      vertex -31.9006 -13.8753 7.3
    endloop
  endfacet
  facet normal -0.707107 0.707107 0
    outer loop
      vertex -32.2324 15.2324 8.2999
      vertex -32.2324 15.2324 8.3
      vertex -32.2322 15.2326 8.2999
    endloop
  endfacet
  facet normal -0.368472 0.246553 -0.896348
    outer loop
      vertex -31.954 14.6157 7.37612
      vertex -32.0718 14.65 7.43398
      vertex -31.9987 14.65 7.40393
    endloop
  endfacet
  facet normal -0.36853 0.246389 -0.89637
    outer loop
      vertex -32.0718 14.65 7.43398
      vertex -31.954 14.6157 7.37612
      vertex -32.1888 14.475 7.43398
    endloop
  endfacet
  facet normal -0.849565 0.28839 -0.441668
    outer loop
      vertex -32.7371 14.0994 7.8
      vertex -32.793 14.1144 7.91732
      vertex -32.6932 14.4084 7.91732
    endloop
  endfacet
  facet normal -0.879946 0.175041 -0.441652
    outer loop
      vertex -32.7371 14.0994 7.8
      vertex -32.7962 13.8023 7.8
      vertex -32.793 14.1144 7.91732
    endloop
  endfacet
  facet normal -0.816019 0.162325 -0.554765
    outer loop
      vertex -32.6669 14.0806 7.69124
      vertex -32.7962 13.8023 7.8
      vertex -32.7371 14.0994 7.8
    endloop
  endfacet
  facet normal -0.787885 0.267354 -0.554761
    outer loop
      vertex -32.6669 14.0806 7.69124
      vertex -32.7371 14.0994 7.8
      vertex -32.5726 14.3585 7.69124
    endloop
  endfacet
  facet normal -0.830489 0.0543953 -0.554372
    outer loop
      vertex -32.7434 13.5 7.69124
      vertex -32.816 13.5 7.8
      vertex -32.7962 13.8023 7.8
    endloop
  endfacet
  facet normal -0.750748 0.0490545 -0.658765
    outer loop
      vertex -32.6571 13.5 7.59289
      vertex -32.7434 13.5 7.69124
      vertex -32.6387 13.7816 7.59289
    endloop
  endfacet
  facet normal -0.750989 0.0492452 -0.658476
    outer loop
      vertex -32.6387 13.7816 7.59289
      vertex -32.7434 13.5 7.69124
      vertex -32.7242 13.7928 7.69124
    endloop
  endfacet
  facet normal -0.928926 0.184886 -0.320802
    outer loop
      vertex -32.8536 13.8099 7.91732
      vertex -32.8953 13.8153 8.04118
      vertex -32.8336 14.1253 8.04118
    endloop
  endfacet
  facet normal -0.896927 0.304572 -0.320559
    outer loop
      vertex -32.6932 14.4084 7.91732
      vertex -32.8336 14.1253 8.04118
      vertex -32.732 14.4245 8.04118
    endloop
  endfacet
  facet normal -0.997851 0.0655249 0
    outer loop
      vertex -32.929 13.8198 8.3
      vertex -32.95 13.5 8.3
      vertex -32.929 13.8198 9.3
    endloop
  endfacet
  facet normal -0.980796 0.195036 0
    outer loop
      vertex -32.929 13.8198 8.3
      vertex -32.929 13.8198 9.3
      vertex -32.8665 14.1341 8.3
    endloop
  endfacet
  facet normal -0.305098 -0.10367 -0.946661
    outer loop
      vertex -32.0787 -14.1539 7.33407
      vertex -32.2702 -13.9743 7.37612
      vertex -32.1506 -13.9423 7.33407
    endloop
  endfacet
  facet normal -0.0492955 0.0432459 -0.997848
    outer loop
      vertex -31.5253 14.5253 7.3
      vertex -31.6504 14.3827 7.3
      vertex -31.6176 14.6176 7.30856
    endloop
  endfacet
  facet normal -0.288856 -0.142413 -0.946721
    outer loop
      vertex -32.0872 -14.4163 7.37612
      vertex -32.1932 -14.2013 7.37612
      vertex -31.9799 -14.3544 7.33407
    endloop
  endfacet
  facet normal -0.527016 -0.178945 -0.830803
    outer loop
      vertex -32.3016 -14.2462 7.43398
      vertex -32.402 -14.2879 7.50665
      vertex -32.3836 -14.0047 7.43398
    endloop
  endfacet
  facet normal -0.527016 0.178945 -0.830803
    outer loop
      vertex -32.3836 14.0047 7.43398
      vertex -32.402 14.2879 7.50665
      vertex -32.3016 14.2462 7.43398
    endloop
  endfacet
  facet normal -0.419309 0.142374 -0.89661
    outer loop
      vertex -32.2702 13.9743 7.37612
      vertex -32.3836 14.0047 7.43398
      vertex -32.3016 14.2462 7.43398
    endloop
  endfacet
  facet normal -0.802362 0.395552 -0.446939
    outer loop
      vertex -32.6397 14.3863 7.8
      vertex -32.5118 14.65 7.80377
      vertex -32.5097 14.65 7.8
    endloop
  endfacet
  facet normal -0.804735 0.396628 -0.441688
    outer loop
      vertex -32.5118 14.65 7.80377
      vertex -32.6397 14.3863 7.8
      vertex -32.6932 14.4084 7.91732
    endloop
  endfacet
  facet normal -0.804769 0.396722 -0.441542
    outer loop
      vertex -32.5118 14.65 7.80377
      vertex -32.6932 14.4084 7.91732
      vertex -32.5741 14.65 7.91732
    endloop
  endfacet
  facet normal -0.647396 0.128695 -0.75121
    outer loop
      vertex -32.5411 13.7687 7.50665
      vertex -32.5836 14.0583 7.59289
      vertex -32.4886 14.0328 7.50665
    endloop
  endfacet
  facet normal -0.304883 0.103419 -0.946758
    outer loop
      vertex -32.0787 14.1539 7.33407
      vertex -32.2702 13.9743 7.37612
      vertex -32.1932 14.2013 7.37612
    endloop
  endfacet
  facet normal -0.288786 0.142304 -0.946759
    outer loop
      vertex -32.0787 14.1539 7.33407
      vertex -32.1932 14.2013 7.37612
      vertex -31.9799 14.3544 7.33407
    endloop
  endfacet
  facet normal -0.242124 0.212328 -0.946727
    outer loop
      vertex -31.8557 14.5403 7.33407
      vertex -31.863 14.65 7.36054
      vertex -31.7595 14.65 7.33407
    endloop
  endfacet
  facet normal -0.24212 0.212328 -0.946728
    outer loop
      vertex -31.863 14.65 7.36054
      vertex -31.8557 14.5403 7.33407
      vertex -31.954 14.6157 7.37612
    endloop
  endfacet
  facet normal -0.146885 0.128868 -0.980723
    outer loop
      vertex -31.6176 14.6176 7.30856
      vertex -31.7595 14.65 7.33407
      vertex -31.65 14.65 7.31767
    endloop
  endfacet
  facet normal -0.146897 0.128819 -0.980728
    outer loop
      vertex -31.7595 14.65 7.33407
      vertex -31.6176 14.6176 7.30856
      vertex -31.8557 14.5403 7.33407
    endloop
  endfacet
  facet normal -0.162479 0.108552 -0.980723
    outer loop
      vertex -31.7539 14.4622 7.30856
      vertex -31.9799 14.3544 7.33407
      vertex -31.8557 14.5403 7.33407
    endloop
  endfacet
  facet normal -0.146906 0.12885 -0.980722
    outer loop
      vertex -31.7539 14.4622 7.30856
      vertex -31.8557 14.5403 7.33407
      vertex -31.6176 14.6176 7.30856
    endloop
  endfacet
  facet normal -0.0545304 -0.0364487 -0.997847
    outer loop
      vertex -31.7539 -14.4622 7.30856
      vertex -31.8688 -14.2903 7.30856
      vertex -31.6504 -14.3827 7.3
    endloop
  endfacet
  facet normal -0.0453469 0.0517108 -0.997632
    outer loop
      vertex -31.5253 14.5253 7.3
      vertex -31.3853 14.65 7.3001
      vertex -31.3831 14.65 7.3
    endloop
  endfacet
  facet normal -0.0432192 0.0493222 -0.997847
    outer loop
      vertex -31.3853 14.65 7.3001
      vertex -31.5253 14.5253 7.3
      vertex -31.6176 14.6176 7.30856
    endloop
  endfacet
  facet normal -0.548716 0.366721 -0.751283
    outer loop
      vertex -32.2829 14.5294 7.50665
      vertex -32.2721 14.65 7.55763
      vertex -32.2023 14.65 7.50665
    endloop
  endfacet
  facet normal -0.548696 0.366725 -0.751296
    outer loop
      vertex -32.2721 14.65 7.55763
      vertex -32.2829 14.5294 7.50665
      vertex -32.3681 14.5786 7.59289
    endloop
  endfacet
  facet normal -0.830406 -0.0544528 -0.554492
    outer loop
      vertex -32.7242 -13.7928 7.69124
      vertex -32.7962 -13.8023 7.8
      vertex -32.7434 -13.5 7.69124
    endloop
  endfacet
  facet normal -0.830489 -0.0543953 -0.554372
    outer loop
      vertex -32.7962 -13.8023 7.8
      vertex -32.816 -13.5 7.8
      vertex -32.7434 -13.5 7.69124
    endloop
  endfacet
  facet normal -0.945227 0.061756 -0.320519
    outer loop
      vertex -32.8739 13.5 7.91732
      vertex -32.9159 13.5 8.04118
      vertex -32.8953 13.8153 8.04118
    endloop
  endfacet
  facet normal -0.945093 0.0619083 -0.320884
    outer loop
      vertex -32.8739 13.5 7.91732
      vertex -32.8953 13.8153 8.04118
      vertex -32.8536 13.8099 7.91732
    endloop
  endfacet
  facet normal -0.961925 -0.191454 -0.195051
    outer loop
      vertex -32.8583 -14.1319 8.16947
      vertex -32.8953 -13.8153 8.04118
      vertex -32.8336 -14.1253 8.04118
    endloop
  endfacet
  facet normal -0.928941 -0.184873 -0.320766
    outer loop
      vertex -32.8336 -14.1253 8.04118
      vertex -32.8536 -13.8099 7.91732
      vertex -32.793 -14.1144 7.91732
    endloop
  endfacet
  facet normal -0.0432029 0.0492033 -0.997854
    outer loop
      vertex -31.3853 14.65 7.3001
      vertex -31.6176 14.6176 7.30856
      vertex -31.5807 14.65 7.30856
    endloop
  endfacet
  facet normal -0.647014 -0.128842 -0.751514
    outer loop
      vertex -32.5836 -14.0583 7.59289
      vertex -32.6387 -13.7816 7.59289
      vertex -32.5411 -13.7687 7.50665
    endloop
  endfacet
  facet normal -0.647396 -0.128695 -0.75121
    outer loop
      vertex -32.4886 -14.0328 7.50665
      vertex -32.5836 -14.0583 7.59289
      vertex -32.5411 -13.7687 7.50665
    endloop
  endfacet
  facet normal -0.191682 -0.0380907 -0.980718
    outer loop
      vertex -32.0267 -13.9091 7.30856
      vertex -32.1942 -13.723 7.33407
      vertex -32.067 -13.7063 7.30856
    endloop
  endfacet
  facet normal -0.288786 -0.142304 -0.946759
    outer loop
      vertex -31.9799 -14.3544 7.33407
      vertex -32.1932 -14.2013 7.37612
      vertex -32.0787 -14.1539 7.33407
    endloop
  endfacet
  facet normal -0.804769 -0.396722 -0.441542
    outer loop
      vertex -32.5741 -14.65 7.91732
      vertex -32.6932 -14.4084 7.91732
      vertex -32.5118 -14.65 7.80377
    endloop
  endfacet
  facet normal -0.87985 -0.175103 -0.441819
    outer loop
      vertex -32.793 -14.1144 7.91732
      vertex -32.8536 -13.8099 7.91732
      vertex -32.7962 -13.8023 7.8
    endloop
  endfacet
  facet normal -0.746414 -0.368102 -0.554407
    outer loop
      vertex -32.4918 -14.65 7.776
      vertex -32.5726 -14.3585 7.69124
      vertex -32.4428 -14.6217 7.69124
    endloop
  endfacet
  facet normal -0.745799 -0.368161 -0.555194
    outer loop
      vertex -32.5726 -14.3585 7.69124
      vertex -32.4918 -14.65 7.776
      vertex -32.5075 -14.65 7.79709
    endloop
  endfacet
  facet normal -0.463037 -0.309214 -0.830652
    outer loop
      vertex -32.2023 -14.65 7.50665
      vertex -32.1888 -14.475 7.43398
      vertex -32.1539 -14.65 7.47967
    endloop
  endfacet
  facet normal -0.462775 -0.309284 -0.830772
    outer loop
      vertex -32.1888 -14.475 7.43398
      vertex -32.2023 -14.65 7.50665
      vertex -32.2829 -14.5294 7.50665
    endloop
  endfacet
  facet normal -0.195036 -0.980796 0
    outer loop
      vertex -30.8198 -15.929 8.3
      vertex -31.1341 -15.8665 8.3
      vertex -31.1341 -15.8665 8.29998
    endloop
  endfacet
  facet normal 0.739273 -0.648437 0.181673
    outer loop
      vertex 32.4437 -14.9915 8.3
      vertex 32.2324 -15.2324 8.3
      vertex 32.2326 -15.2322 8.2999
    endloop
  endfacet
  facet normal 0.751784 -0.65941 0
    outer loop
      vertex 32.4437 -14.9915 9.3
      vertex 32.2324 -15.2324 8.3
      vertex 32.4437 -14.9915 8.3
    endloop
  endfacet
  facet normal 0.831426 -0.555636 0
    outer loop
      vertex 32.6218 -14.725 9.3
      vertex 32.4437 -14.9915 8.3
      vertex 32.6218 -14.725 8.3
    endloop
  endfacet
  facet normal 0.831426 -0.555636 0
    outer loop
      vertex 32.6218 -14.725 9.3
      vertex 32.4437 -14.9915 9.3
      vertex 32.4437 -14.9915 8.3
    endloop
  endfacet
  facet normal -0.333207 -0.2925 -0.896335
    outer loop
      vertex -31.9442 -14.65 7.38367
      vertex -31.9987 -14.65 7.40393
      vertex -31.954 -14.6157 7.37612
    endloop
  endfacet
  facet normal -0.049308 -0.0432476 -0.997847
    outer loop
      vertex -31.6176 -14.6176 7.30856
      vertex -31.7539 -14.4622 7.30856
      vertex -31.6504 -14.3827 7.3
    endloop
  endfacet
  facet normal -0.73811 0.146955 -0.658482
    outer loop
      vertex -32.5836 14.0583 7.59289
      vertex -32.7242 13.7928 7.69124
      vertex -32.6669 14.0806 7.69124
    endloop
  endfacet
  facet normal -0.712694 0.241839 -0.658469
    outer loop
      vertex -32.5836 14.0583 7.59289
      vertex -32.6669 14.0806 7.69124
      vertex -32.5726 14.3585 7.69124
    endloop
  endfacet
  facet normal -0.978735 0.194684 -0.0646252
    outer loop
      vertex -32.9206 13.8187 8.16947
      vertex -32.929 13.8198 8.3
      vertex -32.8583 14.1319 8.16947
    endloop
  endfacet
  facet normal -0.978737 0.194626 -0.0647653
    outer loop
      vertex -32.8583 14.1319 8.16947
      vertex -32.929 13.8198 8.3
      vertex -32.8665 14.1341 8.3
    endloop
  endfacet
  facet normal -0.128934 -0.146819 -0.980724
    outer loop
      vertex -31.6071 -14.65 7.31203
      vertex -31.65 -14.65 7.31767
      vertex -31.6176 -14.6176 7.30856
    endloop
  endfacet
  facet normal -0.0545084 0.0363965 -0.99785
    outer loop
      vertex -31.7557 14.225 7.3
      vertex -31.8688 14.2903 7.30856
      vertex -31.6504 14.3827 7.3
    endloop
  endfacet
  facet normal -0.195013 0 -0.980801
    outer loop
      vertex -32.2088 -13.5 7.33407
      vertex -32.0805 13.5 7.30856
      vertex -32.0805 -13.5 7.30856
    endloop
  endfacet
  facet normal -0.195013 0 -0.980801
    outer loop
      vertex -32.0805 13.5 7.30856
      vertex -32.2088 -13.5 7.33407
      vertex -32.2088 13.5 7.33407
    endloop
  endfacet
  facet normal -0.0654532 0 -0.997856
    outer loop
      vertex -32.0805 -13.5 7.30856
      vertex -31.95 13.5 7.3
      vertex -31.95 -13.5 7.3
    endloop
  endfacet
  facet normal -0.0654532 0 -0.997856
    outer loop
      vertex -31.95 13.5 7.3
      vertex -32.0805 -13.5 7.30856
      vertex -32.0805 13.5 7.30856
    endloop
  endfacet
  facet normal -0.185066 -0.0628841 -0.980712
    outer loop
      vertex -32.0787 -14.1539 7.33407
      vertex -32.1506 -13.9423 7.33407
      vertex -31.9602 -14.1048 7.30856
    endloop
  endfacet
  facet normal -0.0545304 0.0364487 -0.997847
    outer loop
      vertex -31.6504 14.3827 7.3
      vertex -31.8688 14.2903 7.30856
      vertex -31.7539 14.4622 7.30856
    endloop
  endfacet
  facet normal -0.162479 -0.108552 -0.980723
    outer loop
      vertex -31.8557 -14.5403 7.33407
      vertex -31.9799 -14.3544 7.33407
      vertex -31.7539 -14.4622 7.30856
    endloop
  endfacet
  facet normal -0.397362 -0.195909 -0.896506
    outer loop
      vertex -32.1888 -14.475 7.43398
      vertex -32.1932 -14.2013 7.37612
      vertex -32.0872 -14.4163 7.37612
    endloop
  endfacet
  facet normal -0.545949 0.108448 -0.83077
    outer loop
      vertex -32.4333 13.7545 7.43398
      vertex -32.4886 14.0328 7.50665
      vertex -32.3836 14.0047 7.43398
    endloop
  endfacet
  facet normal -0.434345 0.0862787 -0.896605
    outer loop
      vertex -32.2702 13.9743 7.37612
      vertex -32.4333 13.7545 7.43398
      vertex -32.3836 14.0047 7.43398
    endloop
  endfacet
  facet normal -0.397362 0.195909 -0.896506
    outer loop
      vertex -32.0872 14.4163 7.37612
      vertex -32.1932 14.2013 7.37612
      vertex -32.1888 14.475 7.43398
    endloop
  endfacet
  facet normal -0.368381 0.24608 -0.896516
    outer loop
      vertex -32.0872 14.4163 7.37612
      vertex -32.1888 14.475 7.43398
      vertex -31.954 14.6157 7.37612
    endloop
  endfacet
  facet normal -0.185066 0.0628841 -0.980712
    outer loop
      vertex -31.9602 14.1048 7.30856
      vertex -32.1506 13.9423 7.33407
      vertex -32.0787 14.1539 7.33407
    endloop
  endfacet
  facet normal -0.305098 0.10367 -0.946661
    outer loop
      vertex -32.1506 13.9423 7.33407
      vertex -32.2702 13.9743 7.37612
      vertex -32.0787 14.1539 7.33407
    endloop
  endfacet
  facet normal -0.0643279 -0.0127964 -0.997847
    outer loop
      vertex -31.9006 -13.8753 7.3
      vertex -32.067 -13.7063 7.30856
      vertex -31.9376 -13.6893 7.3
    endloop
  endfacet
  facet normal -0.0620987 -0.0210914 -0.997847
    outer loop
      vertex -31.8396 -14.0549 7.3
      vertex -31.9602 -14.1048 7.30856
      vertex -31.9006 -13.8753 7.3
    endloop
  endfacet
  facet normal -0.895196 -0.0586334 -0.441799
    outer loop
      vertex -32.7962 -13.8023 7.8
      vertex -32.8739 -13.5 7.91732
      vertex -32.816 -13.5 7.8
    endloop
  endfacet
  facet normal -0.751653 0 -0.659559
    outer loop
      vertex -32.6571 -13.5 7.59289
      vertex -32.7434 13.5 7.69124
      vertex -32.6571 13.5 7.59289
    endloop
  endfacet
  facet normal -0.751653 -0 -0.659559
    outer loop
      vertex -32.7434 13.5 7.69124
      vertex -32.6571 -13.5 7.59289
      vertex -32.7434 -13.5 7.69124
    endloop
  endfacet
  facet normal -0.750748 -0.0490545 -0.658765
    outer loop
      vertex -32.6387 -13.7816 7.59289
      vertex -32.7434 -13.5 7.69124
      vertex -32.6571 -13.5 7.59289
    endloop
  endfacet
  facet normal -0.750989 -0.0492452 -0.658476
    outer loop
      vertex -32.7242 -13.7928 7.69124
      vertex -32.7434 -13.5 7.69124
      vertex -32.6387 -13.7816 7.59289
    endloop
  endfacet
  facet normal -0.961999 -0.191355 -0.194787
    outer loop
      vertex -32.8583 -14.1319 8.16947
      vertex -32.9206 -13.8187 8.16947
      vertex -32.8953 -13.8153 8.04118
    endloop
  endfacet
  facet normal -0.978735 -0.194684 -0.0646252
    outer loop
      vertex -32.8583 -14.1319 8.16947
      vertex -32.929 -13.8198 8.3
      vertex -32.9206 -13.8187 8.16947
    endloop
  endfacet
  facet normal -0.850664 -0.419346 -0.317048
    outer loop
      vertex -32.5806 -14.65 7.93476
      vertex -32.6932 -14.4084 7.91732
      vertex -32.5741 -14.65 7.91732
    endloop
  endfacet
  facet normal -0.849485 -0.419052 -0.320578
    outer loop
      vertex -32.6932 -14.4084 7.91732
      vertex -32.5806 -14.65 7.93476
      vertex -32.732 -14.4245 8.04118
    endloop
  endfacet
  facet normal -0.92873 -0.315371 -0.194939
    outer loop
      vertex -32.7556 -14.4343 8.16947
      vertex -32.8336 -14.1253 8.04118
      vertex -32.732 -14.4245 8.04118
    endloop
  endfacet
  facet normal -0.591982 -0.291898 -0.751235
    outer loop
      vertex -32.3681 -14.5786 7.59289
      vertex -32.4929 -14.3255 7.59289
      vertex -32.402 -14.2879 7.50665
    endloop
  endfacet
  facet normal -0.78799 -0.267516 -0.554533
    outer loop
      vertex -32.6397 -14.3863 7.8
      vertex -32.7371 -14.0994 7.8
      vertex -32.5726 -14.3585 7.69124
    endloop
  endfacet
  facet normal -0.434345 -0.0862787 -0.896605
    outer loop
      vertex -32.3836 -14.0047 7.43398
      vertex -32.4333 -13.7545 7.43398
      vertex -32.2702 -13.9743 7.37612
    endloop
  endfacet
  facet normal -0.545805 -0.1085 -0.830858
    outer loop
      vertex -32.4886 -14.0328 7.50665
      vertex -32.5411 -13.7687 7.50665
      vertex -32.4333 -13.7545 7.43398
    endloop
  endfacet
  facet normal -0.555295 -0.0364378 -0.830855
    outer loop
      vertex -32.4333 -13.7545 7.43398
      vertex -32.5411 -13.7687 7.50665
      vertex -32.45 -13.5 7.43398
    endloop
  endfacet
  facet normal -0.43461 -0.0865153 -0.896454
    outer loop
      vertex -32.2702 -13.9743 7.37612
      vertex -32.4333 -13.7545 7.43398
      vertex -32.317 -13.7392 7.37612
    endloop
  endfacet
  facet normal -0.896927 -0.304572 -0.320559
    outer loop
      vertex -32.732 -14.4245 8.04118
      vertex -32.8336 -14.1253 8.04118
      vertex -32.6932 -14.4084 7.91732
    endloop
  endfacet
  facet normal -0.896887 -0.304454 -0.320783
    outer loop
      vertex -32.6932 -14.4084 7.91732
      vertex -32.8336 -14.1253 8.04118
      vertex -32.793 -14.1144 7.91732
    endloop
  endfacet
  facet normal -0.333344 -0.292526 -0.896276
    outer loop
      vertex -31.9442 -14.65 7.38367
      vertex -31.954 -14.6157 7.37612
      vertex -31.9239 -14.65 7.37612
    endloop
  endfacet
  facet normal -0.462457 -0.309186 -0.830986
    outer loop
      vertex -32.1539 -14.65 7.47967
      vertex -32.1888 -14.475 7.43398
      vertex -32.0718 -14.65 7.43398
    endloop
  endfacet
  facet normal -0.674952 -0.33286 -0.658517
    outer loop
      vertex -32.4428 -14.6217 7.69124
      vertex -32.5726 -14.3585 7.69124
      vertex -32.3681 -14.5786 7.59289
    endloop
  endfacet
  facet normal -0.674912 -0.33279 -0.658593
    outer loop
      vertex -32.3681 -14.5786 7.59289
      vertex -32.5726 -14.3585 7.69124
      vertex -32.4929 -14.3255 7.59289
    endloop
  endfacet
  facet normal 0.65941 -0.751784 0
    outer loop
      vertex 32.2324 -15.2324 8.3
      vertex 31.9915 -15.4437 9.3
      vertex 31.9915 -15.4437 8.3
    endloop
  endfacet
  facet normal -0.242185 0.21253 -0.946667
    outer loop
      vertex -31.863 14.65 7.36054
      vertex -31.954 14.6157 7.37612
      vertex -31.9239 14.65 7.37612
    endloop
  endfacet
  facet normal -0.591982 0.291898 -0.751235
    outer loop
      vertex -32.402 14.2879 7.50665
      vertex -32.4929 14.3255 7.59289
      vertex -32.3681 14.5786 7.59289
    endloop
  endfacet
  facet normal -0.674912 0.33279 -0.658593
    outer loop
      vertex -32.4929 14.3255 7.59289
      vertex -32.5726 14.3585 7.69124
      vertex -32.3681 14.5786 7.59289
    endloop
  endfacet
  facet normal -0.896887 0.304454 -0.320783
    outer loop
      vertex -32.793 14.1144 7.91732
      vertex -32.8336 14.1253 8.04118
      vertex -32.6932 14.4084 7.91732
    endloop
  endfacet
  facet normal -0.928941 0.184873 -0.320766
    outer loop
      vertex -32.793 14.1144 7.91732
      vertex -32.8536 13.8099 7.91732
      vertex -32.8336 14.1253 8.04118
    endloop
  endfacet
  facet normal -0.128906 -0.14681 -0.980729
    outer loop
      vertex -31.6071 -14.65 7.31203
      vertex -31.6176 -14.6176 7.30856
      vertex -31.5807 -14.65 7.30856
    endloop
  endfacet
  facet normal -0.0453469 -0.0517108 -0.997632
    outer loop
      vertex -31.3853 -14.65 7.3001
      vertex -31.5253 -14.5253 7.3
      vertex -31.3831 -14.65 7.3
    endloop
  endfacet
  facet normal -0.0432192 -0.0493222 -0.997847
    outer loop
      vertex -31.5253 -14.5253 7.3
      vertex -31.3853 -14.65 7.3001
      vertex -31.6176 -14.6176 7.30856
    endloop
  endfacet
  facet normal -0.185069 -0.0628876 -0.980711
    outer loop
      vertex -31.9602 -14.1048 7.30856
      vertex -32.1506 -13.9423 7.33407
      vertex -32.0267 -13.9091 7.30856
    endloop
  endfacet
  facet normal -0.0588211 -0.0290129 -0.997847
    outer loop
      vertex -31.7557 -14.225 7.3
      vertex -31.9602 -14.1048 7.30856
      vertex -31.8396 -14.0549 7.3
    endloop
  endfacet
  facet normal -0.0643111 -0.0127798 -0.997848
    outer loop
      vertex -32.0267 -13.9091 7.30856
      vertex -32.067 -13.7063 7.30856
      vertex -31.9006 -13.8753 7.3
    endloop
  endfacet
  facet normal -0.316027 -0.0628307 -0.946668
    outer loop
      vertex -32.1506 -13.9423 7.33407
      vertex -32.2702 -13.9743 7.37612
      vertex -32.1942 -13.723 7.33407
    endloop
  endfacet
  facet normal -0.879946 -0.175041 -0.441652
    outer loop
      vertex -32.793 -14.1144 7.91732
      vertex -32.7962 -13.8023 7.8
      vertex -32.7371 -14.0994 7.8
    endloop
  endfacet
  facet normal -0.787885 -0.267354 -0.554761
    outer loop
      vertex -32.5726 -14.3585 7.69124
      vertex -32.7371 -14.0994 7.8
      vertex -32.6669 -14.0806 7.69124
    endloop
  endfacet
  facet normal -0.0492955 -0.0432459 -0.997848
    outer loop
      vertex -31.6176 -14.6176 7.30856
      vertex -31.6504 -14.3827 7.3
      vertex -31.5253 -14.5253 7.3
    endloop
  endfacet
  facet normal -0.545949 -0.108448 -0.83077
    outer loop
      vertex -32.3836 -14.0047 7.43398
      vertex -32.4886 -14.0328 7.50665
      vertex -32.4333 -13.7545 7.43398
    endloop
  endfacet
  facet normal -0.527082 -0.178931 -0.830764
    outer loop
      vertex -32.402 -14.2879 7.50665
      vertex -32.4886 -14.0328 7.50665
      vertex -32.3836 -14.0047 7.43398
    endloop
  endfacet
  facet normal -0.712562 -0.241876 -0.658598
    outer loop
      vertex -32.5726 -14.3585 7.69124
      vertex -32.5836 -14.0583 7.59289
      vertex -32.4929 -14.3255 7.59289
    endloop
  endfacet
  facet normal -0.624987 -0.21215 -0.751254
    outer loop
      vertex -32.4929 -14.3255 7.59289
      vertex -32.5836 -14.0583 7.59289
      vertex -32.402 -14.2879 7.50665
    endloop
  endfacet
  facet normal -0.442177 -0.0290151 -0.896458
    outer loop
      vertex -32.4333 -13.7545 7.43398
      vertex -32.45 -13.5 7.43398
      vertex -32.317 -13.7392 7.37612
    endloop
  endfacet
  facet normal -0.442189 -0.0290233 -0.896452
    outer loop
      vertex -32.317 -13.7392 7.37612
      vertex -32.45 -13.5 7.43398
      vertex -32.3327 -13.5 7.37612
    endloop
  endfacet
  facet normal -0.419309 -0.142374 -0.89661
    outer loop
      vertex -32.3016 -14.2462 7.43398
      vertex -32.3836 -14.0047 7.43398
      vertex -32.2702 -13.9743 7.37612
    endloop
  endfacet
  facet normal -0.304883 -0.103419 -0.946758
    outer loop
      vertex -32.1932 -14.2013 7.37612
      vertex -32.2702 -13.9743 7.37612
      vertex -32.0787 -14.1539 7.33407
    endloop
  endfacet
  facet normal -0.548716 -0.366721 -0.751283
    outer loop
      vertex -32.2721 -14.65 7.55763
      vertex -32.2829 -14.5294 7.50665
      vertex -32.2023 -14.65 7.50665
    endloop
  endfacet
  facet normal -0.548696 -0.366725 -0.751296
    outer loop
      vertex -32.2829 -14.5294 7.50665
      vertex -32.2721 -14.65 7.55763
      vertex -32.3681 -14.5786 7.59289
    endloop
  endfacet
  facet normal -0.5919 -0.291906 -0.751295
    outer loop
      vertex -32.3681 -14.5786 7.59289
      vertex -32.402 -14.2879 7.50665
      vertex -32.2829 -14.5294 7.50665
    endloop
  endfacet
  facet normal 0.707107 -0.707107 0
    outer loop
      vertex 32.2324 -15.2324 8.3
      vertex 32.2322 -15.2326 8.2999
      vertex 32.2324 -15.2324 8.2999
    endloop
  endfacet
  facet normal -0.333207 0.2925 -0.896335
    outer loop
      vertex -31.954 14.6157 7.37612
      vertex -31.9987 14.65 7.40393
      vertex -31.9442 14.65 7.38367
    endloop
  endfacet
  facet normal -0.242185 -0.21253 -0.946667
    outer loop
      vertex -31.9239 -14.65 7.37612
      vertex -31.954 -14.6157 7.37612
      vertex -31.863 -14.65 7.36054
    endloop
  endfacet
  facet normal -0.242124 -0.212328 -0.946727
    outer loop
      vertex -31.863 -14.65 7.36054
      vertex -31.8557 -14.5403 7.33407
      vertex -31.7595 -14.65 7.33407
    endloop
  endfacet
  facet normal -0.24212 -0.212328 -0.946728
    outer loop
      vertex -31.8557 -14.5403 7.33407
      vertex -31.863 -14.65 7.36054
      vertex -31.954 -14.6157 7.37612
    endloop
  endfacet
  facet normal -0.146885 -0.128868 -0.980723
    outer loop
      vertex -31.7595 -14.65 7.33407
      vertex -31.6176 -14.6176 7.30856
      vertex -31.65 -14.65 7.31767
    endloop
  endfacet
  facet normal -0.146897 -0.128819 -0.980728
    outer loop
      vertex -31.6176 -14.6176 7.30856
      vertex -31.7595 -14.65 7.33407
      vertex -31.8557 -14.5403 7.33407
    endloop
  endfacet
  facet normal -0.191708 -0.0381142 -0.980712
    outer loop
      vertex -32.1506 -13.9423 7.33407
      vertex -32.1942 -13.723 7.33407
      vertex -32.0267 -13.9091 7.30856
    endloop
  endfacet
  facet normal -0.175339 -0.0863932 -0.98071
    outer loop
      vertex -31.8688 -14.2903 7.30856
      vertex -31.9799 -14.3544 7.33407
      vertex -31.9602 -14.1048 7.30856
    endloop
  endfacet
  facet normal -0.175325 -0.0863945 -0.980713
    outer loop
      vertex -31.9799 -14.3544 7.33407
      vertex -32.0787 -14.1539 7.33407
      vertex -31.9602 -14.1048 7.30856
    endloop
  endfacet
  facet normal -0.194998 -0.0127604 -0.980721
    outer loop
      vertex -32.067 -13.7063 7.30856
      vertex -32.2088 -13.5 7.33407
      vertex -32.0805 -13.5 7.30856
    endloop
  endfacet
  facet normal -0.0654526 -0.00428313 -0.997846
    outer loop
      vertex -32.067 -13.7063 7.30856
      vertex -32.0805 -13.5 7.30856
      vertex -31.95 -13.5 7.3
    endloop
  endfacet
  facet normal -0.816019 -0.162325 -0.554765
    outer loop
      vertex -32.7371 -14.0994 7.8
      vertex -32.7962 -13.8023 7.8
      vertex -32.6669 -14.0806 7.69124
    endloop
  endfacet
  facet normal -0.816164 -0.162495 -0.554501
    outer loop
      vertex -32.6669 -14.0806 7.69124
      vertex -32.7962 -13.8023 7.8
      vertex -32.7242 -13.7928 7.69124
    endloop
  endfacet
  facet normal -0.315884 -0.0628812 -0.946712
    outer loop
      vertex -32.2702 -13.9743 7.37612
      vertex -32.317 -13.7392 7.37612
      vertex -32.1942 -13.723 7.33407
    endloop
  endfacet
  facet normal -0.321402 -0.0210425 -0.946709
    outer loop
      vertex -32.1942 -13.723 7.33407
      vertex -32.317 -13.7392 7.37612
      vertex -32.2088 -13.5 7.33407
    endloop
  endfacet
  facet normal -0.397374 -0.195908 -0.896501
    outer loop
      vertex -32.1888 -14.475 7.43398
      vertex -32.3016 -14.2462 7.43398
      vertex -32.1932 -14.2013 7.37612
    endloop
  endfacet
  facet normal -0.499154 -0.246086 -0.830835
    outer loop
      vertex -32.1888 -14.475 7.43398
      vertex -32.402 -14.2879 7.50665
      vertex -32.3016 -14.2462 7.43398
    endloop
  endfacet
  facet normal -0.548596 0.366499 -0.75148
    outer loop
      vertex -32.2721 14.65 7.55763
      vertex -32.3681 14.5786 7.59289
      vertex -32.3204 14.65 7.59289
    endloop
  endfacet
  facet normal -0.267808 -0.178897 -0.946718
    outer loop
      vertex -31.954 -14.6157 7.37612
      vertex -32.0872 -14.4163 7.37612
      vertex -31.9799 -14.3544 7.33407
    endloop
  endfacet
  facet normal -0.368381 -0.24608 -0.896516
    outer loop
      vertex -31.954 -14.6157 7.37612
      vertex -32.1888 -14.475 7.43398
      vertex -32.0872 -14.4163 7.37612
    endloop
  endfacet
  facet normal -0.0654458 -0.004287 -0.997847
    outer loop
      vertex -31.9376 -13.6893 7.3
      vertex -32.067 -13.7063 7.30856
      vertex -31.95 -13.5 7.3
    endloop
  endfacet
  facet normal -0.462457 0.309186 -0.830986
    outer loop
      vertex -32.0718 14.65 7.43398
      vertex -32.1888 14.475 7.43398
      vertex -32.1539 14.65 7.47967
    endloop
  endfacet
  facet normal -0.463037 0.309214 -0.830652
    outer loop
      vertex -32.1888 14.475 7.43398
      vertex -32.2023 14.65 7.50665
      vertex -32.1539 14.65 7.47967
    endloop
  endfacet
  facet normal -0.462775 0.309284 -0.830772
    outer loop
      vertex -32.2023 14.65 7.50665
      vertex -32.1888 14.475 7.43398
      vertex -32.2829 14.5294 7.50665
    endloop
  endfacet
  facet normal -0.333344 0.292526 -0.896276
    outer loop
      vertex -31.9239 14.65 7.37612
      vertex -31.954 14.6157 7.37612
      vertex -31.9442 14.65 7.38367
    endloop
  endfacet
  facet normal 0 0 -1
    outer loop
      vertex -31.3831 -14.65 7.3
      vertex 31.35 14.65 7.3
      vertex 31.35 -14.65 7.3
    endloop
  endfacet
  facet normal 0 0 -1
    outer loop
      vertex -31.3831 -14.65 7.3
      vertex -31.3831 14.65 7.3
      vertex 31.35 14.65 7.3
    endloop
  endfacet
  facet normal 0 0 -1
    outer loop
      vertex -31.95 -13.5 7.3
      vertex -31.3831 -14.65 7.3
      vertex -31.5253 -14.5253 7.3
    endloop
  endfacet
  facet normal 0 0 -1
    outer loop
      vertex -31.3831 -14.65 7.3
      vertex -31.95 -13.5 7.3
      vertex -31.3831 14.65 7.3
    endloop
  endfacet
  facet normal 0 0 -1
    outer loop
      vertex -31.95 -13.5 7.3
      vertex -31.5253 -14.5253 7.3
      vertex -31.6504 -14.3827 7.3
    endloop
  endfacet
  facet normal 0 0 -1
    outer loop
      vertex -31.95 13.5 7.3
      vertex -31.3831 14.65 7.3
      vertex -31.95 -13.5 7.3
    endloop
  endfacet
  facet normal 0 0 -1
    outer loop
      vertex -31.95 -13.5 7.3
      vertex -31.6504 -14.3827 7.3
      vertex -31.7557 -14.225 7.3
    endloop
  endfacet
  facet normal 0 0 -1
    outer loop
      vertex -31.3831 14.65 7.3
      vertex -31.95 13.5 7.3
      vertex -31.5253 14.5253 7.3
    endloop
  endfacet
  facet normal 0 0 -1
    outer loop
      vertex -31.95 -13.5 7.3
      vertex -31.7557 -14.225 7.3
      vertex -31.8396 -14.0549 7.3
    endloop
  endfacet
  facet normal 0 0 -1
    outer loop
      vertex -31.5253 14.5253 7.3
      vertex -31.95 13.5 7.3
      vertex -31.6504 14.3827 7.3
    endloop
  endfacet
  facet normal 0 0 -1
    outer loop
      vertex -31.95 -13.5 7.3
      vertex -31.8396 -14.0549 7.3
      vertex -31.9006 -13.8753 7.3
    endloop
  endfacet
  facet normal 0 0 -1
    outer loop
      vertex -31.6504 14.3827 7.3
      vertex -31.95 13.5 7.3
      vertex -31.7557 14.225 7.3
    endloop
  endfacet
  facet normal 0 0 -1
    outer loop
      vertex -31.95 -13.5 7.3
      vertex -31.9006 -13.8753 7.3
      vertex -31.9376 -13.6893 7.3
    endloop
  endfacet
  facet normal 0 0 -1
    outer loop
      vertex -31.7557 14.225 7.3
      vertex -31.95 13.5 7.3
      vertex -31.8396 14.0549 7.3
    endloop
  endfacet
  facet normal 0 0 -1
    outer loop
      vertex -31.8396 14.0549 7.3
      vertex -31.95 13.5 7.3
      vertex -31.9006 13.8753 7.3
    endloop
  endfacet
  facet normal 0 0 -1
    outer loop
      vertex -31.9006 13.8753 7.3
      vertex -31.95 13.5 7.3
      vertex -31.9376 13.6893 7.3
    endloop
  endfacet
  facet normal 0 0 -1
    outer loop
      vertex 31.8 -12.6 1.2207e-05
      vertex 32.95 -13.5 1.2207e-05
      vertex 32.929 -13.8198 1.2207e-05
    endloop
  endfacet
  facet normal 0 0 -1
    outer loop
      vertex 32.95 -13.5 1.2207e-05
      vertex 31.8 -12.6 1.2207e-05
      vertex 32.95 13.5 1.2207e-05
    endloop
  endfacet
  facet normal 0 0 -1
    outer loop
      vertex 31.8 -12.6 1.2207e-05
      vertex 32.929 -13.8198 1.2207e-05
      vertex 32.8665 -14.1341 1.2207e-05
    endloop
  endfacet
  facet normal 0 0 -1
    outer loop
      vertex 31.8 12.6 1.2207e-05
      vertex 32.95 13.5 1.2207e-05
      vertex 31.8 -12.6 1.2207e-05
    endloop
  endfacet
  facet normal 0 0 -1
    outer loop
      vertex 31.8 -12.6 1.2207e-05
      vertex 32.8665 -14.1341 1.2207e-05
      vertex 32.7635 -14.4376 1.2207e-05
    endloop
  endfacet
  facet normal -0 0 -1
    outer loop
      vertex 32.95 13.5 1.2207e-05
      vertex 31.8 12.6 1.2207e-05
      vertex 32.929 13.8198 1.2207e-05
    endloop
  endfacet
  facet normal 0 0 -1
    outer loop
      vertex 31.8 -12.6 1.2207e-05
      vertex 32.7635 -14.4376 1.2207e-05
      vertex 32.6218 -14.725 1.2207e-05
    endloop
  endfacet
  facet normal -0 0 -1
    outer loop
      vertex 32.929 13.8198 1.2207e-05
      vertex 31.8 12.6 1.2207e-05
      vertex 32.8665 14.1341 1.2207e-05
    endloop
  endfacet
  facet normal 0 0 -1
    outer loop
      vertex 31.8 -12.6 1.2207e-05
      vertex 32.6218 -14.725 1.2207e-05
      vertex 32.4437 -14.9915 1.2207e-05
    endloop
  endfacet
  facet normal -0 0 -1
    outer loop
      vertex 32.8665 14.1341 1.2207e-05
      vertex 31.8 12.6 1.2207e-05
      vertex 32.7635 14.4376 1.2207e-05
    endloop
  endfacet
  facet normal 0 0 -1
    outer loop
      vertex 31.8 -12.6 1.2207e-05
      vertex 32.4437 -14.9915 1.2207e-05
      vertex 32.2324 -15.2324 1.2207e-05
    endloop
  endfacet
  facet normal -0 0 -1
    outer loop
      vertex 32.7635 14.4376 1.2207e-05
      vertex 31.8 12.6 1.2207e-05
      vertex 32.6218 14.725 1.2207e-05
    endloop
  endfacet
  facet normal 0 0 -1
    outer loop
      vertex 31.8 -12.6 1.2207e-05
      vertex 32.2324 -15.2324 1.2207e-05
      vertex 31.9915 -15.4437 1.2207e-05
    endloop
  endfacet
  facet normal -0 0 -1
    outer loop
      vertex 32.6218 14.725 1.2207e-05
      vertex 31.8 12.6 1.2207e-05
      vertex 32.4437 14.9915 1.2207e-05
    endloop
  endfacet
  facet normal -0 0 -1
    outer loop
      vertex 32.4437 14.9915 1.2207e-05
      vertex 31.8 12.6 1.2207e-05
      vertex 32.2324 15.2324 1.2207e-05
    endloop
  endfacet
  facet normal 0 0 -1
    outer loop
      vertex 31.725 -15.6218 1.2207e-05
      vertex 31.8 -12.6 1.2207e-05
      vertex 31.9915 -15.4437 1.2207e-05
    endloop
  endfacet
  facet normal 0 0 -1
    outer loop
      vertex 31.4376 -15.7635 1.2207e-05
      vertex 31.8 -12.6 1.2207e-05
      vertex 31.725 -15.6218 1.2207e-05
    endloop
  endfacet
  facet normal 0 0 -1
    outer loop
      vertex 31.1341 -15.8665 1.2207e-05
      vertex 31.8 -12.6 1.2207e-05
      vertex 31.4376 -15.7635 1.2207e-05
    endloop
  endfacet
  facet normal 0 0 -1
    outer loop
      vertex 30.8198 -15.929 1.2207e-05
      vertex 31.8 -12.6 1.2207e-05
      vertex 31.1341 -15.8665 1.2207e-05
    endloop
  endfacet
  facet normal 0 0 -1
    outer loop
      vertex 30.5 -15.95 1.2207e-05
      vertex 31.8 -12.6 1.2207e-05
      vertex 30.8198 -15.929 1.2207e-05
    endloop
  endfacet
  facet normal 0 0 -1
    outer loop
      vertex -30.5 -15.95 1.2207e-05
      vertex 31.8 -12.6 1.2207e-05
      vertex 30.5 -15.95 1.2207e-05
    endloop
  endfacet
  facet normal 0 0 -1
    outer loop
      vertex -32.95 -13.5 1.2207e-05
      vertex -30.5 -15.95 1.2207e-05
      vertex -30.8198 -15.929 1.2207e-05
    endloop
  endfacet
  facet normal 0 0 -1
    outer loop
      vertex -32.95 -13.5 1.2207e-05
      vertex -30.8198 -15.929 1.2207e-05
      vertex -31.1341 -15.8665 1.2207e-05
    endloop
  endfacet
  facet normal 0 0 -1
    outer loop
      vertex -32.95 -13.5 1.2207e-05
      vertex -31.1341 -15.8665 1.2207e-05
      vertex -31.4376 -15.7635 1.2207e-05
    endloop
  endfacet
  facet normal 0 0 -1
    outer loop
      vertex -32.95 -13.5 1.2207e-05
      vertex -31.4376 -15.7635 1.2207e-05
      vertex -31.725 -15.6218 1.2207e-05
    endloop
  endfacet
  facet normal 0 0 -1
    outer loop
      vertex -32.95 -13.5 1.2207e-05
      vertex -31.725 -15.6218 1.2207e-05
      vertex -31.9915 -15.4437 1.2207e-05
    endloop
  endfacet
  facet normal 0 0 -1
    outer loop
      vertex -32.95 -13.5 1.2207e-05
      vertex -31.9915 -15.4437 1.2207e-05
      vertex -32.2324 -15.2324 1.2207e-05
    endloop
  endfacet
  facet normal 0 0 -1
    outer loop
      vertex -32.95 -13.5 1.2207e-05
      vertex -32.2324 -15.2324 1.2207e-05
      vertex -32.4437 -14.9915 1.2207e-05
    endloop
  endfacet
  facet normal 0 0 -1
    outer loop
      vertex -32.95 -13.5 1.2207e-05
      vertex -32.4437 -14.9915 1.2207e-05
      vertex -32.6218 -14.725 1.2207e-05
    endloop
  endfacet
  facet normal 0 0 -1
    outer loop
      vertex -32.95 -13.5 1.2207e-05
      vertex -32.6218 -14.725 1.2207e-05
      vertex -32.7635 -14.4376 1.2207e-05
    endloop
  endfacet
  facet normal 0 0 -1
    outer loop
      vertex -32.95 -13.5 1.2207e-05
      vertex -32.7635 -14.4376 1.2207e-05
      vertex -32.8665 -14.1341 1.2207e-05
    endloop
  endfacet
  facet normal 0 0 -1
    outer loop
      vertex -32.95 -13.5 1.2207e-05
      vertex -32.8665 -14.1341 1.2207e-05
      vertex -32.929 -13.8198 1.2207e-05
    endloop
  endfacet
  facet normal 0 0 -1
    outer loop
      vertex -30.5 -15.95 1.2207e-05
      vertex -32.95 -13.5 1.2207e-05
      vertex -32.95 -12.6 1.2207e-05
    endloop
  endfacet
  facet normal 0 0 -1
    outer loop
      vertex -30.5 -15.95 1.2207e-05
      vertex -32.95 -12.6 1.2207e-05
      vertex 31.8 -12.6 1.2207e-05
    endloop
  endfacet
  facet normal -0 0 -1
    outer loop
      vertex 32.2324 15.2324 1.2207e-05
      vertex 31.8 12.6 1.2207e-05
      vertex 31.9915 15.4437 1.2207e-05
    endloop
  endfacet
  facet normal 0 0 -1
    outer loop
      vertex 31.8 12.6 1.2207e-05
      vertex 31.725 15.6218 1.2207e-05
      vertex 31.9915 15.4437 1.2207e-05
    endloop
  endfacet
  facet normal 0 0 -1
    outer loop
      vertex 31.8 12.6 1.2207e-05
      vertex 31.4376 15.7635 1.2207e-05
      vertex 31.725 15.6218 1.2207e-05
    endloop
  endfacet
  facet normal 0 0 -1
    outer loop
      vertex 31.8 12.6 1.2207e-05
      vertex 31.1341 15.8665 1.2207e-05
      vertex 31.4376 15.7635 1.2207e-05
    endloop
  endfacet
  facet normal 0 0 -1
    outer loop
      vertex 31.8 12.6 1.2207e-05
      vertex 30.8198 15.929 1.2207e-05
      vertex 31.1341 15.8665 1.2207e-05
    endloop
  endfacet
  facet normal 0 0 -1
    outer loop
      vertex 31.8 12.6 1.2207e-05
      vertex 30.5 15.95 1.2207e-05
      vertex 30.8198 15.929 1.2207e-05
    endloop
  endfacet
  facet normal 0 0 -1
    outer loop
      vertex 31.8 12.6 1.2207e-05
      vertex -30.5 15.95 1.2207e-05
      vertex 30.5 15.95 1.2207e-05
    endloop
  endfacet
  facet normal 0 0 -1
    outer loop
      vertex -32.95 12.6 1.2207e-05
      vertex -30.5 15.95 1.2207e-05
      vertex 31.8 12.6 1.2207e-05
    endloop
  endfacet
  facet normal 0 0 -1
    outer loop
      vertex -32.95 13.5 1.2207e-05
      vertex -30.5 15.95 1.2207e-05
      vertex -32.95 12.6 1.2207e-05
    endloop
  endfacet
  facet normal 0 0 -1
    outer loop
      vertex -30.5 15.95 1.2207e-05
      vertex -32.95 13.5 1.2207e-05
      vertex -30.8198 15.929 1.2207e-05
    endloop
  endfacet
  facet normal 0 0 -1
    outer loop
      vertex -30.8198 15.929 1.2207e-05
      vertex -32.95 13.5 1.2207e-05
      vertex -31.1341 15.8665 1.2207e-05
    endloop
  endfacet
  facet normal 0 0 -1
    outer loop
      vertex -31.1341 15.8665 1.2207e-05
      vertex -32.95 13.5 1.2207e-05
      vertex -31.4376 15.7635 1.2207e-05
    endloop
  endfacet
  facet normal 0 0 -1
    outer loop
      vertex -31.4376 15.7635 1.2207e-05
      vertex -32.95 13.5 1.2207e-05
      vertex -31.725 15.6218 1.2207e-05
    endloop
  endfacet
  facet normal 0 0 -1
    outer loop
      vertex -31.725 15.6218 1.2207e-05
      vertex -32.95 13.5 1.2207e-05
      vertex -31.9915 15.4437 1.2207e-05
    endloop
  endfacet
  facet normal 0 0 -1
    outer loop
      vertex -31.9915 15.4437 1.2207e-05
      vertex -32.95 13.5 1.2207e-05
      vertex -32.2324 15.2324 1.2207e-05
    endloop
  endfacet
  facet normal 0 0 -1
    outer loop
      vertex -32.2324 15.2324 1.2207e-05
      vertex -32.95 13.5 1.2207e-05
      vertex -32.4437 14.9915 1.2207e-05
    endloop
  endfacet
  facet normal 0 0 -1
    outer loop
      vertex -32.4437 14.9915 1.2207e-05
      vertex -32.95 13.5 1.2207e-05
      vertex -32.6218 14.725 1.2207e-05
    endloop
  endfacet
  facet normal 0 0 -1
    outer loop
      vertex -32.6218 14.725 1.2207e-05
      vertex -32.95 13.5 1.2207e-05
      vertex -32.7635 14.4376 1.2207e-05
    endloop
  endfacet
  facet normal 0 0 -1
    outer loop
      vertex -32.7635 14.4376 1.2207e-05
      vertex -32.95 13.5 1.2207e-05
      vertex -32.8665 14.1341 1.2207e-05
    endloop
  endfacet
  facet normal 0 0 -1
    outer loop
      vertex -32.8665 14.1341 1.2207e-05
      vertex -32.95 13.5 1.2207e-05
      vertex -32.929 13.8198 1.2207e-05
    endloop
  endfacet
  facet normal 0 -0.0653661 -0.997861
    outer loop
      vertex -32.95 12.6 1.2207e-05
      vertex 31.7413 12.5413 0.00385742
      vertex -32.95 12.5413 0.00385742
    endloop
  endfacet
  facet normal 0 -0.0653661 -0.997861
    outer loop
      vertex 31.7413 12.5413 0.00385742
      vertex -32.95 12.6 1.2207e-05
      vertex 31.8 12.6 1.2207e-05
    endloop
  endfacet
  facet normal 0 -0.194972 -0.980809
    outer loop
      vertex -32.95 12.5413 0.00385742
      vertex 31.6835 12.4835 0.0153473
      vertex -32.95 12.4835 0.0153473
    endloop
  endfacet
  facet normal 0 -0.194972 -0.980809
    outer loop
      vertex 31.6835 12.4835 0.0153473
      vertex -32.95 12.5413 0.00385742
      vertex 31.7413 12.5413 0.00385742
    endloop
  endfacet
  facet normal 0 -0.321642 -0.946861
    outer loop
      vertex -32.95 12.4835 0.0153473
      vertex 31.6278 12.4278 0.0342682
      vertex -32.95 12.4278 0.0342682
    endloop
  endfacet
  facet normal 0 -0.321642 -0.946861
    outer loop
      vertex 31.6278 12.4278 0.0342682
      vertex -32.95 12.4835 0.0153473
      vertex 31.6835 12.4835 0.0153473
    endloop
  endfacet
  facet normal 0 -0.442199 -0.896917
    outer loop
      vertex -32.95 12.4278 0.0342682
      vertex 31.575 12.375 0.0602997
      vertex -32.95 12.375 0.0602997
    endloop
  endfacet
  facet normal 0 -0.442199 -0.896917
    outer loop
      vertex 31.575 12.375 0.0602997
      vertex -32.95 12.4278 0.0342682
      vertex 31.6278 12.4278 0.0342682
    endloop
  endfacet
  facet normal 0 -0.555087 -0.831792
    outer loop
      vertex -32.95 12.375 0.0602997
      vertex 31.526 12.326 0.0929993
      vertex -32.95 12.326 0.0929993
    endloop
  endfacet
  facet normal 0 -0.555087 -0.831792
    outer loop
      vertex 31.526 12.326 0.0929993
      vertex -32.95 12.375 0.0602997
      vertex 31.575 12.375 0.0602997
    endloop
  endfacet
  facet normal 0 -0.659887 -0.751365
    outer loop
      vertex -32.95 12.326 0.0929993
      vertex 31.4818 12.2818 0.131818
      vertex -32.95 12.2818 0.131818
    endloop
  endfacet
  facet normal 0 -0.659887 -0.751365
    outer loop
      vertex 31.4818 12.2818 0.131818
      vertex -32.95 12.326 0.0929993
      vertex 31.526 12.326 0.0929993
    endloop
  endfacet
  facet normal 0 -0.751892 -0.659286
    outer loop
      vertex -32.95 12.2818 0.131818
      vertex 31.443 12.243 0.176068
      vertex -32.95 12.243 0.176068
    endloop
  endfacet
  facet normal 0 -0.751892 -0.659286
    outer loop
      vertex 31.443 12.243 0.176068
      vertex -32.95 12.2818 0.131818
      vertex 31.4818 12.2818 0.131818
    endloop
  endfacet
  facet normal 0 -0.831449 -0.555602
    outer loop
      vertex -32.95 12.243 0.176068
      vertex 31.4103 12.2103 0.225003
      vertex -32.95 12.2103 0.225003
    endloop
  endfacet
  facet normal 0 -0.831449 -0.555602
    outer loop
      vertex 31.4103 12.2103 0.225003
      vertex -32.95 12.243 0.176068
      vertex 31.443 12.243 0.176068
    endloop
  endfacet
  facet normal 0 -0.896439 -0.443168
    outer loop
      vertex -32.95 12.2103 0.225003
      vertex 31.3842 12.1842 0.277798
      vertex -32.95 12.1842 0.277798
    endloop
  endfacet
  facet normal 0 -0.896439 -0.443168
    outer loop
      vertex 31.3842 12.1842 0.277798
      vertex -32.95 12.2103 0.225003
      vertex 31.4103 12.2103 0.225003
    endloop
  endfacet
  facet normal 0 -0.947041 -0.321112
    outer loop
      vertex -32.95 12.1842 0.277798
      vertex 31.3653 12.1653 0.333539
      vertex -32.95 12.1653 0.333539
    endloop
  endfacet
  facet normal 0 -0.947041 -0.321112
    outer loop
      vertex 31.3653 12.1653 0.333539
      vertex -32.95 12.1842 0.277798
      vertex 31.3842 12.1842 0.277798
    endloop
  endfacet
  facet normal 0 -0.980737 -0.195335
    outer loop
      vertex -32.95 12.1653 0.333539
      vertex 31.3538 12.1538 0.391278
      vertex -32.95 12.1538 0.391278
    endloop
  endfacet
  facet normal 0 -0.980737 -0.195335
    outer loop
      vertex 31.3538 12.1538 0.391278
      vertex -32.95 12.1653 0.333539
      vertex 31.3653 12.1653 0.333539
    endloop
  endfacet
  facet normal 0 -0.997913 -0.0645668
    outer loop
      vertex -32.95 12.1538 0.391278
      vertex 31.35 12.15 0.450009
      vertex -32.95 12.15 0.450009
    endloop
  endfacet
  facet normal 0 -0.997913 -0.0645668
    outer loop
      vertex 31.35 12.15 0.450009
      vertex -32.95 12.1538 0.391278
      vertex 31.3538 12.1538 0.391278
    endloop
  endfacet
  facet normal 0 -1 0
    outer loop
      vertex -32.95 12.15 0.450009
      vertex 31.35 12.15 0.550015
      vertex -32.95 12.15 0.550015
    endloop
  endfacet
  facet normal 0 -1 -0
    outer loop
      vertex 31.35 12.15 0.550015
      vertex -32.95 12.15 0.450009
      vertex 31.35 12.15 0.450009
    endloop
  endfacet
  facet normal 0 -0.997913 0.0645668
    outer loop
      vertex -32.95 12.15 0.550015
      vertex 31.35 12.1538 0.608746
      vertex -32.95 12.1538 0.608746
    endloop
  endfacet
  facet normal 0 -0.997913 0.0645668
    outer loop
      vertex 31.35 12.1538 0.608746
      vertex -32.95 12.15 0.550015
      vertex 31.35 12.15 0.550015
    endloop
  endfacet
  facet normal 0 -0.980737 0.195332
    outer loop
      vertex -32.95 12.1538 0.608746
      vertex 31.35 12.1653 0.666486
      vertex -32.95 12.1653 0.666486
    endloop
  endfacet
  facet normal 0 -0.980737 0.195332
    outer loop
      vertex 31.35 12.1653 0.666486
      vertex -32.95 12.1538 0.608746
      vertex 31.35 12.1538 0.608746
    endloop
  endfacet
  facet normal 0 -0.94704 0.321117
    outer loop
      vertex -32.95 12.1653 0.666486
      vertex 31.35 12.1842 0.722226
      vertex -32.95 12.1842 0.722226
    endloop
  endfacet
  facet normal 0 -0.94704 0.321117
    outer loop
      vertex 31.35 12.1842 0.722226
      vertex -32.95 12.1653 0.666486
      vertex 31.35 12.1653 0.666486
    endloop
  endfacet
  facet normal 0 -0.896439 0.443168
    outer loop
      vertex -32.95 12.1842 0.722226
      vertex 31.35 12.2103 0.775021
      vertex -32.95 12.2103 0.775021
    endloop
  endfacet
  facet normal 0 -0.896439 0.443168
    outer loop
      vertex 31.35 12.2103 0.775021
      vertex -32.95 12.1842 0.722226
      vertex 31.35 12.1842 0.722226
    endloop
  endfacet
  facet normal 0 -0.831449 0.555602
    outer loop
      vertex -32.95 12.2103 0.775021
      vertex 31.35 12.243 0.823956
      vertex -32.95 12.243 0.823956
    endloop
  endfacet
  facet normal 0 -0.831449 0.555602
    outer loop
      vertex 31.35 12.243 0.823956
      vertex -32.95 12.2103 0.775021
      vertex 31.35 12.2103 0.775021
    endloop
  endfacet
  facet normal 0 -0.751899 0.659278
    outer loop
      vertex -32.95 12.243 0.823956
      vertex 31.35 12.2818 0.868207
      vertex -32.95 12.2818 0.868207
    endloop
  endfacet
  facet normal 0 -0.751899 0.659278
    outer loop
      vertex 31.35 12.2818 0.868207
      vertex -32.95 12.243 0.823956
      vertex 31.35 12.243 0.823956
    endloop
  endfacet
  facet normal 0 -0.65988 0.751371
    outer loop
      vertex -32.95 12.326 0.907025
      vertex 31.35 12.2818 0.868207
      vertex 31.35 12.326 0.907025
    endloop
  endfacet
  facet normal 0 -0.65988 0.751371
    outer loop
      vertex 31.35 12.2818 0.868207
      vertex -32.95 12.326 0.907025
      vertex -32.95 12.2818 0.868207
    endloop
  endfacet
  facet normal 0 -0.555092 0.831789
    outer loop
      vertex -32.95 12.375 0.939725
      vertex 31.35 12.326 0.907025
      vertex 31.35 12.375 0.939725
    endloop
  endfacet
  facet normal 0 -0.555092 0.831789
    outer loop
      vertex 31.35 12.326 0.907025
      vertex -32.95 12.375 0.939725
      vertex -32.95 12.326 0.907025
    endloop
  endfacet
  facet normal 0 -0.442192 0.89692
    outer loop
      vertex -32.95 12.4278 0.965756
      vertex 31.35 12.375 0.939725
      vertex 31.35 12.4278 0.965756
    endloop
  endfacet
  facet normal 0 -0.442192 0.89692
    outer loop
      vertex 31.35 12.375 0.939725
      vertex -32.95 12.4278 0.965756
      vertex -32.95 12.375 0.939725
    endloop
  endfacet
  facet normal 0 -0.321644 0.946861
    outer loop
      vertex -32.95 12.4835 0.984677
      vertex 31.35 12.4278 0.965756
      vertex 31.35 12.4835 0.984677
    endloop
  endfacet
  facet normal 0 -0.321644 0.946861
    outer loop
      vertex 31.35 12.4278 0.965756
      vertex -32.95 12.4835 0.984677
      vertex -32.95 12.4278 0.965756
    endloop
  endfacet
  facet normal 0 -0.195082 0.980787
    outer loop
      vertex -31.45 12.5413 0.996167
      vertex -32.95 12.5413 0.996167
      vertex -31.45 12.5103 0.990001
    endloop
  endfacet
  facet normal 0 -0.194974 0.980808
    outer loop
      vertex -30.45 12.5413 0.996167
      vertex 31.35 12.4835 0.984677
      vertex 31.35 12.5413 0.996167
    endloop
  endfacet
  facet normal -1.04847e-07 -0.195082 0.980787
    outer loop
      vertex -30.45 12.5103 0.990001
      vertex 31.35 12.4835 0.984677
      vertex -30.45 12.5413 0.996167
    endloop
  endfacet
  facet normal 0 -0.194849 0.980833
    outer loop
      vertex -32.95 12.4835 0.984677
      vertex -30.45 12.5103 0.990001
      vertex -31.45 12.5103 0.990001
    endloop
  endfacet
  facet normal 0 -0.194849 0.980833
    outer loop
      vertex -30.45 12.5103 0.990001
      vertex -32.95 12.4835 0.984677
      vertex 31.35 12.4835 0.984677
    endloop
  endfacet
  facet normal 2.31683e-06 -0.194974 0.980808
    outer loop
      vertex -32.95 12.4835 0.984677
      vertex -31.45 12.5103 0.990001
      vertex -32.95 12.5413 0.996167
    endloop
  endfacet
  facet normal 0 -0.0653286 0.997864
    outer loop
      vertex -32.95 12.6 1.00001
      vertex -31.45 12.5413 0.996167
      vertex -31.45 12.6 1.00001
    endloop
  endfacet
  facet normal 0 -0.0653286 0.997864
    outer loop
      vertex -31.45 12.5413 0.996167
      vertex -32.95 12.6 1.00001
      vertex -32.95 12.5413 0.996167
    endloop
  endfacet
  facet normal 0 -0.0653286 0.997864
    outer loop
      vertex -30.45 12.6 1.00001
      vertex 31.35 12.5413 0.996167
      vertex 31.35 12.6 1.00001
    endloop
  endfacet
  facet normal 0 -0.0653286 0.997864
    outer loop
      vertex 31.35 12.5413 0.996167
      vertex -30.45 12.6 1.00001
      vertex -30.45 12.5413 0.996167
    endloop
  endfacet
  facet normal 0 0 1
    outer loop
      vertex -32.8665 14.1341 1.00001
      vertex -31.45 14.2 1.00001
      vertex -32.8441 14.2 1.00001
    endloop
  endfacet
  facet normal 0 0 1
    outer loop
      vertex -32.929 13.8198 1.00001
      vertex -31.45 14.2 1.00001
      vertex -32.8665 14.1341 1.00001
    endloop
  endfacet
  facet normal 0 0 1
    outer loop
      vertex -32.95 13.5 1.00001
      vertex -31.45 14.2 1.00001
      vertex -32.929 13.8198 1.00001
    endloop
  endfacet
  facet normal 0 0 1
    outer loop
      vertex -31.45 14.2 1.00001
      vertex -32.95 13.5 1.00001
      vertex -31.45 12.6 1.00001
    endloop
  endfacet
  facet normal 0 0 1
    outer loop
      vertex -31.45 12.6 1.00001
      vertex -32.95 13.5 1.00001
      vertex -32.95 12.6 1.00001
    endloop
  endfacet
  facet normal -0 0 1
    outer loop
      vertex -30.45 14.2 1.00001
      vertex 31.35 12.6 1.00001
      vertex 31.35 14.2 1.00001
    endloop
  endfacet
  facet normal 0 0 1
    outer loop
      vertex 31.35 12.6 1.00001
      vertex -30.45 14.2 1.00001
      vertex -30.45 12.6 1.00001
    endloop
  endfacet
  facet normal 0 -0.0651086 0.997878
    outer loop
      vertex -32.8242 14.2587 1.00384
      vertex -31.45 14.2 1.00001
      vertex -31.45 14.2587 1.00384
    endloop
  endfacet
  facet normal 0 -0.0651086 0.997878
    outer loop
      vertex -31.45 14.2 1.00001
      vertex -32.8242 14.2587 1.00384
      vertex -32.8441 14.2 1.00001
    endloop
  endfacet
  facet normal 0 -0.0651086 0.997878
    outer loop
      vertex -30.45 14.2587 1.00384
      vertex 31.35 14.2 1.00001
      vertex 31.35 14.2587 1.00384
    endloop
  endfacet
  facet normal 0 -0.0651086 0.997878
    outer loop
      vertex 31.35 14.2 1.00001
      vertex -30.45 14.2587 1.00384
      vertex -30.45 14.2 1.00001
    endloop
  endfacet
  facet normal 0 -0.195464 0.980711
    outer loop
      vertex -32.8046 14.3165 1.01536
      vertex -31.45 14.2587 1.00384
      vertex -31.45 14.3165 1.01536
    endloop
  endfacet
  facet normal 0 -0.195464 0.980711
    outer loop
      vertex -31.45 14.2587 1.00384
      vertex -32.8046 14.3165 1.01536
      vertex -32.8242 14.2587 1.00384
    endloop
  endfacet
  facet normal 0 -0.195464 0.980711
    outer loop
      vertex -30.45 14.3165 1.01536
      vertex 31.35 14.2587 1.00384
      vertex 31.35 14.3165 1.01536
    endloop
  endfacet
  facet normal 0 -0.195464 0.980711
    outer loop
      vertex 31.35 14.2587 1.00384
      vertex -30.45 14.3165 1.01536
      vertex -30.45 14.2587 1.00384
    endloop
  endfacet
  facet normal 0 -0.321536 0.946897
    outer loop
      vertex -32.7857 14.3721 1.03424
      vertex -31.45 14.3165 1.01536
      vertex -31.45 14.3721 1.03424
    endloop
  endfacet
  facet normal 0 -0.321536 0.946897
    outer loop
      vertex -31.45 14.3165 1.01536
      vertex -32.7857 14.3721 1.03424
      vertex -32.8046 14.3165 1.01536
    endloop
  endfacet
  facet normal 0 -0.321536 0.946897
    outer loop
      vertex -30.45 14.3721 1.03424
      vertex 31.35 14.3165 1.01536
      vertex 31.35 14.3721 1.03424
    endloop
  endfacet
  facet normal 0 -0.321536 0.946897
    outer loop
      vertex 31.35 14.3165 1.01536
      vertex -30.45 14.3721 1.03424
      vertex -30.45 14.3165 1.01536
    endloop
  endfacet
  facet normal 0 -0.442324 0.896855
    outer loop
      vertex -32.7678 14.425 1.06033
      vertex -31.45 14.3721 1.03424
      vertex -31.45 14.425 1.06033
    endloop
  endfacet
  facet normal 0 -0.442324 0.896855
    outer loop
      vertex -31.45 14.3721 1.03424
      vertex -32.7678 14.425 1.06033
      vertex -32.7857 14.3721 1.03424
    endloop
  endfacet
  facet normal 0 -0.442324 0.896855
    outer loop
      vertex -30.45 14.425 1.06033
      vertex 31.35 14.3721 1.03424
      vertex 31.35 14.425 1.06033
    endloop
  endfacet
  facet normal 0 -0.442324 0.896855
    outer loop
      vertex 31.35 14.3721 1.03424
      vertex -30.45 14.425 1.06033
      vertex -30.45 14.3721 1.03424
    endloop
  endfacet
  facet normal 0 -0.554739 0.832024
    outer loop
      vertex -32.7456 14.474 1.093
      vertex -31.45 14.425 1.06033
      vertex -31.45 14.474 1.093
    endloop
  endfacet
  facet normal -0.0183073 -0.548891 0.835693
    outer loop
      vertex -32.7678 14.425 1.06033
      vertex -32.7456 14.474 1.093
      vertex -32.7635 14.4376 1.0687
    endloop
  endfacet
  facet normal 0 -0.554739 0.832024
    outer loop
      vertex -32.7456 14.474 1.093
      vertex -32.7678 14.425 1.06033
      vertex -31.45 14.425 1.06033
    endloop
  endfacet
  facet normal 0 -0.554739 0.832024
    outer loop
      vertex -30.45 14.474 1.093
      vertex 31.35 14.425 1.06033
      vertex 31.35 14.474 1.093
    endloop
  endfacet
  facet normal 0 -0.554739 0.832024
    outer loop
      vertex 31.35 14.425 1.06033
      vertex -30.45 14.474 1.093
      vertex -30.45 14.425 1.06033
    endloop
  endfacet
  facet normal 0 -0.659899 0.751354
    outer loop
      vertex -32.7238 14.5182 1.13182
      vertex -31.45 14.474 1.093
      vertex -31.45 14.5182 1.13182
    endloop
  endfacet
  facet normal 0 -0.659899 0.751354
    outer loop
      vertex -31.45 14.474 1.093
      vertex -32.7238 14.5182 1.13182
      vertex -32.7456 14.474 1.093
    endloop
  endfacet
  facet normal 0 -0.659899 0.751354
    outer loop
      vertex -30.45 14.5182 1.13182
      vertex 31.35 14.474 1.093
      vertex 31.35 14.5182 1.13182
    endloop
  endfacet
  facet normal 0 -0.659899 0.751354
    outer loop
      vertex 31.35 14.474 1.093
      vertex -30.45 14.5182 1.13182
      vertex -30.45 14.474 1.093
    endloop
  endfacet
  facet normal 0 -0.751744 0.659455
    outer loop
      vertex -31.45 14.5182 1.13182
      vertex -32.7046 14.557 1.17605
      vertex -32.7238 14.5182 1.13182
    endloop
  endfacet
  facet normal 0 -0.751744 0.659455
    outer loop
      vertex -32.7046 14.557 1.17605
      vertex -31.45 14.5182 1.13182
      vertex -31.45 14.557 1.17605
    endloop
  endfacet
  facet normal 0 -0.751744 0.659455
    outer loop
      vertex -30.45 14.5182 1.13182
      vertex 31.35 14.557 1.17605
      vertex -30.45 14.557 1.17605
    endloop
  endfacet
  facet normal 0 -0.751744 0.659455
    outer loop
      vertex 31.35 14.557 1.17605
      vertex -30.45 14.5182 1.13182
      vertex 31.35 14.5182 1.13182
    endloop
  endfacet
  facet normal 0 -0.831317 0.555798
    outer loop
      vertex -31.45 14.557 1.17605
      vertex -32.6885 14.5897 1.22496
      vertex -32.7046 14.557 1.17605
    endloop
  endfacet
  facet normal 0 -0.831317 0.555798
    outer loop
      vertex -32.6885 14.5897 1.22496
      vertex -31.45 14.557 1.17605
      vertex -31.45 14.5897 1.22496
    endloop
  endfacet
  facet normal 0 -0.831317 0.555798
    outer loop
      vertex -30.45 14.557 1.17605
      vertex 31.35 14.5897 1.22496
      vertex -30.45 14.5897 1.22496
    endloop
  endfacet
  facet normal 0 -0.831317 0.555798
    outer loop
      vertex 31.35 14.5897 1.22496
      vertex -30.45 14.557 1.17605
      vertex 31.35 14.557 1.17605
    endloop
  endfacet
  facet normal 0 -0.896788 0.442461
    outer loop
      vertex -31.45 14.5897 1.22496
      vertex -32.6756 14.6158 1.27786
      vertex -32.6885 14.5897 1.22496
    endloop
  endfacet
  facet normal 0 -0.896788 0.442461
    outer loop
      vertex -32.6756 14.6158 1.27786
      vertex -31.45 14.5897 1.22496
      vertex -31.45 14.6158 1.27786
    endloop
  endfacet
  facet normal 0 -0.896788 0.442461
    outer loop
      vertex -30.45 14.5897 1.22496
      vertex 31.35 14.6158 1.27786
      vertex -30.45 14.6158 1.27786
    endloop
  endfacet
  facet normal 0 -0.896788 0.442461
    outer loop
      vertex 31.35 14.6158 1.27786
      vertex -30.45 14.5897 1.22496
      vertex 31.35 14.5897 1.22496
    endloop
  endfacet
  facet normal 0 -0.947517 0.319706
    outer loop
      vertex -30.45 14.6233 1.3
      vertex -32.6663 14.6346 1.33349
      vertex -31.45 14.6233 1.3
    endloop
  endfacet
  facet normal 0 -0.947364 0.320159
    outer loop
      vertex -31.45 14.6158 1.27786
      vertex -32.6663 14.6346 1.33349
      vertex -32.6756 14.6158 1.27786
    endloop
  endfacet
  facet normal 3.49254e-05 -0.947132 0.320844
    outer loop
      vertex -32.6663 14.6346 1.33349
      vertex -31.45 14.6158 1.27786
      vertex -31.45 14.6233 1.3
    endloop
  endfacet
  facet normal 0 -0.947517 0.319706
    outer loop
      vertex -32.6663 14.6346 1.33349
      vertex -30.45 14.6233 1.3
      vertex 31.35 14.6346 1.33349
    endloop
  endfacet
  facet normal -6.87375e-07 -0.947132 0.320844
    outer loop
      vertex -30.45 14.6158 1.27786
      vertex 31.35 14.6346 1.33349
      vertex -30.45 14.6233 1.3
    endloop
  endfacet
  facet normal 0 -0.947364 0.320159
    outer loop
      vertex 31.35 14.6346 1.33349
      vertex -30.45 14.6158 1.27786
      vertex 31.35 14.6158 1.27786
    endloop
  endfacet
  facet normal 0 -0.98047 0.19667
    outer loop
      vertex 31.35 14.6346 1.33349
      vertex -32.6606 14.6462 1.39132
      vertex -32.6663 14.6346 1.33349
    endloop
  endfacet
  facet normal 0 -0.98047 0.19667
    outer loop
      vertex -32.6606 14.6462 1.39132
      vertex 31.35 14.6346 1.33349
      vertex 31.35 14.6462 1.39132
    endloop
  endfacet
  facet normal 0 -0.997908 0.0646446
    outer loop
      vertex 31.35 14.6462 1.39132
      vertex -32.6588 14.65 1.44998
      vertex -32.6606 14.6462 1.39132
    endloop
  endfacet
  facet normal 0 -0.997908 0.0646446
    outer loop
      vertex -32.6588 14.65 1.44998
      vertex 31.35 14.6462 1.39132
      vertex 31.35 14.65 1.44998
    endloop
  endfacet
  facet normal 0 -1 0
    outer loop
      vertex -32.6588 14.65 1.44998
      vertex -32.5118 14.65 7.80377
      vertex -32.5741 14.65 7.91732
    endloop
  endfacet
  facet normal 0 -1 0
    outer loop
      vertex -32.6588 14.65 1.44998
      vertex -32.3461 14.65 7.61736
      vertex -32.4239 14.65 7.69124
    endloop
  endfacet
  facet normal 0 -1 0
    outer loop
      vertex -32.6588 14.65 1.44998
      vertex -32.6563 14.65 8.26632
      vertex -32.6588 14.65 8.3
    endloop
  endfacet
  facet normal 0 -1 0
    outer loop
      vertex -32.6588 14.65 1.44998
      vertex -32.6492 14.65 8.16947
      vertex -32.6563 14.65 8.26632
    endloop
  endfacet
  facet normal 0 -1 0
    outer loop
      vertex -32.6588 14.65 1.44998
      vertex -32.6269 14.65 8.06836
      vertex -32.6492 14.65 8.16947
    endloop
  endfacet
  facet normal 0 -1 0
    outer loop
      vertex -32.6588 14.65 1.44998
      vertex -32.6208 14.65 8.04118
      vertex -32.6269 14.65 8.06836
    endloop
  endfacet
  facet normal 0 -1 0
    outer loop
      vertex -32.6588 14.65 1.44998
      vertex -32.5806 14.65 7.93476
      vertex -32.6208 14.65 8.04118
    endloop
  endfacet
  facet normal 0 -1 0
    outer loop
      vertex -32.6588 14.65 1.44998
      vertex -32.5741 14.65 7.91732
      vertex -32.5806 14.65 7.93476
    endloop
  endfacet
  facet normal 0 -1 -0
    outer loop
      vertex -32.5118 14.65 7.80377
      vertex -32.6588 14.65 1.44998
      vertex -32.5097 14.65 7.8
    endloop
  endfacet
  facet normal 0 -1 0
    outer loop
      vertex -32.6588 14.65 1.44998
      vertex -32.5075 14.65 7.79709
      vertex -32.5097 14.65 7.8
    endloop
  endfacet
  facet normal 0 -1 0
    outer loop
      vertex -32.6588 14.65 1.44998
      vertex -32.4918 14.65 7.776
      vertex -32.5075 14.65 7.79709
    endloop
  endfacet
  facet normal 0 -1 0
    outer loop
      vertex -32.6588 14.65 1.44998
      vertex -32.4239 14.65 7.69124
      vertex -32.4918 14.65 7.776
    endloop
  endfacet
  facet normal 0 -1 -0
    outer loop
      vertex -32.3461 14.65 7.61736
      vertex -32.6588 14.65 1.44998
      vertex -32.3204 14.65 7.59289
    endloop
  endfacet
  facet normal 0 -1 0
    outer loop
      vertex -32.6588 14.65 1.44998
      vertex -32.2721 14.65 7.55763
      vertex -32.3204 14.65 7.59289
    endloop
  endfacet
  facet normal 0 -1 0
    outer loop
      vertex -32.6588 14.65 1.44998
      vertex -32.2023 14.65 7.50665
      vertex -32.2721 14.65 7.55763
    endloop
  endfacet
  facet normal 0 -1 0
    outer loop
      vertex -32.6588 14.65 1.44998
      vertex -32.1539 14.65 7.47967
      vertex -32.2023 14.65 7.50665
    endloop
  endfacet
  facet normal 0 -1 0
    outer loop
      vertex -32.6588 14.65 1.44998
      vertex -32.0718 14.65 7.43398
      vertex -32.1539 14.65 7.47967
    endloop
  endfacet
  facet normal 0 -1 0
    outer loop
      vertex -32.6588 14.65 1.44998
      vertex -31.9987 14.65 7.40393
      vertex -32.0718 14.65 7.43398
    endloop
  endfacet
  facet normal 0 -1 0
    outer loop
      vertex -32.6588 14.65 1.44998
      vertex -31.9442 14.65 7.38367
      vertex -31.9987 14.65 7.40393
    endloop
  endfacet
  facet normal 0 -1 0
    outer loop
      vertex -32.6588 14.65 1.44998
      vertex -31.9239 14.65 7.37612
      vertex -31.9442 14.65 7.38367
    endloop
  endfacet
  facet normal 0 -1 0
    outer loop
      vertex -32.6588 14.65 1.44998
      vertex -31.863 14.65 7.36054
      vertex -31.9239 14.65 7.37612
    endloop
  endfacet
  facet normal 0 -1 0
    outer loop
      vertex -32.6588 14.65 1.44998
      vertex -31.7595 14.65 7.33407
      vertex -31.863 14.65 7.36054
    endloop
  endfacet
  facet normal 0 -1 0
    outer loop
      vertex -32.6588 14.65 1.44998
      vertex -31.65 14.65 7.31767
      vertex -31.7595 14.65 7.33407
    endloop
  endfacet
  facet normal 0 -1 0
    outer loop
      vertex -32.6588 14.65 1.44998
      vertex -31.6071 14.65 7.31203
      vertex -31.65 14.65 7.31767
    endloop
  endfacet
  facet normal 0 -1 0
    outer loop
      vertex -32.6588 14.65 1.44998
      vertex -31.5807 14.65 7.30856
      vertex -31.6071 14.65 7.31203
    endloop
  endfacet
  facet normal 0 -1 0
    outer loop
      vertex -32.6588 14.65 1.44998
      vertex -31.3853 14.65 7.3001
      vertex -31.5807 14.65 7.30856
    endloop
  endfacet
  facet normal 0 -1 0
    outer loop
      vertex -32.6588 14.65 1.44998
      vertex -31.3831 14.65 7.3
      vertex -31.3853 14.65 7.3001
    endloop
  endfacet
  facet normal 0 -1 0
    outer loop
      vertex 31.35 14.65 1.44998
      vertex -31.3831 14.65 7.3
      vertex -32.6588 14.65 1.44998
    endloop
  endfacet
  facet normal 0 -1 0
    outer loop
      vertex -31.3831 14.65 7.3
      vertex 31.35 14.65 1.44998
      vertex 31.35 14.65 7.3
    endloop
  endfacet
  facet normal 1 0 0
    outer loop
      vertex -30.45 14.6233 1.3
      vertex -30.45 14.5897 1.22496
      vertex -30.45 14.6158 1.27786
    endloop
  endfacet
  facet normal 1 0 0
    outer loop
      vertex -30.45 14.6233 1.3
      vertex -30.45 14.557 1.17605
      vertex -30.45 14.5897 1.22496
    endloop
  endfacet
  facet normal 1 0 0
    outer loop
      vertex -30.45 14.6233 1.3
      vertex -30.45 14.5182 1.13182
      vertex -30.45 14.557 1.17605
    endloop
  endfacet
  facet normal 1 0 0
    outer loop
      vertex -30.45 14.6233 1.3
      vertex -30.45 14.474 1.093
      vertex -30.45 14.5182 1.13182
    endloop
  endfacet
  facet normal 1 0 0
    outer loop
      vertex -30.45 14.6233 1.3
      vertex -30.45 14.425 1.06033
      vertex -30.45 14.474 1.093
    endloop
  endfacet
  facet normal 1 0 0
    outer loop
      vertex -30.45 14.6233 1.3
      vertex -30.45 14.3721 1.03424
      vertex -30.45 14.425 1.06033
    endloop
  endfacet
  facet normal 1 0 0
    outer loop
      vertex -30.45 14.6233 1.3
      vertex -30.45 14.3165 1.01536
      vertex -30.45 14.3721 1.03424
    endloop
  endfacet
  facet normal 1 0 0
    outer loop
      vertex -30.45 14.6233 1.3
      vertex -30.45 14.2587 1.00384
      vertex -30.45 14.3165 1.01536
    endloop
  endfacet
  facet normal 1 0 0
    outer loop
      vertex -30.45 14.6233 1.3
      vertex -30.45 14.2 1.00001
      vertex -30.45 14.2587 1.00384
    endloop
  endfacet
  facet normal 1 0 0
    outer loop
      vertex -30.45 14.6233 1.3
      vertex -30.45 12.6 1.00001
      vertex -30.45 14.2 1.00001
    endloop
  endfacet
  facet normal 1 -0 0
    outer loop
      vertex -30.45 12.15 1.3
      vertex -30.45 12.6 1.00001
      vertex -30.45 14.6233 1.3
    endloop
  endfacet
  facet normal 1 0 0
    outer loop
      vertex -30.45 12.6 1.00001
      vertex -30.45 12.15 1.3
      vertex -30.45 12.5413 0.996167
    endloop
  endfacet
  facet normal 1 0 0
    outer loop
      vertex -30.45 12.15 1.3
      vertex -30.45 12.5103 0.990001
      vertex -30.45 12.5413 0.996167
    endloop
  endfacet
  facet normal 1 0 0
    outer loop
      vertex -30.45 12.5103 0.990001
      vertex -30.45 12.15 1.3
      vertex -30.45 12.15 0.990001
    endloop
  endfacet
  facet normal 0 0 -1
    outer loop
      vertex -31.45 12.15 0.990001
      vertex -30.45 12.5103 0.990001
      vertex -30.45 12.15 0.990001
    endloop
  endfacet
  facet normal -0 0 -1
    outer loop
      vertex -30.45 12.5103 0.990001
      vertex -31.45 12.15 0.990001
      vertex -31.45 12.5103 0.990001
    endloop
  endfacet
  facet normal -0 0 1
    outer loop
      vertex -31.45 14.6233 1.3
      vertex -30.45 12.15 1.3
      vertex -30.45 14.6233 1.3
    endloop
  endfacet
  facet normal 0 0 1
    outer loop
      vertex -30.45 12.15 1.3
      vertex -31.45 14.6233 1.3
      vertex -31.45 12.15 1.3
    endloop
  endfacet
  facet normal -1 0 0
    outer loop
      vertex -31.45 14.5897 1.22496
      vertex -31.45 14.6233 1.3
      vertex -31.45 14.6158 1.27786
    endloop
  endfacet
  facet normal -1 0 0
    outer loop
      vertex -31.45 14.557 1.17605
      vertex -31.45 14.6233 1.3
      vertex -31.45 14.5897 1.22496
    endloop
  endfacet
  facet normal -1 0 0
    outer loop
      vertex -31.45 14.5182 1.13182
      vertex -31.45 14.6233 1.3
      vertex -31.45 14.557 1.17605
    endloop
  endfacet
  facet normal -1 0 0
    outer loop
      vertex -31.45 14.474 1.093
      vertex -31.45 14.6233 1.3
      vertex -31.45 14.5182 1.13182
    endloop
  endfacet
  facet normal -1 0 0
    outer loop
      vertex -31.45 14.425 1.06033
      vertex -31.45 14.6233 1.3
      vertex -31.45 14.474 1.093
    endloop
  endfacet
  facet normal -1 0 0
    outer loop
      vertex -31.45 14.3721 1.03424
      vertex -31.45 14.6233 1.3
      vertex -31.45 14.425 1.06033
    endloop
  endfacet
  facet normal -1 0 0
    outer loop
      vertex -31.45 14.3165 1.01536
      vertex -31.45 14.6233 1.3
      vertex -31.45 14.3721 1.03424
    endloop
  endfacet
  facet normal -1 0 0
    outer loop
      vertex -31.45 14.2587 1.00384
      vertex -31.45 14.6233 1.3
      vertex -31.45 14.3165 1.01536
    endloop
  endfacet
  facet normal -1 0 0
    outer loop
      vertex -31.45 14.2 1.00001
      vertex -31.45 14.6233 1.3
      vertex -31.45 14.2587 1.00384
    endloop
  endfacet
  facet normal -1 0 0
    outer loop
      vertex -31.45 12.6 1.00001
      vertex -31.45 14.6233 1.3
      vertex -31.45 14.2 1.00001
    endloop
  endfacet
  facet normal -1 0 0
    outer loop
      vertex -31.45 12.15 1.3
      vertex -31.45 12.6 1.00001
      vertex -31.45 12.5413 0.996167
    endloop
  endfacet
  facet normal -1 0 0
    outer loop
      vertex -31.45 12.15 1.3
      vertex -31.45 12.5103 0.990001
      vertex -31.45 12.15 0.990001
    endloop
  endfacet
  facet normal -1 0 0
    outer loop
      vertex -31.45 12.5103 0.990001
      vertex -31.45 12.15 1.3
      vertex -31.45 12.5413 0.996167
    endloop
  endfacet
  facet normal -1 0 0
    outer loop
      vertex -31.45 12.6 1.00001
      vertex -31.45 12.15 1.3
      vertex -31.45 14.6233 1.3
    endloop
  endfacet
  facet normal 0 -1 0
    outer loop
      vertex -31.45 12.15 0.990001
      vertex -30.45 12.15 1.3
      vertex -31.45 12.15 1.3
    endloop
  endfacet
  facet normal 0 -1 -0
    outer loop
      vertex -30.45 12.15 1.3
      vertex -31.45 12.15 0.990001
      vertex -30.45 12.15 0.990001
    endloop
  endfacet
  facet normal 0 0.0653661 -0.997861
    outer loop
      vertex -32.95 -12.6 1.2207e-05
      vertex 31.7413 -12.5413 0.00385742
      vertex 31.8 -12.6 1.2207e-05
    endloop
  endfacet
  facet normal 0 0.0653661 -0.997861
    outer loop
      vertex 31.7413 -12.5413 0.00385742
      vertex -32.95 -12.6 1.2207e-05
      vertex -32.95 -12.5413 0.00385742
    endloop
  endfacet
  facet normal 0 0.194972 -0.980809
    outer loop
      vertex -32.95 -12.5413 0.00385742
      vertex 31.6835 -12.4835 0.0153473
      vertex 31.7413 -12.5413 0.00385742
    endloop
  endfacet
  facet normal 0 0.194972 -0.980809
    outer loop
      vertex 31.6835 -12.4835 0.0153473
      vertex -32.95 -12.5413 0.00385742
      vertex -32.95 -12.4835 0.0153473
    endloop
  endfacet
  facet normal 0 0.321642 -0.946861
    outer loop
      vertex -32.95 -12.4835 0.0153473
      vertex 31.6278 -12.4278 0.0342682
      vertex 31.6835 -12.4835 0.0153473
    endloop
  endfacet
  facet normal 0 0.321642 -0.946861
    outer loop
      vertex 31.6278 -12.4278 0.0342682
      vertex -32.95 -12.4835 0.0153473
      vertex -32.95 -12.4278 0.0342682
    endloop
  endfacet
  facet normal 0 0.442199 -0.896917
    outer loop
      vertex -32.95 -12.4278 0.0342682
      vertex 31.575 -12.375 0.0602997
      vertex 31.6278 -12.4278 0.0342682
    endloop
  endfacet
  facet normal 0 0.442199 -0.896917
    outer loop
      vertex 31.575 -12.375 0.0602997
      vertex -32.95 -12.4278 0.0342682
      vertex -32.95 -12.375 0.0602997
    endloop
  endfacet
  facet normal 0 0.555087 -0.831792
    outer loop
      vertex -32.95 -12.375 0.0602997
      vertex 31.526 -12.326 0.0929993
      vertex 31.575 -12.375 0.0602997
    endloop
  endfacet
  facet normal 0 0.555087 -0.831792
    outer loop
      vertex 31.526 -12.326 0.0929993
      vertex -32.95 -12.375 0.0602997
      vertex -32.95 -12.326 0.0929993
    endloop
  endfacet
  facet normal 0 0.659887 -0.751365
    outer loop
      vertex -32.95 -12.326 0.0929993
      vertex 31.4818 -12.2818 0.131818
      vertex 31.526 -12.326 0.0929993
    endloop
  endfacet
  facet normal 0 0.659887 -0.751365
    outer loop
      vertex 31.4818 -12.2818 0.131818
      vertex -32.95 -12.326 0.0929993
      vertex -32.95 -12.2818 0.131818
    endloop
  endfacet
  facet normal 0 0.751892 -0.659286
    outer loop
      vertex -32.95 -12.2818 0.131818
      vertex 31.443 -12.243 0.176068
      vertex 31.4818 -12.2818 0.131818
    endloop
  endfacet
  facet normal 0 0.751892 -0.659286
    outer loop
      vertex 31.443 -12.243 0.176068
      vertex -32.95 -12.2818 0.131818
      vertex -32.95 -12.243 0.176068
    endloop
  endfacet
  facet normal 0 0.831449 -0.555602
    outer loop
      vertex -32.95 -12.243 0.176068
      vertex 31.4103 -12.2103 0.225003
      vertex 31.443 -12.243 0.176068
    endloop
  endfacet
  facet normal 0 0.831449 -0.555602
    outer loop
      vertex 31.4103 -12.2103 0.225003
      vertex -32.95 -12.243 0.176068
      vertex -32.95 -12.2103 0.225003
    endloop
  endfacet
  facet normal 0 0.896439 -0.443168
    outer loop
      vertex -32.95 -12.2103 0.225003
      vertex 31.3842 -12.1842 0.277798
      vertex 31.4103 -12.2103 0.225003
    endloop
  endfacet
  facet normal 0 0.896439 -0.443168
    outer loop
      vertex 31.3842 -12.1842 0.277798
      vertex -32.95 -12.2103 0.225003
      vertex -32.95 -12.1842 0.277798
    endloop
  endfacet
  facet normal 0 0.947041 -0.321112
    outer loop
      vertex -32.95 -12.1842 0.277798
      vertex 31.3653 -12.1653 0.333539
      vertex 31.3842 -12.1842 0.277798
    endloop
  endfacet
  facet normal 0 0.947041 -0.321112
    outer loop
      vertex 31.3653 -12.1653 0.333539
      vertex -32.95 -12.1842 0.277798
      vertex -32.95 -12.1653 0.333539
    endloop
  endfacet
  facet normal 0 0.980737 -0.195335
    outer loop
      vertex -32.95 -12.1653 0.333539
      vertex 31.3538 -12.1538 0.391278
      vertex 31.3653 -12.1653 0.333539
    endloop
  endfacet
  facet normal 0 0.980737 -0.195335
    outer loop
      vertex 31.3538 -12.1538 0.391278
      vertex -32.95 -12.1653 0.333539
      vertex -32.95 -12.1538 0.391278
    endloop
  endfacet
  facet normal 0 0.997913 -0.0645668
    outer loop
      vertex -32.95 -12.1538 0.391278
      vertex 31.35 -12.15 0.450009
      vertex 31.3538 -12.1538 0.391278
    endloop
  endfacet
  facet normal 0 0.997913 -0.0645668
    outer loop
      vertex 31.35 -12.15 0.450009
      vertex -32.95 -12.1538 0.391278
      vertex -32.95 -12.15 0.450009
    endloop
  endfacet
  facet normal 0 1 -0
    outer loop
      vertex 31.35 -12.15 0.450009
      vertex -32.95 -12.15 0.550015
      vertex 31.35 -12.15 0.550015
    endloop
  endfacet
  facet normal 0 1 0
    outer loop
      vertex -32.95 -12.15 0.550015
      vertex 31.35 -12.15 0.450009
      vertex -32.95 -12.15 0.450009
    endloop
  endfacet
  facet normal 0 0.997913 0.0645668
    outer loop
      vertex 31.35 -12.15 0.550015
      vertex -32.95 -12.1538 0.608746
      vertex 31.35 -12.1538 0.608746
    endloop
  endfacet
  facet normal 0 0.997913 0.0645668
    outer loop
      vertex -32.95 -12.1538 0.608746
      vertex 31.35 -12.15 0.550015
      vertex -32.95 -12.15 0.550015
    endloop
  endfacet
  facet normal 0 0.980737 0.195332
    outer loop
      vertex 31.35 -12.1538 0.608746
      vertex -32.95 -12.1653 0.666486
      vertex 31.35 -12.1653 0.666486
    endloop
  endfacet
  facet normal 0 0.980737 0.195332
    outer loop
      vertex -32.95 -12.1653 0.666486
      vertex 31.35 -12.1538 0.608746
      vertex -32.95 -12.1538 0.608746
    endloop
  endfacet
  facet normal 0 0.94704 0.321117
    outer loop
      vertex 31.35 -12.1653 0.666486
      vertex -32.95 -12.1842 0.722226
      vertex 31.35 -12.1842 0.722226
    endloop
  endfacet
  facet normal 0 0.94704 0.321117
    outer loop
      vertex -32.95 -12.1842 0.722226
      vertex 31.35 -12.1653 0.666486
      vertex -32.95 -12.1653 0.666486
    endloop
  endfacet
  facet normal 0 0.896439 0.443168
    outer loop
      vertex 31.35 -12.1842 0.722226
      vertex -32.95 -12.2103 0.775021
      vertex 31.35 -12.2103 0.775021
    endloop
  endfacet
  facet normal 0 0.896439 0.443168
    outer loop
      vertex -32.95 -12.2103 0.775021
      vertex 31.35 -12.1842 0.722226
      vertex -32.95 -12.1842 0.722226
    endloop
  endfacet
  facet normal 0 0.831449 0.555602
    outer loop
      vertex 31.35 -12.2103 0.775021
      vertex -32.95 -12.243 0.823956
      vertex 31.35 -12.243 0.823956
    endloop
  endfacet
  facet normal 0 0.831449 0.555602
    outer loop
      vertex -32.95 -12.243 0.823956
      vertex 31.35 -12.2103 0.775021
      vertex -32.95 -12.2103 0.775021
    endloop
  endfacet
  facet normal 0 0.751899 0.659278
    outer loop
      vertex 31.35 -12.243 0.823956
      vertex -32.95 -12.2818 0.868207
      vertex 31.35 -12.2818 0.868207
    endloop
  endfacet
  facet normal 0 0.751899 0.659278
    outer loop
      vertex -32.95 -12.2818 0.868207
      vertex 31.35 -12.243 0.823956
      vertex -32.95 -12.243 0.823956
    endloop
  endfacet
  facet normal -0 0.65988 0.751371
    outer loop
      vertex -32.95 -12.2818 0.868207
      vertex 31.35 -12.326 0.907025
      vertex 31.35 -12.2818 0.868207
    endloop
  endfacet
  facet normal 0 0.65988 0.751371
    outer loop
      vertex 31.35 -12.326 0.907025
      vertex -32.95 -12.2818 0.868207
      vertex -32.95 -12.326 0.907025
    endloop
  endfacet
  facet normal -0 0.555092 0.831789
    outer loop
      vertex -32.95 -12.326 0.907025
      vertex 31.35 -12.375 0.939725
      vertex 31.35 -12.326 0.907025
    endloop
  endfacet
  facet normal 0 0.555092 0.831789
    outer loop
      vertex 31.35 -12.375 0.939725
      vertex -32.95 -12.326 0.907025
      vertex -32.95 -12.375 0.939725
    endloop
  endfacet
  facet normal -0 0.442192 0.89692
    outer loop
      vertex -32.95 -12.375 0.939725
      vertex 31.35 -12.4278 0.965756
      vertex 31.35 -12.375 0.939725
    endloop
  endfacet
  facet normal 0 0.442192 0.89692
    outer loop
      vertex 31.35 -12.4278 0.965756
      vertex -32.95 -12.375 0.939725
      vertex -32.95 -12.4278 0.965756
    endloop
  endfacet
  facet normal -0 0.321644 0.946861
    outer loop
      vertex -32.95 -12.4278 0.965756
      vertex 31.35 -12.4835 0.984677
      vertex 31.35 -12.4278 0.965756
    endloop
  endfacet
  facet normal 0 0.321644 0.946861
    outer loop
      vertex 31.35 -12.4835 0.984677
      vertex -32.95 -12.4278 0.965756
      vertex -32.95 -12.4835 0.984677
    endloop
  endfacet
  facet normal -5.62339e-08 0.194974 0.980808
    outer loop
      vertex 31.35 -12.4835 0.984677
      vertex -30.45 -12.5103 0.990001
      vertex 31.35 -12.5413 0.996167
    endloop
  endfacet
  facet normal -0 0.194849 0.980833
    outer loop
      vertex -32.95 -12.4835 0.984677
      vertex -30.45 -12.5103 0.990001
      vertex 31.35 -12.4835 0.984677
    endloop
  endfacet
  facet normal 0 0.194849 0.980833
    outer loop
      vertex -30.45 -12.5103 0.990001
      vertex -32.95 -12.4835 0.984677
      vertex -31.45 -12.5103 0.990001
    endloop
  endfacet
  facet normal 2.31683e-06 0.194974 0.980808
    outer loop
      vertex -32.95 -12.5413 0.996167
      vertex -31.45 -12.5103 0.990001
      vertex -32.95 -12.4835 0.984677
    endloop
  endfacet
  facet normal 0 0.195082 0.980787
    outer loop
      vertex -31.45 -12.5103 0.990001
      vertex -32.95 -12.5413 0.996167
      vertex -31.45 -12.5413 0.996167
    endloop
  endfacet
  facet normal 0 0.195082 0.980787
    outer loop
      vertex 31.35 -12.5413 0.996167
      vertex -30.45 -12.5103 0.990001
      vertex -30.45 -12.5413 0.996167
    endloop
  endfacet
  facet normal -0 0.0653286 0.997864
    outer loop
      vertex -32.95 -12.5413 0.996167
      vertex -31.45 -12.6 1.00001
      vertex -31.45 -12.5413 0.996167
    endloop
  endfacet
  facet normal 0 0.0653286 0.997864
    outer loop
      vertex -31.45 -12.6 1.00001
      vertex -32.95 -12.5413 0.996167
      vertex -32.95 -12.6 1.00001
    endloop
  endfacet
  facet normal -0 0.0653286 0.997864
    outer loop
      vertex -30.45 -12.5413 0.996167
      vertex 31.35 -12.6 1.00001
      vertex 31.35 -12.5413 0.996167
    endloop
  endfacet
  facet normal 0 0.0653286 0.997864
    outer loop
      vertex 31.35 -12.6 1.00001
      vertex -30.45 -12.5413 0.996167
      vertex -30.45 -12.6 1.00001
    endloop
  endfacet
  facet normal -0 0 1
    outer loop
      vertex -32.95 -13.5 1.00001
      vertex -31.45 -14.2 1.00001
      vertex -31.45 -12.6 1.00001
    endloop
  endfacet
  facet normal 0 0 1
    outer loop
      vertex -31.45 -14.2 1.00001
      vertex -32.8665 -14.1341 1.00001
      vertex -32.8441 -14.2 1.00001
    endloop
  endfacet
  facet normal 0 0 1
    outer loop
      vertex -31.45 -14.2 1.00001
      vertex -32.929 -13.8198 1.00001
      vertex -32.8665 -14.1341 1.00001
    endloop
  endfacet
  facet normal 0 0 1
    outer loop
      vertex -32.95 -13.5 1.00001
      vertex -31.45 -12.6 1.00001
      vertex -32.95 -12.6 1.00001
    endloop
  endfacet
  facet normal 0 0 1
    outer loop
      vertex -31.45 -14.2 1.00001
      vertex -32.95 -13.5 1.00001
      vertex -32.929 -13.8198 1.00001
    endloop
  endfacet
  facet normal -0 0 1
    outer loop
      vertex -30.45 -12.6 1.00001
      vertex 31.35 -14.2 1.00001
      vertex 31.35 -12.6 1.00001
    endloop
  endfacet
  facet normal 0 0 1
    outer loop
      vertex 31.35 -14.2 1.00001
      vertex -30.45 -12.6 1.00001
      vertex -30.45 -14.2 1.00001
    endloop
  endfacet
  facet normal 0 0.0651086 0.997878
    outer loop
      vertex -31.45 -14.2 1.00001
      vertex -32.8242 -14.2587 1.00384
      vertex -31.45 -14.2587 1.00384
    endloop
  endfacet
  facet normal 0 0.0651086 0.997878
    outer loop
      vertex -32.8242 -14.2587 1.00384
      vertex -31.45 -14.2 1.00001
      vertex -32.8441 -14.2 1.00001
    endloop
  endfacet
  facet normal -0 0.0651086 0.997878
    outer loop
      vertex -30.45 -14.2 1.00001
      vertex 31.35 -14.2587 1.00384
      vertex 31.35 -14.2 1.00001
    endloop
  endfacet
  facet normal 0 0.0651086 0.997878
    outer loop
      vertex 31.35 -14.2587 1.00384
      vertex -30.45 -14.2 1.00001
      vertex -30.45 -14.2587 1.00384
    endloop
  endfacet
  facet normal 0 0.195464 0.980711
    outer loop
      vertex -31.45 -14.2587 1.00384
      vertex -32.8046 -14.3165 1.01536
      vertex -31.45 -14.3165 1.01536
    endloop
  endfacet
  facet normal 0 0.195464 0.980711
    outer loop
      vertex -32.8046 -14.3165 1.01536
      vertex -31.45 -14.2587 1.00384
      vertex -32.8242 -14.2587 1.00384
    endloop
  endfacet
  facet normal -0 0.195464 0.980711
    outer loop
      vertex -30.45 -14.2587 1.00384
      vertex 31.35 -14.3165 1.01536
      vertex 31.35 -14.2587 1.00384
    endloop
  endfacet
  facet normal 0 0.195464 0.980711
    outer loop
      vertex 31.35 -14.3165 1.01536
      vertex -30.45 -14.2587 1.00384
      vertex -30.45 -14.3165 1.01536
    endloop
  endfacet
  facet normal 0 0.321536 0.946897
    outer loop
      vertex -31.45 -14.3165 1.01536
      vertex -32.7857 -14.3721 1.03424
      vertex -31.45 -14.3721 1.03424
    endloop
  endfacet
  facet normal 0 0.321536 0.946897
    outer loop
      vertex -32.7857 -14.3721 1.03424
      vertex -31.45 -14.3165 1.01536
      vertex -32.8046 -14.3165 1.01536
    endloop
  endfacet
  facet normal -0 0.321536 0.946897
    outer loop
      vertex -30.45 -14.3165 1.01536
      vertex 31.35 -14.3721 1.03424
      vertex 31.35 -14.3165 1.01536
    endloop
  endfacet
  facet normal 0 0.321536 0.946897
    outer loop
      vertex 31.35 -14.3721 1.03424
      vertex -30.45 -14.3165 1.01536
      vertex -30.45 -14.3721 1.03424
    endloop
  endfacet
  facet normal 0 0.442324 0.896855
    outer loop
      vertex -31.45 -14.3721 1.03424
      vertex -32.7678 -14.425 1.06033
      vertex -31.45 -14.425 1.06033
    endloop
  endfacet
  facet normal 0 0.442324 0.896855
    outer loop
      vertex -32.7678 -14.425 1.06033
      vertex -31.45 -14.3721 1.03424
      vertex -32.7857 -14.3721 1.03424
    endloop
  endfacet
  facet normal -0 0.442324 0.896855
    outer loop
      vertex -30.45 -14.3721 1.03424
      vertex 31.35 -14.425 1.06033
      vertex 31.35 -14.3721 1.03424
    endloop
  endfacet
  facet normal 0 0.442324 0.896855
    outer loop
      vertex 31.35 -14.425 1.06033
      vertex -30.45 -14.3721 1.03424
      vertex -30.45 -14.425 1.06033
    endloop
  endfacet
  facet normal 0 0.554739 0.832024
    outer loop
      vertex -31.45 -14.425 1.06033
      vertex -32.7456 -14.474 1.093
      vertex -31.45 -14.474 1.093
    endloop
  endfacet
  facet normal -0 0.554739 0.832024
    outer loop
      vertex -32.7678 -14.425 1.06033
      vertex -32.7456 -14.474 1.093
      vertex -31.45 -14.425 1.06033
    endloop
  endfacet
  facet normal -0.0183073 0.548891 0.835693
    outer loop
      vertex -32.7456 -14.474 1.093
      vertex -32.7678 -14.425 1.06033
      vertex -32.7635 -14.4376 1.0687
    endloop
  endfacet
  facet normal -0 0.554739 0.832024
    outer loop
      vertex -30.45 -14.425 1.06033
      vertex 31.35 -14.474 1.093
      vertex 31.35 -14.425 1.06033
    endloop
  endfacet
  facet normal 0 0.554739 0.832024
    outer loop
      vertex 31.35 -14.474 1.093
      vertex -30.45 -14.425 1.06033
      vertex -30.45 -14.474 1.093
    endloop
  endfacet
  facet normal 0 0.659899 0.751354
    outer loop
      vertex -31.45 -14.474 1.093
      vertex -32.7238 -14.5182 1.13182
      vertex -31.45 -14.5182 1.13182
    endloop
  endfacet
  facet normal 0 0.659899 0.751354
    outer loop
      vertex -32.7238 -14.5182 1.13182
      vertex -31.45 -14.474 1.093
      vertex -32.7456 -14.474 1.093
    endloop
  endfacet
  facet normal -0 0.659899 0.751354
    outer loop
      vertex -30.45 -14.474 1.093
      vertex 31.35 -14.5182 1.13182
      vertex 31.35 -14.474 1.093
    endloop
  endfacet
  facet normal 0 0.659899 0.751354
    outer loop
      vertex 31.35 -14.5182 1.13182
      vertex -30.45 -14.474 1.093
      vertex -30.45 -14.5182 1.13182
    endloop
  endfacet
  facet normal 0 0.751744 0.659455
    outer loop
      vertex -31.45 -14.5182 1.13182
      vertex -32.7046 -14.557 1.17605
      vertex -31.45 -14.557 1.17605
    endloop
  endfacet
  facet normal 0 0.751744 0.659455
    outer loop
      vertex -32.7046 -14.557 1.17605
      vertex -31.45 -14.5182 1.13182
      vertex -32.7238 -14.5182 1.13182
    endloop
  endfacet
  facet normal 0 0.751744 0.659455
    outer loop
      vertex 31.35 -14.5182 1.13182
      vertex -30.45 -14.557 1.17605
      vertex 31.35 -14.557 1.17605
    endloop
  endfacet
  facet normal 0 0.751744 0.659455
    outer loop
      vertex -30.45 -14.557 1.17605
      vertex 31.35 -14.5182 1.13182
      vertex -30.45 -14.5182 1.13182
    endloop
  endfacet
  facet normal 0 0.831317 0.555798
    outer loop
      vertex -31.45 -14.557 1.17605
      vertex -32.6885 -14.5897 1.22496
      vertex -31.45 -14.5897 1.22496
    endloop
  endfacet
  facet normal 0 0.831317 0.555798
    outer loop
      vertex -32.6885 -14.5897 1.22496
      vertex -31.45 -14.557 1.17605
      vertex -32.7046 -14.557 1.17605
    endloop
  endfacet
  facet normal 0 0.831317 0.555798
    outer loop
      vertex 31.35 -14.557 1.17605
      vertex -30.45 -14.5897 1.22496
      vertex 31.35 -14.5897 1.22496
    endloop
  endfacet
  facet normal 0 0.831317 0.555798
    outer loop
      vertex -30.45 -14.5897 1.22496
      vertex 31.35 -14.557 1.17605
      vertex -30.45 -14.557 1.17605
    endloop
  endfacet
  facet normal 0 0.896788 0.442461
    outer loop
      vertex -31.45 -14.5897 1.22496
      vertex -32.6756 -14.6158 1.27786
      vertex -31.45 -14.6158 1.27786
    endloop
  endfacet
  facet normal 0 0.896788 0.442461
    outer loop
      vertex -32.6756 -14.6158 1.27786
      vertex -31.45 -14.5897 1.22496
      vertex -32.6885 -14.5897 1.22496
    endloop
  endfacet
  facet normal 0 0.896788 0.442461
    outer loop
      vertex 31.35 -14.5897 1.22496
      vertex -30.45 -14.6158 1.27786
      vertex 31.35 -14.6158 1.27786
    endloop
  endfacet
  facet normal 0 0.896788 0.442461
    outer loop
      vertex -30.45 -14.6158 1.27786
      vertex 31.35 -14.5897 1.22496
      vertex -30.45 -14.5897 1.22496
    endloop
  endfacet
  facet normal 0 0.947517 0.319706
    outer loop
      vertex 31.35 -14.6346 1.33349
      vertex -30.45 -14.6233 1.3
      vertex -32.6663 -14.6346 1.33349
    endloop
  endfacet
  facet normal -2.73633e-07 0.947364 0.320159
    outer loop
      vertex 31.35 -14.6158 1.27786
      vertex -30.45 -14.6233 1.3
      vertex 31.35 -14.6346 1.33349
    endloop
  endfacet
  facet normal 0 0.947132 0.320844
    outer loop
      vertex -30.45 -14.6233 1.3
      vertex 31.35 -14.6158 1.27786
      vertex -30.45 -14.6158 1.27786
    endloop
  endfacet
  facet normal -0 0.947517 0.319706
    outer loop
      vertex -31.45 -14.6233 1.3
      vertex -32.6663 -14.6346 1.33349
      vertex -30.45 -14.6233 1.3
    endloop
  endfacet
  facet normal 3.49254e-05 0.947132 0.320844
    outer loop
      vertex -31.45 -14.6158 1.27786
      vertex -32.6663 -14.6346 1.33349
      vertex -31.45 -14.6233 1.3
    endloop
  endfacet
  facet normal 0 0.947364 0.320159
    outer loop
      vertex -32.6663 -14.6346 1.33349
      vertex -31.45 -14.6158 1.27786
      vertex -32.6756 -14.6158 1.27786
    endloop
  endfacet
  facet normal 0 0.98047 0.19667
    outer loop
      vertex 31.35 -14.6346 1.33349
      vertex -32.6606 -14.6462 1.39132
      vertex 31.35 -14.6462 1.39132
    endloop
  endfacet
  facet normal 0 0.98047 0.19667
    outer loop
      vertex -32.6606 -14.6462 1.39132
      vertex 31.35 -14.6346 1.33349
      vertex -32.6663 -14.6346 1.33349
    endloop
  endfacet
  facet normal 0 0.997908 0.0646446
    outer loop
      vertex 31.35 -14.6462 1.39132
      vertex -32.6588 -14.65 1.44998
      vertex 31.35 -14.65 1.44998
    endloop
  endfacet
  facet normal 0 0.997908 0.0646446
    outer loop
      vertex -32.6588 -14.65 1.44998
      vertex 31.35 -14.6462 1.39132
      vertex -32.6606 -14.6462 1.39132
    endloop
  endfacet
  facet normal 0 1 0
    outer loop
      vertex 31.35 -14.65 7.3
      vertex 31.35 -14.65 1.44998
      vertex -31.3831 -14.65 7.3
    endloop
  endfacet
  facet normal 0 1 0
    outer loop
      vertex -32.6588 -14.65 1.44998
      vertex -32.5118 -14.65 7.80377
      vertex -32.5097 -14.65 7.8
    endloop
  endfacet
  facet normal 0 1 0
    outer loop
      vertex -32.6588 -14.65 1.44998
      vertex -32.3461 -14.65 7.61736
      vertex -32.3204 -14.65 7.59289
    endloop
  endfacet
  facet normal 0 1 0
    outer loop
      vertex -32.6588 -14.65 1.44998
      vertex -31.3831 -14.65 7.3
      vertex 31.35 -14.65 1.44998
    endloop
  endfacet
  facet normal 0 1 0
    outer loop
      vertex -31.3831 -14.65 7.3
      vertex -32.6588 -14.65 1.44998
      vertex -31.3853 -14.65 7.3001
    endloop
  endfacet
  facet normal 0 1 0
    outer loop
      vertex -32.6563 -14.65 8.26632
      vertex -32.6588 -14.65 1.44998
      vertex -32.6588 -14.65 8.3
    endloop
  endfacet
  facet normal 0 1 0
    outer loop
      vertex -32.6492 -14.65 8.16947
      vertex -32.6588 -14.65 1.44998
      vertex -32.6563 -14.65 8.26632
    endloop
  endfacet
  facet normal 0 1 0
    outer loop
      vertex -32.6269 -14.65 8.06836
      vertex -32.6588 -14.65 1.44998
      vertex -32.6492 -14.65 8.16947
    endloop
  endfacet
  facet normal 0 1 0
    outer loop
      vertex -32.6208 -14.65 8.04118
      vertex -32.6588 -14.65 1.44998
      vertex -32.6269 -14.65 8.06836
    endloop
  endfacet
  facet normal 0 1 0
    outer loop
      vertex -32.5806 -14.65 7.93476
      vertex -32.6588 -14.65 1.44998
      vertex -32.6208 -14.65 8.04118
    endloop
  endfacet
  facet normal 0 1 0
    outer loop
      vertex -32.5741 -14.65 7.91732
      vertex -32.6588 -14.65 1.44998
      vertex -32.5806 -14.65 7.93476
    endloop
  endfacet
  facet normal 0 1 0
    outer loop
      vertex -32.5118 -14.65 7.80377
      vertex -32.6588 -14.65 1.44998
      vertex -32.5741 -14.65 7.91732
    endloop
  endfacet
  facet normal 0 1 0
    outer loop
      vertex -32.5075 -14.65 7.79709
      vertex -32.6588 -14.65 1.44998
      vertex -32.5097 -14.65 7.8
    endloop
  endfacet
  facet normal 0 1 0
    outer loop
      vertex -32.4918 -14.65 7.776
      vertex -32.6588 -14.65 1.44998
      vertex -32.5075 -14.65 7.79709
    endloop
  endfacet
  facet normal 0 1 0
    outer loop
      vertex -32.4239 -14.65 7.69124
      vertex -32.6588 -14.65 1.44998
      vertex -32.4918 -14.65 7.776
    endloop
  endfacet
  facet normal 0 1 0
    outer loop
      vertex -32.3461 -14.65 7.61736
      vertex -32.6588 -14.65 1.44998
      vertex -32.4239 -14.65 7.69124
    endloop
  endfacet
  facet normal 0 1 0
    outer loop
      vertex -32.2721 -14.65 7.55763
      vertex -32.6588 -14.65 1.44998
      vertex -32.3204 -14.65 7.59289
    endloop
  endfacet
  facet normal 0 1 0
    outer loop
      vertex -32.2023 -14.65 7.50665
      vertex -32.6588 -14.65 1.44998
      vertex -32.2721 -14.65 7.55763
    endloop
  endfacet
  facet normal 0 1 0
    outer loop
      vertex -32.1539 -14.65 7.47967
      vertex -32.6588 -14.65 1.44998
      vertex -32.2023 -14.65 7.50665
    endloop
  endfacet
  facet normal 0 1 0
    outer loop
      vertex -32.0718 -14.65 7.43398
      vertex -32.6588 -14.65 1.44998
      vertex -32.1539 -14.65 7.47967
    endloop
  endfacet
  facet normal 0 1 0
    outer loop
      vertex -31.9987 -14.65 7.40393
      vertex -32.6588 -14.65 1.44998
      vertex -32.0718 -14.65 7.43398
    endloop
  endfacet
  facet normal 0 1 0
    outer loop
      vertex -31.9442 -14.65 7.38367
      vertex -32.6588 -14.65 1.44998
      vertex -31.9987 -14.65 7.40393
    endloop
  endfacet
  facet normal 0 1 0
    outer loop
      vertex -31.9239 -14.65 7.37612
      vertex -32.6588 -14.65 1.44998
      vertex -31.9442 -14.65 7.38367
    endloop
  endfacet
  facet normal 0 1 0
    outer loop
      vertex -31.863 -14.65 7.36054
      vertex -32.6588 -14.65 1.44998
      vertex -31.9239 -14.65 7.37612
    endloop
  endfacet
  facet normal 0 1 0
    outer loop
      vertex -31.7595 -14.65 7.33407
      vertex -32.6588 -14.65 1.44998
      vertex -31.863 -14.65 7.36054
    endloop
  endfacet
  facet normal 0 1 0
    outer loop
      vertex -31.65 -14.65 7.31767
      vertex -32.6588 -14.65 1.44998
      vertex -31.7595 -14.65 7.33407
    endloop
  endfacet
  facet normal 0 1 0
    outer loop
      vertex -31.6071 -14.65 7.31203
      vertex -32.6588 -14.65 1.44998
      vertex -31.65 -14.65 7.31767
    endloop
  endfacet
  facet normal 0 1 0
    outer loop
      vertex -31.5807 -14.65 7.30856
      vertex -32.6588 -14.65 1.44998
      vertex -31.6071 -14.65 7.31203
    endloop
  endfacet
  facet normal 0 1 0
    outer loop
      vertex -31.3853 -14.65 7.3001
      vertex -32.6588 -14.65 1.44998
      vertex -31.5807 -14.65 7.30856
    endloop
  endfacet
  facet normal 1 0 0
    outer loop
      vertex -30.45 -12.15 1.3
      vertex -30.45 -12.5103 0.990001
      vertex -30.45 -12.15 0.990001
    endloop
  endfacet
  facet normal 1 0 0
    outer loop
      vertex -30.45 -12.15 1.3
      vertex -30.45 -12.5413 0.996167
      vertex -30.45 -12.5103 0.990001
    endloop
  endfacet
  facet normal 1 0 0
    outer loop
      vertex -30.45 -12.15 1.3
      vertex -30.45 -12.6 1.00001
      vertex -30.45 -12.5413 0.996167
    endloop
  endfacet
  facet normal 1 -0 0
    outer loop
      vertex -30.45 -14.6233 1.3
      vertex -30.45 -12.6 1.00001
      vertex -30.45 -12.15 1.3
    endloop
  endfacet
  facet normal 1 0 0
    outer loop
      vertex -30.45 -12.6 1.00001
      vertex -30.45 -14.6233 1.3
      vertex -30.45 -14.2 1.00001
    endloop
  endfacet
  facet normal 1 0 0
    outer loop
      vertex -30.45 -14.2 1.00001
      vertex -30.45 -14.6233 1.3
      vertex -30.45 -14.2587 1.00384
    endloop
  endfacet
  facet normal 1 0 0
    outer loop
      vertex -30.45 -14.2587 1.00384
      vertex -30.45 -14.6233 1.3
      vertex -30.45 -14.3165 1.01536
    endloop
  endfacet
  facet normal 1 0 0
    outer loop
      vertex -30.45 -14.3165 1.01536
      vertex -30.45 -14.6233 1.3
      vertex -30.45 -14.3721 1.03424
    endloop
  endfacet
  facet normal 1 0 0
    outer loop
      vertex -30.45 -14.3721 1.03424
      vertex -30.45 -14.6233 1.3
      vertex -30.45 -14.425 1.06033
    endloop
  endfacet
  facet normal 1 0 0
    outer loop
      vertex -30.45 -14.425 1.06033
      vertex -30.45 -14.6233 1.3
      vertex -30.45 -14.474 1.093
    endloop
  endfacet
  facet normal 1 0 0
    outer loop
      vertex -30.45 -14.474 1.093
      vertex -30.45 -14.6233 1.3
      vertex -30.45 -14.5182 1.13182
    endloop
  endfacet
  facet normal 1 0 0
    outer loop
      vertex -30.45 -14.5182 1.13182
      vertex -30.45 -14.6233 1.3
      vertex -30.45 -14.557 1.17605
    endloop
  endfacet
  facet normal 1 0 0
    outer loop
      vertex -30.45 -14.557 1.17605
      vertex -30.45 -14.6233 1.3
      vertex -30.45 -14.5897 1.22496
    endloop
  endfacet
  facet normal 1 0 0
    outer loop
      vertex -30.45 -14.5897 1.22496
      vertex -30.45 -14.6233 1.3
      vertex -30.45 -14.6158 1.27786
    endloop
  endfacet
  facet normal 0 0 -1
    outer loop
      vertex -31.45 -12.5103 0.990001
      vertex -30.45 -12.15 0.990001
      vertex -30.45 -12.5103 0.990001
    endloop
  endfacet
  facet normal -0 0 -1
    outer loop
      vertex -30.45 -12.15 0.990001
      vertex -31.45 -12.5103 0.990001
      vertex -31.45 -12.15 0.990001
    endloop
  endfacet
  facet normal -0 0 1
    outer loop
      vertex -31.45 -12.15 1.3
      vertex -30.45 -14.6233 1.3
      vertex -30.45 -12.15 1.3
    endloop
  endfacet
  facet normal 0 0 1
    outer loop
      vertex -30.45 -14.6233 1.3
      vertex -31.45 -12.15 1.3
      vertex -31.45 -14.6233 1.3
    endloop
  endfacet
  facet normal -1 0 0
    outer loop
      vertex -31.45 -12.5103 0.990001
      vertex -31.45 -12.15 1.3
      vertex -31.45 -12.15 0.990001
    endloop
  endfacet
  facet normal -1 0 0
    outer loop
      vertex -31.45 -12.5413 0.996167
      vertex -31.45 -12.15 1.3
      vertex -31.45 -12.5103 0.990001
    endloop
  endfacet
  facet normal -1 0 0
    outer loop
      vertex -31.45 -12.6 1.00001
      vertex -31.45 -12.15 1.3
      vertex -31.45 -12.5413 0.996167
    endloop
  endfacet
  facet normal -1 0 0
    outer loop
      vertex -31.45 -14.6233 1.3
      vertex -31.45 -12.6 1.00001
      vertex -31.45 -14.2 1.00001
    endloop
  endfacet
  facet normal -1 0 0
    outer loop
      vertex -31.45 -14.6233 1.3
      vertex -31.45 -14.2 1.00001
      vertex -31.45 -14.2587 1.00384
    endloop
  endfacet
  facet normal -1 0 0
    outer loop
      vertex -31.45 -14.6233 1.3
      vertex -31.45 -14.2587 1.00384
      vertex -31.45 -14.3165 1.01536
    endloop
  endfacet
  facet normal -1 0 0
    outer loop
      vertex -31.45 -14.6233 1.3
      vertex -31.45 -14.3165 1.01536
      vertex -31.45 -14.3721 1.03424
    endloop
  endfacet
  facet normal -1 0 0
    outer loop
      vertex -31.45 -14.6233 1.3
      vertex -31.45 -14.3721 1.03424
      vertex -31.45 -14.425 1.06033
    endloop
  endfacet
  facet normal -1 0 0
    outer loop
      vertex -31.45 -14.6233 1.3
      vertex -31.45 -14.425 1.06033
      vertex -31.45 -14.474 1.093
    endloop
  endfacet
  facet normal -1 0 0
    outer loop
      vertex -31.45 -14.6233 1.3
      vertex -31.45 -14.474 1.093
      vertex -31.45 -14.5182 1.13182
    endloop
  endfacet
  facet normal -1 0 0
    outer loop
      vertex -31.45 -14.6233 1.3
      vertex -31.45 -14.5182 1.13182
      vertex -31.45 -14.557 1.17605
    endloop
  endfacet
  facet normal -1 0 0
    outer loop
      vertex -31.45 -14.6233 1.3
      vertex -31.45 -14.557 1.17605
      vertex -31.45 -14.5897 1.22496
    endloop
  endfacet
  facet normal -1 0 0
    outer loop
      vertex -31.45 -14.6233 1.3
      vertex -31.45 -14.5897 1.22496
      vertex -31.45 -14.6158 1.27786
    endloop
  endfacet
  facet normal -1 0 0
    outer loop
      vertex -31.45 -12.6 1.00001
      vertex -31.45 -14.6233 1.3
      vertex -31.45 -12.15 1.3
    endloop
  endfacet
  facet normal 0 1 -0
    outer loop
      vertex -30.45 -12.15 0.990001
      vertex -31.45 -12.15 1.3
      vertex -30.45 -12.15 1.3
    endloop
  endfacet
  facet normal 0 1 0
    outer loop
      vertex -31.45 -12.15 1.3
      vertex -30.45 -12.15 0.990001
      vertex -31.45 -12.15 0.990001
    endloop
  endfacet
  facet normal -0.659887 0 -0.751365
    outer loop
      vertex 31.4818 -12.2818 0.131818
      vertex 31.526 12.326 0.0929993
      vertex 31.526 -12.326 0.0929993
    endloop
  endfacet
  facet normal -0.659887 0 -0.751365
    outer loop
      vertex 31.526 12.326 0.0929993
      vertex 31.4818 -12.2818 0.131818
      vertex 31.4818 12.2818 0.131818
    endloop
  endfacet
  facet normal -0.0653661 0 -0.997861
    outer loop
      vertex 31.7413 -12.5413 0.00385742
      vertex 31.8 12.6 1.2207e-05
      vertex 31.8 -12.6 1.2207e-05
    endloop
  endfacet
  facet normal -0.0653661 0 -0.997861
    outer loop
      vertex 31.8 12.6 1.2207e-05
      vertex 31.7413 -12.5413 0.00385742
      vertex 31.7413 12.5413 0.00385742
    endloop
  endfacet
  facet normal -0.831449 0 -0.555602
    outer loop
      vertex 31.443 12.243 0.176068
      vertex 31.4103 -12.2103 0.225003
      vertex 31.4103 12.2103 0.225003
    endloop
  endfacet
  facet normal -0.831449 0 -0.555602
    outer loop
      vertex 31.4103 -12.2103 0.225003
      vertex 31.443 12.243 0.176068
      vertex 31.443 -12.243 0.176068
    endloop
  endfacet
  facet normal -0.321642 0 -0.946861
    outer loop
      vertex 31.6278 -12.4278 0.0342682
      vertex 31.6835 12.4835 0.0153473
      vertex 31.6835 -12.4835 0.0153473
    endloop
  endfacet
  facet normal -0.321642 0 -0.946861
    outer loop
      vertex 31.6835 12.4835 0.0153473
      vertex 31.6278 -12.4278 0.0342682
      vertex 31.6278 12.4278 0.0342682
    endloop
  endfacet
  facet normal -1 0 0
    outer loop
      vertex 31.35 12.15 0.450009
      vertex 31.35 -12.15 0.450009
      vertex 31.35 12.15 0.550015
    endloop
  endfacet
  facet normal -1 0 0
    outer loop
      vertex 31.35 14.2 1.00001
      vertex 31.35 14.65 1.44998
      vertex 31.35 14.6462 1.39132
    endloop
  endfacet
  facet normal -1 0 0
    outer loop
      vertex 31.35 14.2 1.00001
      vertex 31.35 14.6462 1.39132
      vertex 31.35 14.6346 1.33349
    endloop
  endfacet
  facet normal -1 0 0
    outer loop
      vertex 31.35 14.2 1.00001
      vertex 31.35 14.6346 1.33349
      vertex 31.35 14.6158 1.27786
    endloop
  endfacet
  facet normal -1 0 0
    outer loop
      vertex 31.35 14.2 1.00001
      vertex 31.35 14.6158 1.27786
      vertex 31.35 14.5897 1.22496
    endloop
  endfacet
  facet normal -1 0 0
    outer loop
      vertex 31.35 14.2 1.00001
      vertex 31.35 14.5897 1.22496
      vertex 31.35 14.557 1.17605
    endloop
  endfacet
  facet normal -1 0 0
    outer loop
      vertex 31.35 14.2 1.00001
      vertex 31.35 14.557 1.17605
      vertex 31.35 14.5182 1.13182
    endloop
  endfacet
  facet normal -1 0 0
    outer loop
      vertex 31.35 14.2 1.00001
      vertex 31.35 14.5182 1.13182
      vertex 31.35 14.474 1.093
    endloop
  endfacet
  facet normal -1 0 0
    outer loop
      vertex 31.35 14.2 1.00001
      vertex 31.35 14.474 1.093
      vertex 31.35 14.425 1.06033
    endloop
  endfacet
  facet normal -1 0 0
    outer loop
      vertex 31.35 14.2 1.00001
      vertex 31.35 14.425 1.06033
      vertex 31.35 14.3721 1.03424
    endloop
  endfacet
  facet normal -1 0 0
    outer loop
      vertex 31.35 14.2 1.00001
      vertex 31.35 14.3721 1.03424
      vertex 31.35 14.3165 1.01536
    endloop
  endfacet
  facet normal -1 0 0
    outer loop
      vertex 31.35 14.2 1.00001
      vertex 31.35 14.3165 1.01536
      vertex 31.35 14.2587 1.00384
    endloop
  endfacet
  facet normal -1 0 0
    outer loop
      vertex 31.35 14.65 1.44998
      vertex 31.35 14.2 1.00001
      vertex 31.35 12.6 1.00001
    endloop
  endfacet
  facet normal -1 -0 0
    outer loop
      vertex 31.35 14.65 1.44998
      vertex 31.35 12.6 1.00001
      vertex 31.35 14.65 7.3
    endloop
  endfacet
  facet normal -1 0 0
    outer loop
      vertex 31.35 12.5413 0.996167
      vertex 31.35 14.65 7.3
      vertex 31.35 12.6 1.00001
    endloop
  endfacet
  facet normal -1 0 0
    outer loop
      vertex 31.35 12.4835 0.984677
      vertex 31.35 14.65 7.3
      vertex 31.35 12.5413 0.996167
    endloop
  endfacet
  facet normal -1 0 0
    outer loop
      vertex 31.35 12.4278 0.965756
      vertex 31.35 14.65 7.3
      vertex 31.35 12.4835 0.984677
    endloop
  endfacet
  facet normal -1 0 0
    outer loop
      vertex 31.35 12.375 0.939725
      vertex 31.35 14.65 7.3
      vertex 31.35 12.4278 0.965756
    endloop
  endfacet
  facet normal -1 0 0
    outer loop
      vertex 31.35 12.326 0.907025
      vertex 31.35 14.65 7.3
      vertex 31.35 12.375 0.939725
    endloop
  endfacet
  facet normal -1 0 0
    outer loop
      vertex 31.35 12.2818 0.868207
      vertex 31.35 14.65 7.3
      vertex 31.35 12.326 0.907025
    endloop
  endfacet
  facet normal -1 0 0
    outer loop
      vertex 31.35 12.243 0.823956
      vertex 31.35 14.65 7.3
      vertex 31.35 12.2818 0.868207
    endloop
  endfacet
  facet normal -1 0 0
    outer loop
      vertex 31.35 12.2103 0.775021
      vertex 31.35 14.65 7.3
      vertex 31.35 12.243 0.823956
    endloop
  endfacet
  facet normal -1 0 0
    outer loop
      vertex 31.35 -12.2103 0.775021
      vertex 31.35 12.2103 0.775021
      vertex 31.35 12.1842 0.722226
    endloop
  endfacet
  facet normal -1 0 0
    outer loop
      vertex 31.35 -12.15 0.550015
      vertex 31.35 12.15 0.550015
      vertex 31.35 -12.15 0.450009
    endloop
  endfacet
  facet normal -1 0 0
    outer loop
      vertex 31.35 12.15 0.550015
      vertex 31.35 -12.15 0.550015
      vertex 31.35 12.1538 0.608746
    endloop
  endfacet
  facet normal -1 0 0
    outer loop
      vertex 31.35 -12.1538 0.608746
      vertex 31.35 12.1538 0.608746
      vertex 31.35 -12.15 0.550015
    endloop
  endfacet
  facet normal -1 0 0
    outer loop
      vertex 31.35 12.1538 0.608746
      vertex 31.35 -12.1538 0.608746
      vertex 31.35 12.1653 0.666486
    endloop
  endfacet
  facet normal -1 0 0
    outer loop
      vertex 31.35 -12.1653 0.666486
      vertex 31.35 12.1653 0.666486
      vertex 31.35 -12.1538 0.608746
    endloop
  endfacet
  facet normal -1 0 0
    outer loop
      vertex 31.35 12.1653 0.666486
      vertex 31.35 -12.1653 0.666486
      vertex 31.35 12.1842 0.722226
    endloop
  endfacet
  facet normal -1 0 0
    outer loop
      vertex 31.35 -12.1842 0.722226
      vertex 31.35 12.1842 0.722226
      vertex 31.35 -12.1653 0.666486
    endloop
  endfacet
  facet normal -1 0 0
    outer loop
      vertex 31.35 -12.2103 0.775021
      vertex 31.35 12.1842 0.722226
      vertex 31.35 -12.1842 0.722226
    endloop
  endfacet
  facet normal -1 0 0
    outer loop
      vertex 31.35 12.2103 0.775021
      vertex 31.35 -12.2103 0.775021
      vertex 31.35 14.65 7.3
    endloop
  endfacet
  facet normal -1 0 0
    outer loop
      vertex 31.35 -12.243 0.823956
      vertex 31.35 14.65 7.3
      vertex 31.35 -12.2103 0.775021
    endloop
  endfacet
  facet normal -1 0 0
    outer loop
      vertex 31.35 -14.65 7.3
      vertex 31.35 -12.243 0.823956
      vertex 31.35 -12.2818 0.868207
    endloop
  endfacet
  facet normal -1 0 0
    outer loop
      vertex 31.35 -14.65 7.3
      vertex 31.35 -12.2818 0.868207
      vertex 31.35 -12.326 0.907025
    endloop
  endfacet
  facet normal -1 0 0
    outer loop
      vertex 31.35 -14.65 7.3
      vertex 31.35 -12.326 0.907025
      vertex 31.35 -12.375 0.939725
    endloop
  endfacet
  facet normal -1 0 0
    outer loop
      vertex 31.35 -14.65 7.3
      vertex 31.35 -12.375 0.939725
      vertex 31.35 -12.4278 0.965756
    endloop
  endfacet
  facet normal -1 0 0
    outer loop
      vertex 31.35 -14.65 7.3
      vertex 31.35 -12.4278 0.965756
      vertex 31.35 -12.4835 0.984677
    endloop
  endfacet
  facet normal -1 0 0
    outer loop
      vertex 31.35 -14.65 7.3
      vertex 31.35 -12.4835 0.984677
      vertex 31.35 -12.5413 0.996167
    endloop
  endfacet
  facet normal -1 0 0
    outer loop
      vertex 31.35 -14.65 7.3
      vertex 31.35 -12.5413 0.996167
      vertex 31.35 -12.6 1.00001
    endloop
  endfacet
  facet normal -1 0 0
    outer loop
      vertex 31.35 -14.65 1.44998
      vertex 31.35 -12.6 1.00001
      vertex 31.35 -14.2 1.00001
    endloop
  endfacet
  facet normal -1 0 0
    outer loop
      vertex 31.35 -14.65 1.44998
      vertex 31.35 -14.2 1.00001
      vertex 31.35 -14.2587 1.00384
    endloop
  endfacet
  facet normal -1 0 0
    outer loop
      vertex 31.35 -14.65 1.44998
      vertex 31.35 -14.2587 1.00384
      vertex 31.35 -14.3165 1.01536
    endloop
  endfacet
  facet normal -1 0 0
    outer loop
      vertex 31.35 -14.65 1.44998
      vertex 31.35 -14.3165 1.01536
      vertex 31.35 -14.3721 1.03424
    endloop
  endfacet
  facet normal -1 0 0
    outer loop
      vertex 31.35 -14.65 1.44998
      vertex 31.35 -14.3721 1.03424
      vertex 31.35 -14.425 1.06033
    endloop
  endfacet
  facet normal -1 0 0
    outer loop
      vertex 31.35 -14.65 1.44998
      vertex 31.35 -14.425 1.06033
      vertex 31.35 -14.474 1.093
    endloop
  endfacet
  facet normal -1 0 0
    outer loop
      vertex 31.35 -14.65 1.44998
      vertex 31.35 -14.474 1.093
      vertex 31.35 -14.5182 1.13182
    endloop
  endfacet
  facet normal -1 0 0
    outer loop
      vertex 31.35 -14.65 1.44998
      vertex 31.35 -14.5182 1.13182
      vertex 31.35 -14.557 1.17605
    endloop
  endfacet
  facet normal -1 0 0
    outer loop
      vertex 31.35 -14.65 1.44998
      vertex 31.35 -14.557 1.17605
      vertex 31.35 -14.5897 1.22496
    endloop
  endfacet
  facet normal -1 0 0
    outer loop
      vertex 31.35 -14.65 1.44998
      vertex 31.35 -14.5897 1.22496
      vertex 31.35 -14.6158 1.27786
    endloop
  endfacet
  facet normal -1 0 0
    outer loop
      vertex 31.35 -14.65 1.44998
      vertex 31.35 -14.6158 1.27786
      vertex 31.35 -14.6346 1.33349
    endloop
  endfacet
  facet normal -1 0 0
    outer loop
      vertex 31.35 -14.65 1.44998
      vertex 31.35 -14.6346 1.33349
      vertex 31.35 -14.6462 1.39132
    endloop
  endfacet
  facet normal -1 0 0
    outer loop
      vertex 31.35 -12.6 1.00001
      vertex 31.35 -14.65 1.44998
      vertex 31.35 -14.65 7.3
    endloop
  endfacet
  facet normal -1 0 0
    outer loop
      vertex 31.35 -12.243 0.823956
      vertex 31.35 -14.65 7.3
      vertex 31.35 14.65 7.3
    endloop
  endfacet
  facet normal -0.997913 0 -0.0645668
    outer loop
      vertex 31.3538 12.1538 0.391278
      vertex 31.35 -12.15 0.450009
      vertex 31.35 12.15 0.450009
    endloop
  endfacet
  facet normal -0.997913 0 -0.0645668
    outer loop
      vertex 31.35 -12.15 0.450009
      vertex 31.3538 12.1538 0.391278
      vertex 31.3538 -12.1538 0.391278
    endloop
  endfacet
  facet normal -0.947041 0 -0.321112
    outer loop
      vertex 31.3842 12.1842 0.277798
      vertex 31.3653 -12.1653 0.333539
      vertex 31.3653 12.1653 0.333539
    endloop
  endfacet
  facet normal -0.947041 0 -0.321112
    outer loop
      vertex 31.3653 -12.1653 0.333539
      vertex 31.3842 12.1842 0.277798
      vertex 31.3842 -12.1842 0.277798
    endloop
  endfacet
  facet normal -0.555087 0 -0.831792
    outer loop
      vertex 31.526 -12.326 0.0929993
      vertex 31.575 12.375 0.0602997
      vertex 31.575 -12.375 0.0602997
    endloop
  endfacet
  facet normal -0.555087 0 -0.831792
    outer loop
      vertex 31.575 12.375 0.0602997
      vertex 31.526 -12.326 0.0929993
      vertex 31.526 12.326 0.0929993
    endloop
  endfacet
  facet normal -0.980737 0 -0.195335
    outer loop
      vertex 31.3653 12.1653 0.333539
      vertex 31.3538 -12.1538 0.391278
      vertex 31.3538 12.1538 0.391278
    endloop
  endfacet
  facet normal -0.980737 0 -0.195335
    outer loop
      vertex 31.3538 -12.1538 0.391278
      vertex 31.3653 12.1653 0.333539
      vertex 31.3653 -12.1653 0.333539
    endloop
  endfacet
  facet normal -0.751892 0 -0.659286
    outer loop
      vertex 31.4818 12.2818 0.131818
      vertex 31.443 -12.243 0.176068
      vertex 31.443 12.243 0.176068
    endloop
  endfacet
  facet normal -0.751892 0 -0.659286
    outer loop
      vertex 31.443 -12.243 0.176068
      vertex 31.4818 12.2818 0.131818
      vertex 31.4818 -12.2818 0.131818
    endloop
  endfacet
  facet normal -0.194972 0 -0.980809
    outer loop
      vertex 31.6835 -12.4835 0.0153473
      vertex 31.7413 12.5413 0.00385742
      vertex 31.7413 -12.5413 0.00385742
    endloop
  endfacet
  facet normal -0.194972 0 -0.980809
    outer loop
      vertex 31.7413 12.5413 0.00385742
      vertex 31.6835 -12.4835 0.0153473
      vertex 31.6835 12.4835 0.0153473
    endloop
  endfacet
  facet normal -0.442199 0 -0.896917
    outer loop
      vertex 31.575 -12.375 0.0602997
      vertex 31.6278 12.4278 0.0342682
      vertex 31.6278 -12.4278 0.0342682
    endloop
  endfacet
  facet normal -0.442199 0 -0.896917
    outer loop
      vertex 31.6278 12.4278 0.0342682
      vertex 31.575 -12.375 0.0602997
      vertex 31.575 12.375 0.0602997
    endloop
  endfacet
  facet normal -0.896439 0 -0.443168
    outer loop
      vertex 31.4103 12.2103 0.225003
      vertex 31.3842 -12.1842 0.277798
      vertex 31.3842 12.1842 0.277798
    endloop
  endfacet
  facet normal -0.896439 0 -0.443168
    outer loop
      vertex 31.3842 -12.1842 0.277798
      vertex 31.4103 12.2103 0.225003
      vertex 31.4103 -12.2103 0.225003
    endloop
  endfacet
  facet normal 0.0655249 0.997851 -0
    outer loop
      vertex 30.8198 15.929 1.2207e-05
      vertex 30.5 15.95 8.29996
      vertex 30.8198 15.929 8.3
    endloop
  endfacet
  facet normal 0.0655249 0.997851 0
    outer loop
      vertex 30.5 15.95 8.29996
      vertex 30.8198 15.929 1.2207e-05
      vertex 30.5 15.95 1.2207e-05
    endloop
  endfacet
  facet normal -0.997851 0.0655249 0
    outer loop
      vertex -32.95 13.5 1.2207e-05
      vertex -32.929 13.8198 1.00001
      vertex -32.929 13.8198 1.2207e-05
    endloop
  endfacet
  facet normal -0.997851 0.0655249 0
    outer loop
      vertex -32.929 13.8198 1.00001
      vertex -32.95 13.5 1.2207e-05
      vertex -32.95 13.5 1.00001
    endloop
  endfacet
  facet normal 0.707107 0.707107 0
    outer loop
      vertex 32.2324 15.2324 8.2999
      vertex 32.2324 15.2324 1.2207e-05
      vertex 32.2322 15.2326 8.2999
    endloop
  endfacet
  facet normal 0.659367 0.751822 -2.22786e-06
    outer loop
      vertex 32.2324 15.2324 1.2207e-05
      vertex 31.9915 15.4437 8.3
      vertex 32.2322 15.2326 8.2999
    endloop
  endfacet
  facet normal 0.65941 0.751784 0
    outer loop
      vertex 31.9915 15.4437 8.3
      vertex 32.2324 15.2324 1.2207e-05
      vertex 31.9915 15.4437 1.2207e-05
    endloop
  endfacet
  facet normal -0.980796 -0.195036 0
    outer loop
      vertex -32.8665 -14.1341 1.2207e-05
      vertex -32.929 -13.8198 1.00001
      vertex -32.929 -13.8198 1.2207e-05
    endloop
  endfacet
  facet normal -0.980796 -0.195036 0
    outer loop
      vertex -32.929 -13.8198 1.00001
      vertex -32.8665 -14.1341 1.2207e-05
      vertex -32.8665 -14.1341 1.00001
    endloop
  endfacet
  facet normal 0 -0 0
    outer loop
      vertex 32.4437 14.9915 8.29999
      vertex 32.4437 14.9915 1.2207e-05
      vertex 32.4437 14.9915 8.3
    endloop
  endfacet
  facet normal 0.831426 0.555636 0
    outer loop
      vertex 32.6218 14.725 8.3
      vertex 32.4437 14.9915 1.2207e-05
      vertex 32.4437 14.9915 8.29999
    endloop
  endfacet
  facet normal 0.831426 0.555636 0
    outer loop
      vertex 32.4437 14.9915 1.2207e-05
      vertex 32.6218 14.725 8.3
      vertex 32.6218 14.725 1.2207e-05
    endloop
  endfacet
  facet normal -1 0 0
    outer loop
      vertex -32.95 12.6 1.2207e-05
      vertex -32.95 13.5 1.00001
      vertex -32.95 13.5 1.2207e-05
    endloop
  endfacet
  facet normal -1 0 0
    outer loop
      vertex -32.95 12.6 1.2207e-05
      vertex -32.95 12.6 1.00001
      vertex -32.95 13.5 1.00001
    endloop
  endfacet
  facet normal -1 0 0
    outer loop
      vertex -32.95 12.15 0.450009
      vertex -32.95 12.6 1.2207e-05
      vertex -32.95 12.5413 0.00385742
    endloop
  endfacet
  facet normal -1 0 0
    outer loop
      vertex -32.95 12.6 1.2207e-05
      vertex -32.95 12.15 0.450009
      vertex -32.95 12.6 1.00001
    endloop
  endfacet
  facet normal -1 0 0
    outer loop
      vertex -32.95 12.15 0.450009
      vertex -32.95 12.5413 0.00385742
      vertex -32.95 12.4835 0.0153473
    endloop
  endfacet
  facet normal -1 0 0
    outer loop
      vertex -32.95 12.15 0.550015
      vertex -32.95 12.6 1.00001
      vertex -32.95 12.15 0.450009
    endloop
  endfacet
  facet normal -1 0 0
    outer loop
      vertex -32.95 12.15 0.450009
      vertex -32.95 12.4835 0.0153473
      vertex -32.95 12.4278 0.0342682
    endloop
  endfacet
  facet normal -1 0 0
    outer loop
      vertex -32.95 12.6 1.00001
      vertex -32.95 12.15 0.550015
      vertex -32.95 12.5413 0.996167
    endloop
  endfacet
  facet normal -1 0 0
    outer loop
      vertex -32.95 12.15 0.450009
      vertex -32.95 12.4278 0.0342682
      vertex -32.95 12.375 0.0602997
    endloop
  endfacet
  facet normal -1 0 0
    outer loop
      vertex -32.95 12.5413 0.996167
      vertex -32.95 12.15 0.550015
      vertex -32.95 12.4835 0.984677
    endloop
  endfacet
  facet normal -1 0 0
    outer loop
      vertex -32.95 12.15 0.450009
      vertex -32.95 12.375 0.0602997
      vertex -32.95 12.326 0.0929993
    endloop
  endfacet
  facet normal -1 0 0
    outer loop
      vertex -32.95 12.4835 0.984677
      vertex -32.95 12.15 0.550015
      vertex -32.95 12.4278 0.965756
    endloop
  endfacet
  facet normal -1 0 0
    outer loop
      vertex -32.95 12.15 0.450009
      vertex -32.95 12.326 0.0929993
      vertex -32.95 12.2818 0.131818
    endloop
  endfacet
  facet normal -1 0 0
    outer loop
      vertex -32.95 12.4278 0.965756
      vertex -32.95 12.15 0.550015
      vertex -32.95 12.375 0.939725
    endloop
  endfacet
  facet normal -1 0 0
    outer loop
      vertex -32.95 12.15 0.450009
      vertex -32.95 12.2818 0.131818
      vertex -32.95 12.243 0.176068
    endloop
  endfacet
  facet normal -1 0 0
    outer loop
      vertex -32.95 12.375 0.939725
      vertex -32.95 12.15 0.550015
      vertex -32.95 12.326 0.907025
    endloop
  endfacet
  facet normal -1 0 0
    outer loop
      vertex -32.95 12.15 0.450009
      vertex -32.95 12.243 0.176068
      vertex -32.95 12.2103 0.225003
    endloop
  endfacet
  facet normal -1 0 0
    outer loop
      vertex -32.95 12.326 0.907025
      vertex -32.95 12.15 0.550015
      vertex -32.95 12.2818 0.868207
    endloop
  endfacet
  facet normal -1 0 0
    outer loop
      vertex -32.95 12.15 0.450009
      vertex -32.95 12.2103 0.225003
      vertex -32.95 12.1842 0.277798
    endloop
  endfacet
  facet normal -1 0 0
    outer loop
      vertex -32.95 12.2818 0.868207
      vertex -32.95 12.15 0.550015
      vertex -32.95 12.243 0.823956
    endloop
  endfacet
  facet normal -1 0 0
    outer loop
      vertex -32.95 12.15 0.450009
      vertex -32.95 12.1842 0.277798
      vertex -32.95 12.1653 0.333539
    endloop
  endfacet
  facet normal -1 0 0
    outer loop
      vertex -32.95 12.243 0.823956
      vertex -32.95 12.15 0.550015
      vertex -32.95 12.2103 0.775021
    endloop
  endfacet
  facet normal -1 0 0
    outer loop
      vertex -32.95 12.15 0.450009
      vertex -32.95 12.1653 0.333539
      vertex -32.95 12.1538 0.391278
    endloop
  endfacet
  facet normal -1 0 0
    outer loop
      vertex -32.95 12.2103 0.775021
      vertex -32.95 12.15 0.550015
      vertex -32.95 12.1842 0.722226
    endloop
  endfacet
  facet normal -1 0 0
    outer loop
      vertex -32.95 12.1842 0.722226
      vertex -32.95 12.15 0.550015
      vertex -32.95 12.1653 0.666486
    endloop
  endfacet
  facet normal -1 0 0
    outer loop
      vertex -32.95 12.1653 0.666486
      vertex -32.95 12.15 0.550015
      vertex -32.95 12.1538 0.608746
    endloop
  endfacet
  facet normal -1 0 0
    outer loop
      vertex -32.95 -12.6 1.2207e-05
      vertex -32.95 -12.15 0.450009
      vertex -32.95 -12.1538 0.391278
    endloop
  endfacet
  facet normal -1 -0 0
    outer loop
      vertex -32.95 -12.15 0.450009
      vertex -32.95 -12.6 1.2207e-05
      vertex -32.95 -12.15 0.550015
    endloop
  endfacet
  facet normal -1 0 0
    outer loop
      vertex -32.95 -12.6 1.2207e-05
      vertex -32.95 -12.1538 0.391278
      vertex -32.95 -12.1653 0.333539
    endloop
  endfacet
  facet normal -1 0 0
    outer loop
      vertex -32.95 -12.6 1.00001
      vertex -32.95 -12.15 0.550015
      vertex -32.95 -12.6 1.2207e-05
    endloop
  endfacet
  facet normal -1 0 0
    outer loop
      vertex -32.95 -12.6 1.2207e-05
      vertex -32.95 -12.1653 0.333539
      vertex -32.95 -12.1842 0.277798
    endloop
  endfacet
  facet normal -1 0 0
    outer loop
      vertex -32.95 -12.15 0.550015
      vertex -32.95 -12.6 1.00001
      vertex -32.95 -12.1538 0.608746
    endloop
  endfacet
  facet normal -1 0 0
    outer loop
      vertex -32.95 -12.6 1.2207e-05
      vertex -32.95 -12.1842 0.277798
      vertex -32.95 -12.2103 0.225003
    endloop
  endfacet
  facet normal -1 0 0
    outer loop
      vertex -32.95 -12.1538 0.608746
      vertex -32.95 -12.6 1.00001
      vertex -32.95 -12.1653 0.666486
    endloop
  endfacet
  facet normal -1 0 0
    outer loop
      vertex -32.95 -12.6 1.2207e-05
      vertex -32.95 -12.2103 0.225003
      vertex -32.95 -12.243 0.176068
    endloop
  endfacet
  facet normal -1 0 0
    outer loop
      vertex -32.95 -12.1653 0.666486
      vertex -32.95 -12.6 1.00001
      vertex -32.95 -12.1842 0.722226
    endloop
  endfacet
  facet normal -1 0 0
    outer loop
      vertex -32.95 -12.6 1.2207e-05
      vertex -32.95 -12.243 0.176068
      vertex -32.95 -12.2818 0.131818
    endloop
  endfacet
  facet normal -1 0 0
    outer loop
      vertex -32.95 -12.1842 0.722226
      vertex -32.95 -12.6 1.00001
      vertex -32.95 -12.2103 0.775021
    endloop
  endfacet
  facet normal -1 0 0
    outer loop
      vertex -32.95 -12.6 1.2207e-05
      vertex -32.95 -12.2818 0.131818
      vertex -32.95 -12.326 0.0929993
    endloop
  endfacet
  facet normal -1 0 0
    outer loop
      vertex -32.95 -12.2103 0.775021
      vertex -32.95 -12.6 1.00001
      vertex -32.95 -12.243 0.823956
    endloop
  endfacet
  facet normal -1 0 0
    outer loop
      vertex -32.95 -12.6 1.2207e-05
      vertex -32.95 -12.326 0.0929993
      vertex -32.95 -12.375 0.0602997
    endloop
  endfacet
  facet normal -1 0 0
    outer loop
      vertex -32.95 -12.243 0.823956
      vertex -32.95 -12.6 1.00001
      vertex -32.95 -12.2818 0.868207
    endloop
  endfacet
  facet normal -1 0 0
    outer loop
      vertex -32.95 -12.6 1.2207e-05
      vertex -32.95 -12.375 0.0602997
      vertex -32.95 -12.4278 0.0342682
    endloop
  endfacet
  facet normal -1 0 0
    outer loop
      vertex -32.95 -12.2818 0.868207
      vertex -32.95 -12.6 1.00001
      vertex -32.95 -12.326 0.907025
    endloop
  endfacet
  facet normal -1 0 0
    outer loop
      vertex -32.95 -12.6 1.2207e-05
      vertex -32.95 -12.4278 0.0342682
      vertex -32.95 -12.4835 0.0153473
    endloop
  endfacet
  facet normal -1 0 0
    outer loop
      vertex -32.95 -12.326 0.907025
      vertex -32.95 -12.6 1.00001
      vertex -32.95 -12.375 0.939725
    endloop
  endfacet
  facet normal -1 0 0
    outer loop
      vertex -32.95 -12.6 1.2207e-05
      vertex -32.95 -12.4835 0.0153473
      vertex -32.95 -12.5413 0.00385742
    endloop
  endfacet
  facet normal -1 0 0
    outer loop
      vertex -32.95 -12.375 0.939725
      vertex -32.95 -12.6 1.00001
      vertex -32.95 -12.4278 0.965756
    endloop
  endfacet
  facet normal -1 0 0
    outer loop
      vertex -32.95 -12.4278 0.965756
      vertex -32.95 -12.6 1.00001
      vertex -32.95 -12.4835 0.984677
    endloop
  endfacet
  facet normal -1 0 0
    outer loop
      vertex -32.95 -12.4835 0.984677
      vertex -32.95 -12.6 1.00001
      vertex -32.95 -12.5413 0.996167
    endloop
  endfacet
  facet normal -1 0 0
    outer loop
      vertex -32.95 -13.5 1.2207e-05
      vertex -32.95 -12.6 1.00001
      vertex -32.95 -12.6 1.2207e-05
    endloop
  endfacet
  facet normal -1 -0 0
    outer loop
      vertex -32.95 -12.6 1.00001
      vertex -32.95 -13.5 1.2207e-05
      vertex -32.95 -13.5 1.00001
    endloop
  endfacet
  facet normal -0.0655249 0.997851 0
    outer loop
      vertex -30.5 15.95 1.2207e-05
      vertex -30.8198 15.929 8.3
      vertex -30.5 15.95 8.29996
    endloop
  endfacet
  facet normal -0.0655249 0.997851 0
    outer loop
      vertex -30.8198 15.929 8.3
      vertex -30.5 15.95 1.2207e-05
      vertex -30.8198 15.929 1.2207e-05
    endloop
  endfacet
  facet normal 0 1 -0
    outer loop
      vertex 30.5 15.95 1.2207e-05
      vertex -30.5 15.95 8.29996
      vertex 30.5 15.95 8.29996
    endloop
  endfacet
  facet normal 0 1 0
    outer loop
      vertex -30.5 15.95 8.29996
      vertex 30.5 15.95 1.2207e-05
      vertex -30.5 15.95 1.2207e-05
    endloop
  endfacet
  facet normal 0 -1 0
    outer loop
      vertex -30.5 -15.95 1.2207e-05
      vertex 30.5 -15.95 8.29996
      vertex -30.5 -15.95 8.29996
    endloop
  endfacet
  facet normal 0 -1 -0
    outer loop
      vertex 30.5 -15.95 8.29996
      vertex -30.5 -15.95 1.2207e-05
      vertex 30.5 -15.95 1.2207e-05
    endloop
  endfacet
  facet normal -0.195036 0.980796 0
    outer loop
      vertex -30.8198 15.929 8.3
      vertex -30.8198 15.929 1.2207e-05
      vertex -31.1341 15.8665 8.29998
    endloop
  endfacet
  facet normal -0.195036 0.980796 0
    outer loop
      vertex -31.1341 15.8665 1.2207e-05
      vertex -31.1341 15.8665 8.29998
      vertex -30.8198 15.929 1.2207e-05
    endloop
  endfacet
  facet normal 0 -0 0
    outer loop
      vertex -31.1341 15.8665 8.29998
      vertex -31.1341 15.8665 1.2207e-05
      vertex -31.1341 15.8665 8.29999
    endloop
  endfacet
  facet normal 0.0655249 -0.997851 0
    outer loop
      vertex 30.5 -15.95 1.2207e-05
      vertex 30.8198 -15.929 8.3
      vertex 30.5 -15.95 8.29996
    endloop
  endfacet
  facet normal 0.0655249 -0.997851 0
    outer loop
      vertex 30.8198 -15.929 8.3
      vertex 30.5 -15.95 1.2207e-05
      vertex 30.8198 -15.929 1.2207e-05
    endloop
  endfacet
  facet normal 0.555636 -0.831426 0
    outer loop
      vertex 31.9915 -15.4437 1.2207e-05
      vertex 31.9915 -15.4437 8.29999
      vertex 31.725 -15.6218 1.2207e-05
    endloop
  endfacet
  facet normal 0 -0 0
    outer loop
      vertex 31.9915 -15.4437 8.29999
      vertex 31.9915 -15.4437 1.2207e-05
      vertex 31.9915 -15.4437 8.3
    endloop
  endfacet
  facet normal 0.555636 -0.831426 0
    outer loop
      vertex 31.725 -15.6218 8.3
      vertex 31.725 -15.6218 1.2207e-05
      vertex 31.9915 -15.4437 8.29999
    endloop
  endfacet
  facet normal 0.195036 -0.980796 0
    outer loop
      vertex 31.1341 -15.8665 1.2207e-05
      vertex 31.1341 -15.8665 8.29998
      vertex 30.8198 -15.929 1.2207e-05
    endloop
  endfacet
  facet normal 0 -0 0
    outer loop
      vertex 31.1341 -15.8665 8.29998
      vertex 31.1341 -15.8665 1.2207e-05
      vertex 31.1341 -15.8665 8.29999
    endloop
  endfacet
  facet normal 0.195036 -0.980796 0
    outer loop
      vertex 30.8198 -15.929 8.3
      vertex 30.8198 -15.929 1.2207e-05
      vertex 31.1341 -15.8665 8.29998
    endloop
  endfacet
  facet normal -0.980796 0.195036 0
    outer loop
      vertex -32.929 13.8198 1.2207e-05
      vertex -32.8665 14.1341 1.00001
      vertex -32.8665 14.1341 1.2207e-05
    endloop
  endfacet
  facet normal -0.980796 0.195036 0
    outer loop
      vertex -32.8665 14.1341 1.00001
      vertex -32.929 13.8198 1.2207e-05
      vertex -32.929 13.8198 1.00001
    endloop
  endfacet
  facet normal -0.195036 -0.980796 0
    outer loop
      vertex -31.1341 -15.8665 1.2207e-05
      vertex -30.8198 -15.929 8.3
      vertex -31.1341 -15.8665 8.29998
    endloop
  endfacet
  facet normal -0.195036 -0.980796 -0
    outer loop
      vertex -30.8198 -15.929 8.3
      vertex -31.1341 -15.8665 1.2207e-05
      vertex -30.8198 -15.929 1.2207e-05
    endloop
  endfacet
  facet normal 0 0 0
    outer loop
      vertex -31.1341 -15.8665 8.29999
      vertex -31.1341 -15.8665 1.2207e-05
      vertex -31.1341 -15.8665 8.29998
    endloop
  endfacet
  facet normal -0.0655249 -0.997851 0
    outer loop
      vertex -30.8198 -15.929 1.2207e-05
      vertex -30.5 -15.95 8.29996
      vertex -30.8198 -15.929 8.3
    endloop
  endfacet
  facet normal -0.0655249 -0.997851 -0
    outer loop
      vertex -30.5 -15.95 8.29996
      vertex -30.8198 -15.929 1.2207e-05
      vertex -30.5 -15.95 1.2207e-05
    endloop
  endfacet
  facet normal -0.831426 -0.555636 0
    outer loop
      vertex -32.6218 -14.725 1.2207e-05
      vertex -32.4437 -14.9915 8.29999
      vertex -32.6218 -14.725 8.3
    endloop
  endfacet
  facet normal -0.831426 -0.555636 0
    outer loop
      vertex -32.4437 -14.9915 1.2207e-05
      vertex -32.4437 -14.9915 8.29999
      vertex -32.6218 -14.725 1.2207e-05
    endloop
  endfacet
  facet normal 0 -0 0
    outer loop
      vertex -32.4437 -14.9915 8.29999
      vertex -32.4437 -14.9915 1.2207e-05
      vertex -32.4437 -14.9915 8.3
    endloop
  endfacet
  facet normal -0.659367 -0.751822 -2.22786e-06
    outer loop
      vertex -32.2324 -15.2324 1.2207e-05
      vertex -31.9915 -15.4437 8.3
      vertex -32.2322 -15.2326 8.2999
    endloop
  endfacet
  facet normal -0.65941 -0.751784 -0
    outer loop
      vertex -31.9915 -15.4437 8.3
      vertex -32.2324 -15.2324 1.2207e-05
      vertex -31.9915 -15.4437 1.2207e-05
    endloop
  endfacet
  facet normal -0.707107 -0.707107 -0
    outer loop
      vertex -32.2324 -15.2324 8.2999
      vertex -32.2324 -15.2324 1.2207e-05
      vertex -32.2322 -15.2326 8.2999
    endloop
  endfacet
  facet normal -0.321371 -0.946953 0
    outer loop
      vertex -31.4376 -15.7635 1.2207e-05
      vertex -31.1341 -15.8665 8.29999
      vertex -31.4376 -15.7635 8.3
    endloop
  endfacet
  facet normal -0.321371 -0.946953 0
    outer loop
      vertex -31.1341 -15.8665 1.2207e-05
      vertex -31.1341 -15.8665 8.29999
      vertex -31.4376 -15.7635 1.2207e-05
    endloop
  endfacet
  facet normal -0.751822 -0.659367 0
    outer loop
      vertex -32.4437 -14.9915 1.2207e-05
      vertex -32.2326 -15.2322 8.2999
      vertex -32.4437 -14.9915 8.3
    endloop
  endfacet
  facet normal -0.751784 -0.65941 -2.2259e-06
    outer loop
      vertex -32.2324 -15.2324 1.2207e-05
      vertex -32.2326 -15.2322 8.2999
      vertex -32.4437 -14.9915 1.2207e-05
    endloop
  endfacet
  facet normal -0.707107 -0.707107 0
    outer loop
      vertex -32.2326 -15.2322 8.2999
      vertex -32.2324 -15.2324 1.2207e-05
      vertex -32.2324 -15.2324 8.2999
    endloop
  endfacet
  facet normal -0.997851 -0.0655249 0
    outer loop
      vertex -32.929 -13.8198 1.2207e-05
      vertex -32.95 -13.5 1.00001
      vertex -32.95 -13.5 1.2207e-05
    endloop
  endfacet
  facet normal -0.997851 -0.0655249 0
    outer loop
      vertex -32.95 -13.5 1.00001
      vertex -32.929 -13.8198 1.2207e-05
      vertex -32.929 -13.8198 1.00001
    endloop
  endfacet
  facet normal 0.321371 -0.946953 0
    outer loop
      vertex 31.1341 -15.8665 1.2207e-05
      vertex 31.4376 -15.7635 8.3
      vertex 31.1341 -15.8665 8.29999
    endloop
  endfacet
  facet normal 0.321371 -0.946953 0
    outer loop
      vertex 31.4376 -15.7635 8.3
      vertex 31.1341 -15.8665 1.2207e-05
      vertex 31.4376 -15.7635 1.2207e-05
    endloop
  endfacet
  facet normal -0.555636 -0.831426 0
    outer loop
      vertex -31.9915 -15.4437 1.2207e-05
      vertex -31.725 -15.6218 8.3
      vertex -31.9915 -15.4437 8.29999
    endloop
  endfacet
  facet normal -0.555636 -0.831426 -0
    outer loop
      vertex -31.725 -15.6218 8.3
      vertex -31.9915 -15.4437 1.2207e-05
      vertex -31.725 -15.6218 1.2207e-05
    endloop
  endfacet
  facet normal 0 0 0
    outer loop
      vertex -31.9915 -15.4437 8.3
      vertex -31.9915 -15.4437 1.2207e-05
      vertex -31.9915 -15.4437 8.29999
    endloop
  endfacet
  facet normal -0.321371 0.946953 0
    outer loop
      vertex -31.1341 15.8665 1.2207e-05
      vertex -31.4376 15.7635 8.3
      vertex -31.1341 15.8665 8.29999
    endloop
  endfacet
  facet normal -0.321371 0.946953 0
    outer loop
      vertex -31.4376 15.7635 8.3
      vertex -31.1341 15.8665 1.2207e-05
      vertex -31.4376 15.7635 1.2207e-05
    endloop
  endfacet
  facet normal -0.946406 0.32298 0
    outer loop
      vertex -32.7635 14.4376 1.2207e-05
      vertex -32.7678 14.425 1.06033
      vertex -32.7635 14.4376 1.0687
    endloop
  endfacet
  facet normal -0.947236 0.320536 -3.24031e-05
    outer loop
      vertex -32.7635 14.4376 1.2207e-05
      vertex -32.7857 14.3721 1.03424
      vertex -32.7678 14.425 1.06033
    endloop
  endfacet
  facet normal -0.9468 0.321824 5.85104e-05
    outer loop
      vertex -32.7635 14.4376 1.2207e-05
      vertex -32.8046 14.3165 1.01536
      vertex -32.7857 14.3721 1.03424
    endloop
  endfacet
  facet normal -0.94703 0.321145 -3.18397e-05
    outer loop
      vertex -32.7635 14.4376 1.2207e-05
      vertex -32.8242 14.2587 1.00384
      vertex -32.8046 14.3165 1.01536
    endloop
  endfacet
  facet normal -0.946953 0.321371 1.32099e-05
    outer loop
      vertex -32.8665 14.1341 1.2207e-05
      vertex -32.8242 14.2587 1.00384
      vertex -32.7635 14.4376 1.2207e-05
    endloop
  endfacet
  facet normal -0.947059 0.321061 5.62264e-05
    outer loop
      vertex -32.8242 14.2587 1.00384
      vertex -32.8665 14.1341 1.2207e-05
      vertex -32.8441 14.2 1.00001
    endloop
  endfacet
  facet normal -0.946799 0.321825 0
    outer loop
      vertex -32.8441 14.2 1.00001
      vertex -32.8665 14.1341 1.2207e-05
      vertex -32.8665 14.1341 1.00001
    endloop
  endfacet
  facet normal 0 0 0
    outer loop
      vertex 31.9915 15.4437 8.3
      vertex 31.9915 15.4437 1.2207e-05
      vertex 31.9915 15.4437 8.29999
    endloop
  endfacet
  facet normal 0.555636 0.831426 -0
    outer loop
      vertex 31.9915 15.4437 1.2207e-05
      vertex 31.725 15.6218 8.3
      vertex 31.9915 15.4437 8.29999
    endloop
  endfacet
  facet normal 0.555636 0.831426 0
    outer loop
      vertex 31.725 15.6218 8.3
      vertex 31.9915 15.4437 1.2207e-05
      vertex 31.725 15.6218 1.2207e-05
    endloop
  endfacet
  facet normal 0 0 0
    outer loop
      vertex -32.4437 14.9915 1.2207e-05
      vertex -32.4437 14.9915 8.29999
      vertex -32.4437 14.9915 8.3
    endloop
  endfacet
  facet normal -0.831426 0.555636 0
    outer loop
      vertex -32.6218 14.725 1.2207e-05
      vertex -32.4437 14.9915 8.29999
      vertex -32.4437 14.9915 1.2207e-05
    endloop
  endfacet
  facet normal -0.831426 0.555636 0
    outer loop
      vertex -32.4437 14.9915 8.29999
      vertex -32.6218 14.725 1.2207e-05
      vertex -32.6218 14.725 8.3
    endloop
  endfacet
  facet normal -0.946799 -0.321825 0
    outer loop
      vertex -32.8665 -14.1341 1.2207e-05
      vertex -32.8441 -14.2 1.00001
      vertex -32.8665 -14.1341 1.00001
    endloop
  endfacet
  facet normal -0.947059 -0.321061 5.62264e-05
    outer loop
      vertex -32.8665 -14.1341 1.2207e-05
      vertex -32.8242 -14.2587 1.00384
      vertex -32.8441 -14.2 1.00001
    endloop
  endfacet
  facet normal -0.946953 -0.321371 1.32099e-05
    outer loop
      vertex -32.7635 -14.4376 1.2207e-05
      vertex -32.8242 -14.2587 1.00384
      vertex -32.8665 -14.1341 1.2207e-05
    endloop
  endfacet
  facet normal -0.94703 -0.321145 -3.18397e-05
    outer loop
      vertex -32.8242 -14.2587 1.00384
      vertex -32.7635 -14.4376 1.2207e-05
      vertex -32.8046 -14.3165 1.01536
    endloop
  endfacet
  facet normal -0.9468 -0.321824 5.85104e-05
    outer loop
      vertex -32.8046 -14.3165 1.01536
      vertex -32.7635 -14.4376 1.2207e-05
      vertex -32.7857 -14.3721 1.03424
    endloop
  endfacet
  facet normal -0.947236 -0.320536 -3.24031e-05
    outer loop
      vertex -32.7857 -14.3721 1.03424
      vertex -32.7635 -14.4376 1.2207e-05
      vertex -32.7678 -14.425 1.06033
    endloop
  endfacet
  facet normal -0.946406 -0.32298 0
    outer loop
      vertex -32.7678 -14.425 1.06033
      vertex -32.7635 -14.4376 1.2207e-05
      vertex -32.7635 -14.4376 1.0687
    endloop
  endfacet
  facet normal 0.997851 0.0655249 0
    outer loop
      vertex 32.95 13.5 8.29996
      vertex 32.929 13.8198 1.2207e-05
      vertex 32.929 13.8198 8.3
    endloop
  endfacet
  facet normal 0.997851 0.0655249 0
    outer loop
      vertex 32.929 13.8198 1.2207e-05
      vertex 32.95 13.5 8.29996
      vertex 32.95 13.5 1.2207e-05
    endloop
  endfacet
  facet normal 1 -0 0
    outer loop
      vertex 32.95 -13.5 8.29996
      vertex 32.95 13.5 1.2207e-05
      vertex 32.95 13.5 8.29996
    endloop
  endfacet
  facet normal 1 0 0
    outer loop
      vertex 32.95 13.5 1.2207e-05
      vertex 32.95 -13.5 8.29996
      vertex 32.95 -13.5 1.2207e-05
    endloop
  endfacet
  facet normal -0.707107 0.707107 0
    outer loop
      vertex -32.2324 15.2324 1.2207e-05
      vertex -32.2326 15.2322 8.2999
      vertex -32.2324 15.2324 8.2999
    endloop
  endfacet
  facet normal -0.751784 0.65941 -2.2259e-06
    outer loop
      vertex -32.4437 14.9915 1.2207e-05
      vertex -32.2326 15.2322 8.2999
      vertex -32.2324 15.2324 1.2207e-05
    endloop
  endfacet
  facet normal -0.751822 0.659367 0
    outer loop
      vertex -32.2326 15.2322 8.2999
      vertex -32.4437 14.9915 1.2207e-05
      vertex -32.4437 14.9915 8.3
    endloop
  endfacet
  facet normal 0.751822 -0.659367 0
    outer loop
      vertex 32.2326 -15.2322 8.2999
      vertex 32.4437 -14.9915 1.2207e-05
      vertex 32.4437 -14.9915 8.3
    endloop
  endfacet
  facet normal 0.707107 -0.707107 0
    outer loop
      vertex 32.2324 -15.2324 1.2207e-05
      vertex 32.2326 -15.2322 8.2999
      vertex 32.2324 -15.2324 8.2999
    endloop
  endfacet
  facet normal 0.751784 -0.65941 -2.2259e-06
    outer loop
      vertex 32.2326 -15.2322 8.2999
      vertex 32.2324 -15.2324 1.2207e-05
      vertex 32.4437 -14.9915 1.2207e-05
    endloop
  endfacet
  facet normal 0.321371 0.946953 -0
    outer loop
      vertex 31.4376 15.7635 1.2207e-05
      vertex 31.1341 15.8665 8.29999
      vertex 31.4376 15.7635 8.3
    endloop
  endfacet
  facet normal 0.321371 0.946953 -0
    outer loop
      vertex 31.1341 15.8665 1.2207e-05
      vertex 31.1341 15.8665 8.29999
      vertex 31.4376 15.7635 1.2207e-05
    endloop
  endfacet
  facet normal -0.555636 0.831426 0
    outer loop
      vertex -31.725 15.6218 8.3
      vertex -31.725 15.6218 1.2207e-05
      vertex -31.9915 15.4437 8.29999
    endloop
  endfacet
  facet normal -0.555636 0.831426 0
    outer loop
      vertex -31.9915 15.4437 1.2207e-05
      vertex -31.9915 15.4437 8.29999
      vertex -31.725 15.6218 1.2207e-05
    endloop
  endfacet
  facet normal 0 -0 0
    outer loop
      vertex -31.9915 15.4437 8.29999
      vertex -31.9915 15.4437 1.2207e-05
      vertex -31.9915 15.4437 8.3
    endloop
  endfacet
  facet normal 0.997851 -0.0655249 0
    outer loop
      vertex 32.929 -13.8198 8.3
      vertex 32.95 -13.5 1.2207e-05
      vertex 32.95 -13.5 8.29996
    endloop
  endfacet
  facet normal 0.997851 -0.0655249 0
    outer loop
      vertex 32.95 -13.5 1.2207e-05
      vertex 32.929 -13.8198 8.3
      vertex 32.929 -13.8198 1.2207e-05
    endloop
  endfacet
  facet normal -0.659367 0.751822 0
    outer loop
      vertex -31.9915 15.4437 1.2207e-05
      vertex -32.2322 15.2326 8.2999
      vertex -31.9915 15.4437 8.3
    endloop
  endfacet
  facet normal -0.65941 0.751784 -2.2259e-06
    outer loop
      vertex -32.2324 15.2324 1.2207e-05
      vertex -32.2322 15.2326 8.2999
      vertex -31.9915 15.4437 1.2207e-05
    endloop
  endfacet
  facet normal -0.707107 0.707107 0
    outer loop
      vertex -32.2322 15.2326 8.2999
      vertex -32.2324 15.2324 1.2207e-05
      vertex -32.2324 15.2324 8.2999
    endloop
  endfacet
  facet normal 0.831426 -0.555636 0
    outer loop
      vertex 32.4437 -14.9915 8.29999
      vertex 32.6218 -14.725 1.2207e-05
      vertex 32.6218 -14.725 8.3
    endloop
  endfacet
  facet normal 0 0 0
    outer loop
      vertex 32.4437 -14.9915 1.2207e-05
      vertex 32.4437 -14.9915 8.29999
      vertex 32.4437 -14.9915 8.3
    endloop
  endfacet
  facet normal 0.831426 -0.555636 0
    outer loop
      vertex 32.4437 -14.9915 8.29999
      vertex 32.4437 -14.9915 1.2207e-05
      vertex 32.6218 -14.725 1.2207e-05
    endloop
  endfacet
  facet normal 0.707107 0.707107 0
    outer loop
      vertex 32.2326 15.2322 8.2999
      vertex 32.2324 15.2324 1.2207e-05
      vertex 32.2324 15.2324 8.2999
    endloop
  endfacet
  facet normal 0.751822 0.659367 -2.22786e-06
    outer loop
      vertex 32.4437 14.9915 8.3
      vertex 32.2324 15.2324 1.2207e-05
      vertex 32.2326 15.2322 8.2999
    endloop
  endfacet
  facet normal 0.751784 0.65941 0
    outer loop
      vertex 32.2324 15.2324 1.2207e-05
      vertex 32.4437 14.9915 8.3
      vertex 32.4437 14.9915 1.2207e-05
    endloop
  endfacet
  facet normal 0 0 0
    outer loop
      vertex 31.1341 15.8665 8.29999
      vertex 31.1341 15.8665 1.2207e-05
      vertex 31.1341 15.8665 8.29998
    endloop
  endfacet
  facet normal 0.195036 0.980796 -0
    outer loop
      vertex 31.1341 15.8665 1.2207e-05
      vertex 30.8198 15.929 8.3
      vertex 31.1341 15.8665 8.29998
    endloop
  endfacet
  facet normal 0.195036 0.980796 0
    outer loop
      vertex 30.8198 15.929 8.3
      vertex 31.1341 15.8665 1.2207e-05
      vertex 30.8198 15.929 1.2207e-05
    endloop
  endfacet
  facet normal 0.980796 -0.195036 0
    outer loop
      vertex 32.8665 -14.1341 8.29998
      vertex 32.929 -13.8198 1.2207e-05
      vertex 32.929 -13.8198 8.3
    endloop
  endfacet
  facet normal 0 0 0
    outer loop
      vertex 32.8665 -14.1341 1.2207e-05
      vertex 32.8665 -14.1341 8.29998
      vertex 32.8665 -14.1341 8.29999
    endloop
  endfacet
  facet normal 0.980796 -0.195036 0
    outer loop
      vertex 32.8665 -14.1341 8.29998
      vertex 32.8665 -14.1341 1.2207e-05
      vertex 32.929 -13.8198 1.2207e-05
    endloop
  endfacet
  facet normal 0 -0 0
    outer loop
      vertex 32.8665 14.1341 8.29998
      vertex 32.8665 14.1341 1.2207e-05
      vertex 32.8665 14.1341 8.29999
    endloop
  endfacet
  facet normal 0.980796 0.195036 0
    outer loop
      vertex 32.929 13.8198 8.3
      vertex 32.8665 14.1341 1.2207e-05
      vertex 32.8665 14.1341 8.29998
    endloop
  endfacet
  facet normal 0.980796 0.195036 0
    outer loop
      vertex 32.8665 14.1341 1.2207e-05
      vertex 32.929 13.8198 8.3
      vertex 32.929 13.8198 1.2207e-05
    endloop
  endfacet
  facet normal 0.946953 0.321371 0
    outer loop
      vertex 32.8665 14.1341 8.29999
      vertex 32.7635 14.4376 1.2207e-05
      vertex 32.7635 14.4376 8.3
    endloop
  endfacet
  facet normal 0.946953 0.321371 0
    outer loop
      vertex 32.8665 14.1341 8.29999
      vertex 32.8665 14.1341 1.2207e-05
      vertex 32.7635 14.4376 1.2207e-05
    endloop
  endfacet
  facet normal 0.946953 -0.321371 0
    outer loop
      vertex 32.7635 -14.4376 8.3
      vertex 32.8665 -14.1341 1.2207e-05
      vertex 32.8665 -14.1341 8.29999
    endloop
  endfacet
  facet normal 0.946953 -0.321371 0
    outer loop
      vertex 32.8665 -14.1341 1.2207e-05
      vertex 32.7635 -14.4376 8.3
      vertex 32.7635 -14.4376 1.2207e-05
    endloop
  endfacet
  facet normal 0.659367 -0.751822 0
    outer loop
      vertex 31.9915 -15.4437 1.2207e-05
      vertex 32.2322 -15.2326 8.2999
      vertex 31.9915 -15.4437 8.3
    endloop
  endfacet
  facet normal 0.65941 -0.751784 -2.2259e-06
    outer loop
      vertex 32.2324 -15.2324 1.2207e-05
      vertex 32.2322 -15.2326 8.2999
      vertex 31.9915 -15.4437 1.2207e-05
    endloop
  endfacet
  facet normal 0.707107 -0.707107 0
    outer loop
      vertex 32.2322 -15.2326 8.2999
      vertex 32.2324 -15.2324 1.2207e-05
      vertex 32.2324 -15.2324 8.2999
    endloop
  endfacet
endsolid OpenSCAD_Model
